scenario_id,cycle_id,timestamp,node_id,flow_lpm,device_status,segment_1_label,segment_2_label,true_loss_1_percent,true_loss_2_percent
run_0000,0,2023-11-14T22:13:40.023952+00:00,node_1,8.51474,OK,normal,normal,0.0,0.0
run_0000,0,2023-11-14T22:13:40.076632+00:00,node_2,8.756244,OK,normal,normal,0.0,0.0
run_0000,0,2023-11-14T22:13:40.191319+00:00,node_3,8.837161,OK,normal,normal,0.0,0.0
run_0000,1,2023-11-14T22:13:59.828382+00:00,node_1,9.177977,OK,normal,normal,0.0,0.0
run_0000,1,2023-11-14T22:13:59.934178+00:00,node_2,8.921886,OK,normal,normal,0.0,0.0
run_0000,1,2023-11-14T22:13:59.613005+00:00,node_3,9.134145,OK,normal,normal,0.0,0.0
run_0000,2,2023-11-14T22:14:19.917253+00:00,node_1,8.734329,OK,normal,normal,0.0,0.0
run_0000,2,2023-11-14T22:14:19.892159+00:00,node_2,8.988204,OK,normal,normal,0.0,0.0
run_0000,2,2023-11-14T22:14:19.893748+00:00,node_3,8.812646,OK,normal,normal,0.0,0.0
run_0000,3,2023-11-14T22:14:40.424949+00:00,node_1,8.624761,OK,normal,normal,0.0,0.0
run_0000,3,2023-11-14T22:14:40.284471+00:00,node_2,8.30303,OK,normal,normal,0.0,0.0
run_0000,3,2023-11-14T22:14:40.353873+00:00,node_3,8.679599,OK,normal,normal,0.0,0.0
run_0000,4,2023-11-14T22:15:00.627521+00:00,node_1,8.579954,OK,normal,normal,0.0,0.0
run_0000,4,2023-11-14T22:15:00.487740+00:00,node_2,8.748074,OK,normal,normal,0.0,0.0
run_0000,4,2023-11-14T22:15:00.512336+00:00,node_3,8.73352,OK,normal,normal,0.0,0.0
run_0000,5,2023-11-14T22:15:20.171604+00:00,node_1,8.989856,OK,normal,normal,0,0
run_0000,5,2023-11-14T22:15:20.208487+00:00,node_2,8.742026,OK,normal,normal,0,0
run_0000,5,2023-11-14T22:15:20.144217+00:00,node_3,8.748186,OK,normal,normal,0,0
run_0000,6,2023-11-14T22:15:40.117649+00:00,node_1,8.884768,OK,normal,normal,0,0
run_0000,6,2023-11-14T22:15:39.939357+00:00,node_2,9.068061,OK,normal,normal,0,0
run_0000,6,2023-11-14T22:15:40.025779+00:00,node_3,9.207747,OK,normal,normal,0,0
run_0000,7,2023-11-14T22:16:00.539461+00:00,node_1,8.68247,OK,normal,normal,0,0
run_0000,7,2023-11-14T22:16:00.357234+00:00,node_2,8.970583,OK,normal,normal,0,0
run_0000,7,2023-11-14T22:16:00.278455+00:00,node_3,8.568787,OK,normal,normal,0,0
run_0000,8,2023-11-14T22:16:20.495141+00:00,node_1,9.02226,OK,normal,normal,0,0
run_0000,8,2023-11-14T22:16:20.380153+00:00,node_2,8.956238,OK,normal,normal,0,0
run_0000,8,2023-11-14T22:16:20.276230+00:00,node_3,8.759922,OK,normal,normal,0,0
run_0000,9,2023-11-14T22:16:40.548266+00:00,node_1,8.895164,OK,normal,normal,0,0
run_0000,9,2023-11-14T22:16:40.683450+00:00,node_2,8.677299,OK,normal,normal,0,0
run_0000,9,2023-11-14T22:16:40.808745+00:00,node_3,8.775472,OK,normal,normal,0,0
run_0000,10,2023-11-14T22:17:00.572946+00:00,node_1,9.552884,OK,normal,normal,0,0
run_0000,10,2023-11-14T22:17:00.412996+00:00,node_2,8.936947,OK,normal,normal,0,0
run_0000,10,2023-11-14T22:17:00.620114+00:00,node_3,8.942595,OK,normal,normal,0,0
run_0000,11,2023-11-14T22:17:20.755447+00:00,node_1,8.916235,OK,normal,normal,0,0
run_0000,11,2023-11-14T22:17:20.991231+00:00,node_2,9.049253,OK,normal,normal,0,0
run_0000,11,2023-11-14T22:17:20.947111+00:00,node_3,8.848382,OK,normal,normal,0,0
run_0000,12,2023-11-14T22:17:40.318714+00:00,node_1,10.622125,OK,normal,normal,0,0
run_0000,12,2023-11-14T22:17:40.385890+00:00,node_2,10.733571,OK,normal,normal,0,0
run_0000,12,2023-11-14T22:17:40.393474+00:00,node_3,10.745756,OK,normal,normal,0,0
run_0000,13,2023-11-14T22:18:00.775271+00:00,node_1,10.811396,OK,normal,normal,0,0
run_0000,13,2023-11-14T22:18:00.923244+00:00,node_2,11.073324,OK,normal,normal,0,0
run_0000,13,2023-11-14T22:18:00.694415+00:00,node_3,11.326103,OK,normal,normal,0,0
run_0000,14,2023-11-14T22:18:20.991201+00:00,node_1,10.792167,OK,normal,normal,0,0
run_0000,14,2023-11-14T22:18:20.898338+00:00,node_2,10.438979,OK,normal,normal,0,0
run_0000,14,2023-11-14T22:18:20.686425+00:00,node_3,10.739351,OK,normal,normal,0,0
run_0000,15,2023-11-14T22:18:40.897010+00:00,node_1,11.097154,OK,normal,normal,0,0
run_0000,15,2023-11-14T22:18:40.568692+00:00,node_2,11.060302,OK,normal,normal,0,0
run_0000,15,2023-11-14T22:18:40.896725+00:00,node_3,10.830491,OK,normal,normal,0,0
run_0000,16,2023-11-14T22:19:00.930766+00:00,node_1,11.086997,OK,normal,normal,0,0
run_0000,16,2023-11-14T22:19:00.954437+00:00,node_2,10.915172,OK,normal,normal,0,0
run_0000,16,2023-11-14T22:19:01.093194+00:00,node_3,10.545631,OK,normal,normal,0,0
run_0000,17,2023-11-14T22:19:21.112179+00:00,node_1,11.325805,OK,normal,normal,0,0
run_0000,17,2023-11-14T22:19:21.234896+00:00,node_2,10.8841,OK,normal,normal,0,0
run_0000,17,2023-11-14T22:19:21.023384+00:00,node_3,11.109863,OK,normal,normal,0,0
run_0000,18,2023-11-14T22:19:40.967537+00:00,node_1,10.975382,OK,normal,normal,0,0
run_0000,18,2023-11-14T22:19:40.882176+00:00,node_2,10.806919,OK,normal,normal,0,0
run_0000,18,2023-11-14T22:19:40.927531+00:00,node_3,10.932814,OK,normal,normal,0,0
run_0000,19,2023-11-14T22:20:00.891341+00:00,node_1,11.055738,OK,normal,normal,0,0
run_0000,19,2023-11-14T22:20:01.225112+00:00,node_2,10.729746,OK,normal,normal,0,0
run_0000,19,2023-11-14T22:20:01.206798+00:00,node_3,10.748455,OK,normal,normal,0,0
run_0000,20,2023-11-14T22:20:20.605325+00:00,node_1,11.227724,OK,normal,normal,0,0
run_0000,20,2023-11-14T22:20:20.748047+00:00,node_2,11.181536,OK,normal,normal,0,0
run_0000,20,2023-11-14T22:20:20.708698+00:00,node_3,11.241883,OK,normal,normal,0,0
run_0000,21,2023-11-14T22:20:40.786098+00:00,node_1,10.779359,OK,normal,normal,0,0
run_0000,21,2023-11-14T22:20:40.934135+00:00,node_2,10.637286,OK,normal,normal,0,0
run_0000,21,2023-11-14T22:20:41.038956+00:00,node_3,10.968189,OK,normal,normal,0,0
run_0000,22,2023-11-14T22:21:01.047065+00:00,node_1,10.91541,OK,normal,normal,0,0
run_0000,22,2023-11-14T22:21:00.985479+00:00,node_2,10.627296,OK,normal,normal,0,0
run_0000,22,2023-11-14T22:21:00.962101+00:00,node_3,11.252982,OK,normal,normal,0,0
run_0000,23,2023-11-14T22:21:20.944830+00:00,node_1,10.937819,OK,normal,normal,0,0
run_0000,23,2023-11-14T22:21:21.189447+00:00,node_2,10.996489,OK,normal,normal,0,0
run_0000,23,2023-11-14T22:21:21.065038+00:00,node_3,10.706966,OK,normal,normal,0,0
run_0000,24,2023-11-14T22:21:40.855925+00:00,node_1,11.474329,OK,normal,normal,0,0
run_0000,24,2023-11-14T22:21:40.679635+00:00,node_2,12.027124,OK,normal,normal,0,0
run_0000,24,2023-11-14T22:21:40.570878+00:00,node_3,11.8552,OK,normal,normal,0,0
run_0000,25,2023-11-14T22:22:00.800334+00:00,node_1,12.101098,OK,normal,normal,0,0
run_0000,25,2023-11-14T22:22:00.588214+00:00,node_2,11.902922,OK,normal,normal,0,0
run_0000,25,2023-11-14T22:22:00.575414+00:00,node_3,12.391301,OK,normal,normal,0,0
run_0000,26,2023-11-14T22:22:21.059428+00:00,node_1,12.007939,OK,normal,normal,0,0
run_0000,26,2023-11-14T22:22:21.159549+00:00,node_2,12.056399,OK,normal,normal,0,0
run_0000,26,2023-11-14T22:22:21.003737+00:00,node_3,12.139405,OK,normal,normal,0,0
run_0000,27,2023-11-14T22:22:41.039492+00:00,node_1,11.931275,OK,normal,normal,0,0
run_0000,27,2023-11-14T22:22:40.868794+00:00,node_2,11.470341,OK,normal,normal,0,0
run_0000,27,2023-11-14T22:22:41.190133+00:00,node_3,11.961468,OK,normal,normal,0,0
run_0000,28,2023-11-14T22:23:00.739995+00:00,node_1,12.313551,OK,normal,normal,0,0
run_0000,28,2023-11-14T22:23:00.826025+00:00,node_2,11.954261,OK,normal,normal,0,0
run_0000,28,2023-11-14T22:23:00.568396+00:00,node_3,12.093771,OK,normal,normal,0,0
run_0000,29,2023-11-14T22:23:20.778995+00:00,node_1,11.79816,OK,normal,normal,0,0
run_0000,29,2023-11-14T22:23:20.627229+00:00,node_2,11.341901,OK,normal,normal,0,0
run_0000,29,2023-11-14T22:23:20.832002+00:00,node_3,11.844818,OK,normal,normal,0,0
run_0000,30,2023-11-14T22:23:40.456473+00:00,node_1,12.159531,OK,normal,normal,0,0
run_0000,30,2023-11-14T22:23:40.365492+00:00,node_2,11.708595,OK,normal,normal,0,0
run_0000,30,2023-11-14T22:23:40.519789+00:00,node_3,12.263574,OK,normal,normal,0,0
run_0000,31,2023-11-14T22:24:00.820500+00:00,node_1,12.014435,OK,normal,normal,0.0,0.0
run_0000,31,2023-11-14T22:24:01.087584+00:00,node_2,11.889749,OK,normal,normal,0.0,0.0
run_0000,31,2023-11-14T22:24:01.086946+00:00,node_3,12.528885,OK,normal,normal,0.0,0.0
run_0000,32,2023-11-14T22:24:20.912276+00:00,node_1,12.397108,OK,normal,normal,0.0,0.0
run_0000,32,2023-11-14T22:24:20.892450+00:00,node_2,11.401667,OK,normal,normal,0.0,0.0
run_0000,32,2023-11-14T22:24:20.633989+00:00,node_3,11.515475,OK,normal,normal,0.0,0.0
run_0000,33,2023-11-14T22:24:41.260115+00:00,node_1,12.323203,OK,normal,normal,0.0,0.0
run_0000,33,2023-11-14T22:24:40.927358+00:00,node_2,11.992049,OK,normal,normal,0.0,0.0
run_0000,33,2023-11-14T22:24:41.105833+00:00,node_3,12.03176,OK,normal,normal,0.0,0.0
run_0000,34,2023-11-14T22:25:00.783861+00:00,node_1,11.706219,OK,normal,normal,0.0,0.0
run_0000,34,2023-11-14T22:25:00.897835+00:00,node_2,11.740924,OK,normal,normal,0.0,0.0
run_0000,34,2023-11-14T22:25:01.064556+00:00,node_3,11.755415,OK,normal,normal,0.0,0.0
run_0000,35,2023-11-14T22:25:21.089977+00:00,node_1,12.154776,OK,normal,normal,0.0,0.0
run_0000,35,2023-11-14T22:25:21.234150+00:00,node_2,12.35505,OK,normal,normal,0.0,0.0
run_0000,35,2023-11-14T22:25:21.084087+00:00,node_3,11.982185,OK,normal,normal,0.0,0.0
run_0001,0,2023-11-14T22:37:40.440323+00:00,node_1,8.263943,OK,normal,normal,0.0,0.0
run_0001,0,2023-11-14T22:37:40.157463+00:00,node_2,8.285083,OK,normal,normal,0.0,0.0
run_0001,0,2023-11-14T22:37:40.229789+00:00,node_3,8.310045,OK,normal,normal,0.0,0.0
run_0001,1,2023-11-14T22:38:00.785240+00:00,node_1,8.037939,OK,normal,normal,0.0,0.0
run_0001,1,2023-11-14T22:38:00.466788+00:00,node_2,8.370678,OK,normal,normal,0.0,0.0
run_0001,1,2023-11-14T22:38:00.737717+00:00,node_3,8.451346,OK,normal,normal,0.0,0.0
run_0001,2,2023-11-14T22:38:20.794800+00:00,node_1,8.37853,OK,normal,normal,0.0,0.0
run_0001,2,2023-11-14T22:38:21.123461+00:00,node_2,8.533515,OK,normal,normal,0.0,0.0
run_0001,2,2023-11-14T22:38:21.057287+00:00,node_3,8.085125,OK,normal,normal,0.0,0.0
run_0001,3,2023-11-14T22:38:41.170985+00:00,node_1,8.460601,OK,normal,normal,0.0,0.0
run_0001,3,2023-11-14T22:38:41.383737+00:00,node_2,8.676393,OK,normal,normal,0.0,0.0
run_0001,3,2023-11-14T22:38:41.362411+00:00,node_3,8.264374,OK,normal,normal,0.0,0.0
run_0001,4,2023-11-14T22:39:01.200422+00:00,node_1,8.2504,OK,normal,normal,0.0,0.0
run_0001,4,2023-11-14T22:39:01.178190+00:00,node_2,8.386268,OK,normal,normal,0.0,0.0
run_0001,4,2023-11-14T22:39:01.035677+00:00,node_3,8.210172,OK,normal,normal,0.0,0.0
run_0001,5,2023-11-14T22:39:20.705174+00:00,node_1,8.218478,OK,normal,minor,0,5.096696996083399
run_0001,5,2023-11-14T22:39:21.041450+00:00,node_2,8.369268,OK,normal,minor,0,5.096696996083399
run_0001,5,2023-11-14T22:39:21.082464+00:00,node_3,8.015563,OK,normal,minor,0,5.096696996083399
run_0001,6,2023-11-14T22:39:40.911468+00:00,node_1,8.153087,OK,normal,minor,0,5.096696996083399
run_0001,6,2023-11-14T22:39:40.565145+00:00,node_2,7.886007,OK,normal,minor,0,5.096696996083399
run_0001,6,2023-11-14T22:39:40.907168+00:00,node_3,7.752239,OK,normal,minor,0,5.096696996083399
run_0001,7,2023-11-14T22:40:00.305223+00:00,node_1,8.336357,OK,normal,minor,0,5.096696996083399
run_0001,7,2023-11-14T22:40:00.387333+00:00,node_2,8.104001,OK,normal,minor,0,5.096696996083399
run_0001,7,2023-11-14T22:40:00.504346+00:00,node_3,8.017919,OK,normal,minor,0,5.096696996083399
run_0001,8,2023-11-14T22:40:20.372890+00:00,node_1,8.404504,OK,normal,minor,0,5.096696996083399
run_0001,8,2023-11-14T22:40:20.641231+00:00,node_2,8.24371,OK,normal,minor,0,5.096696996083399
run_0001,8,2023-11-14T22:40:20.486382+00:00,node_3,7.807386,OK,normal,minor,0,5.096696996083399
run_0001,9,2023-11-14T22:40:40.592233+00:00,node_1,8.069492,OK,normal,minor,0,5.096696996083399
run_0001,9,2023-11-14T22:40:40.578625+00:00,node_2,8.522572,OK,normal,minor,0,5.096696996083399
run_0001,9,2023-11-14T22:40:40.572111+00:00,node_3,7.966938,OK,normal,minor,0,5.096696996083399
run_0001,10,2023-11-14T22:41:00.848671+00:00,node_1,8.173772,OK,normal,minor,0,5.096696996083399
run_0001,10,2023-11-14T22:41:00.843219+00:00,node_2,8.154524,OK,normal,minor,0,5.096696996083399
run_0001,10,2023-11-14T22:41:00.775872+00:00,node_3,7.950044,OK,normal,minor,0,5.096696996083399
run_0001,11,2023-11-14T22:41:21.022437+00:00,node_1,8.312869,OK,normal,minor,0,5.096696996083399
run_0001,11,2023-11-14T22:41:20.880489+00:00,node_2,8.283148,OK,normal,minor,0,5.096696996083399
run_0001,11,2023-11-14T22:41:20.661477+00:00,node_3,7.862458,OK,normal,minor,0,5.096696996083399
run_0001,12,2023-11-14T22:41:40.676841+00:00,node_1,9.530664,OK,normal,minor,0,5.096696996083399
run_0001,12,2023-11-14T22:41:40.680120+00:00,node_2,9.522858,OK,normal,minor,0,5.096696996083399
run_0001,12,2023-11-14T22:41:40.851318+00:00,node_3,9.189902,OK,normal,minor,0,5.096696996083399
run_0001,13,2023-11-14T22:42:00.933846+00:00,node_1,9.826964,OK,normal,minor,0,5.096696996083399
run_0001,13,2023-11-14T22:42:01.055034+00:00,node_2,9.618789,OK,normal,minor,0,5.096696996083399
run_0001,13,2023-11-14T22:42:01.028120+00:00,node_3,9.105324,OK,normal,minor,0,5.096696996083399
run_0001,14,2023-11-14T22:42:20.875672+00:00,node_1,9.877347,OK,normal,minor,0,5.096696996083399
run_0001,14,2023-11-14T22:42:21.205796+00:00,node_2,9.738079,OK,normal,minor,0,5.096696996083399
run_0001,14,2023-11-14T22:42:20.895033+00:00,node_3,9.43302,OK,normal,minor,0,5.096696996083399
run_0001,15,2023-11-14T22:42:41.075996+00:00,node_1,9.623087,OK,normal,minor,0,5.096696996083399
run_0001,15,2023-11-14T22:42:41.059878+00:00,node_2,9.552616,OK,normal,minor,0,5.096696996083399
run_0001,15,2023-11-14T22:42:40.799672+00:00,node_3,9.196712,OK,normal,minor,0,5.096696996083399
run_0001,16,2023-11-14T22:43:01.168284+00:00,node_1,9.654991,OK,normal,minor,0,5.096696996083399
run_0001,16,2023-11-14T22:43:01.205409+00:00,node_2,9.947991,OK,normal,minor,0,5.096696996083399
run_0001,16,2023-11-14T22:43:01.018313+00:00,node_3,9.636062,OK,normal,minor,0,5.096696996083399
run_0001,17,2023-11-14T22:43:21.118151+00:00,node_1,9.605815,OK,normal,minor,0,5.096696996083399
run_0001,17,2023-11-14T22:43:21.035765+00:00,node_2,9.47593,OK,normal,minor,0,5.096696996083399
run_0001,17,2023-11-14T22:43:21.177600+00:00,node_3,8.775766,OK,normal,minor,0,5.096696996083399
run_0001,18,2023-11-14T22:43:41.312636+00:00,node_1,9.470206,OK,normal,minor,0,5.096696996083399
run_0001,18,2023-11-14T22:43:41.469609+00:00,node_2,9.769749,OK,normal,minor,0,5.096696996083399
run_0001,18,2023-11-14T22:43:41.408187+00:00,node_3,8.946821,OK,normal,minor,0,5.096696996083399
run_0001,19,2023-11-14T22:44:01.345530+00:00,node_1,9.886606,OK,normal,minor,0,5.096696996083399
run_0001,19,2023-11-14T22:44:01.341164+00:00,node_2,9.745364,OK,normal,minor,0,5.096696996083399
run_0001,19,2023-11-14T22:44:01.200304+00:00,node_3,8.992265,OK,normal,minor,0,5.096696996083399
run_0001,20,2023-11-14T22:44:20.880335+00:00,node_1,9.883086,OK,normal,minor,0,5.096696996083399
run_0001,20,2023-11-14T22:44:20.844956+00:00,node_2,9.611312,OK,normal,minor,0,5.096696996083399
run_0001,20,2023-11-14T22:44:21.030031+00:00,node_3,9.182314,OK,normal,minor,0,5.096696996083399
run_0001,21,2023-11-14T22:44:41.134631+00:00,node_1,9.87817,OK,normal,minor,0,5.096696996083399
run_0001,21,2023-11-14T22:44:41.085644+00:00,node_2,9.666174,OK,normal,minor,0,5.096696996083399
run_0001,21,2023-11-14T22:44:41.279522+00:00,node_3,9.334828,OK,normal,minor,0,5.096696996083399
run_0001,22,2023-11-14T22:45:01.291088+00:00,node_1,9.343703,OK,normal,minor,0,5.096696996083399
run_0001,22,2023-11-14T22:45:01.125554+00:00,node_2,9.669473,OK,normal,minor,0,5.096696996083399
run_0001,22,2023-11-14T22:45:01.286241+00:00,node_3,9.1935,OK,normal,minor,0,5.096696996083399
run_0001,23,2023-11-14T22:45:21.566615+00:00,node_1,9.74422,OK,normal,minor,0,5.096696996083399
run_0001,23,2023-11-14T22:45:21.355824+00:00,node_2,9.529622,OK,normal,minor,0,5.096696996083399
run_0001,23,2023-11-14T22:45:21.355378+00:00,node_3,9.202146,OK,normal,minor,0,5.096696996083399
run_0001,24,2023-11-14T22:45:41.378004+00:00,node_1,8.297536,OK,normal,minor,0,5.096696996083399
run_0001,24,2023-11-14T22:45:41.267329+00:00,node_2,8.165837,OK,normal,minor,0,5.096696996083399
run_0001,24,2023-11-14T22:45:41.465180+00:00,node_3,7.800685,OK,normal,minor,0,5.096696996083399
run_0001,25,2023-11-14T22:46:00.848692+00:00,node_1,8.203011,OK,normal,minor,0,5.096696996083399
run_0001,25,2023-11-14T22:46:01.022530+00:00,node_2,8.005141,OK,normal,minor,0,5.096696996083399
run_0001,25,2023-11-14T22:46:00.857965+00:00,node_3,7.574668,OK,normal,minor,0,5.096696996083399
run_0001,26,2023-11-14T22:46:21.045626+00:00,node_1,8.288911,OK,normal,minor,0,5.096696996083399
run_0001,26,2023-11-14T22:46:21.073904+00:00,node_2,7.936148,OK,normal,minor,0,5.096696996083399
run_0001,26,2023-11-14T22:46:20.842043+00:00,node_3,7.886361,OK,normal,minor,0,5.096696996083399
run_0001,27,2023-11-14T22:46:40.806622+00:00,node_1,8.234796,OK,normal,minor,0,5.096696996083399
run_0001,27,2023-11-14T22:46:40.719152+00:00,node_2,8.054997,OK,normal,minor,0,5.096696996083399
run_0001,27,2023-11-14T22:46:40.667361+00:00,node_3,7.949512,OK,normal,minor,0,5.096696996083399
run_0001,28,2023-11-14T22:47:00.618197+00:00,node_1,8.139934,OK,normal,minor,0,5.096696996083399
run_0001,28,2023-11-14T22:47:00.877829+00:00,node_2,8.2071,OK,normal,minor,0,5.096696996083399
run_0001,28,2023-11-14T22:47:00.835633+00:00,node_3,7.79868,OK,normal,minor,0,5.096696996083399
run_0001,29,2023-11-14T22:47:20.451533+00:00,node_1,7.841493,OK,normal,minor,0,5.096696996083399
run_0001,29,2023-11-14T22:47:20.430230+00:00,node_2,7.878562,OK,normal,minor,0,5.096696996083399
run_0001,29,2023-11-14T22:47:20.712137+00:00,node_3,7.507602,OK,normal,minor,0,5.096696996083399
run_0001,30,2023-11-14T22:47:40.880977+00:00,node_1,8.169641,OK,normal,minor,0,5.096696996083399
run_0001,30,2023-11-14T22:47:40.914855+00:00,node_2,7.950429,OK,normal,minor,0,5.096696996083399
run_0001,30,2023-11-14T22:47:41.042200+00:00,node_3,7.358119,OK,normal,minor,0,5.096696996083399
run_0001,31,2023-11-14T22:48:00.457751+00:00,node_1,7.893331,OK,normal,normal,0.0,0.0
run_0001,31,2023-11-14T22:48:00.657156+00:00,node_2,8.133918,OK,normal,normal,0.0,0.0
run_0001,31,2023-11-14T22:48:00.465413+00:00,node_3,7.767515,OK,normal,normal,0.0,0.0
run_0001,32,2023-11-14T22:48:20.975417+00:00,node_1,8.00001,OK,normal,normal,0.0,0.0
run_0001,32,2023-11-14T22:48:20.940559+00:00,node_2,7.998938,OK,normal,normal,0.0,0.0
run_0001,32,2023-11-14T22:48:21.143897+00:00,node_3,8.261746,OK,normal,normal,0.0,0.0
run_0001,33,2023-11-14T22:48:41.316165+00:00,node_1,8.514394,OK,normal,normal,0.0,0.0
run_0001,33,2023-11-14T22:48:41.236126+00:00,node_2,8.363258,OK,normal,normal,0.0,0.0
run_0001,33,2023-11-14T22:48:41.355449+00:00,node_3,8.003201,OK,normal,normal,0.0,0.0
run_0001,34,2023-11-14T22:49:01.649579+00:00,node_1,8.414071,OK,normal,normal,0.0,0.0
run_0001,34,2023-11-14T22:49:01.726721+00:00,node_2,7.934181,OK,normal,normal,0.0,0.0
run_0001,34,2023-11-14T22:49:01.541668+00:00,node_3,8.114457,OK,normal,normal,0.0,0.0
run_0001,35,2023-11-14T22:49:22.068333+00:00,node_1,8.087613,OK,normal,normal,0.0,0.0
run_0001,35,2023-11-14T22:49:21.959813+00:00,node_2,8.139717,OK,normal,normal,0.0,0.0
run_0001,35,2023-11-14T22:49:21.867276+00:00,node_3,8.304247,OK,normal,normal,0.0,0.0
run_0002,0,2023-11-14T23:01:39.782779+00:00,node_1,10.967288,OK,normal,normal,0.0,0.0
run_0002,0,2023-11-14T23:01:39.706516+00:00,node_2,11.845538,OK,normal,normal,0.0,0.0
run_0002,0,2023-11-14T23:01:39.960301+00:00,node_3,11.258526,OK,normal,normal,0.0,0.0
run_0002,1,2023-11-14T23:01:59.921494+00:00,node_1,10.800733,OK,normal,normal,0.0,0.0
run_0002,1,2023-11-14T23:01:59.700355+00:00,node_2,10.838612,OK,normal,normal,0.0,0.0
run_0002,1,2023-11-14T23:01:59.751772+00:00,node_3,11.183326,OK,normal,normal,0.0,0.0
run_0002,2,2023-11-14T23:02:20.005867+00:00,node_1,11.387863,OK,normal,normal,0.0,0.0
run_0002,2,2023-11-14T23:02:20.114937+00:00,node_2,10.972458,OK,normal,normal,0.0,0.0
run_0002,2,2023-11-14T23:02:19.948880+00:00,node_3,11.083031,OK,normal,normal,0.0,0.0
run_0002,3,2023-11-14T23:02:40.027109+00:00,node_1,11.301401,OK,normal,normal,0.0,0.0
run_0002,3,2023-11-14T23:02:40.193193+00:00,node_2,11.264449,OK,normal,normal,0.0,0.0
run_0002,3,2023-11-14T23:02:40.283723+00:00,node_3,11.255382,OK,normal,normal,0.0,0.0
run_0002,4,2023-11-14T23:03:00.016801+00:00,node_1,11.405146,OK,normal,normal,0.0,0.0
run_0002,4,2023-11-14T23:02:59.840166+00:00,node_2,11.515509,OK,normal,normal,0.0,0.0
run_0002,4,2023-11-14T23:02:59.767177+00:00,node_3,11.130122,OK,normal,normal,0.0,0.0
run_0002,5,2023-11-14T23:03:19.487920+00:00,node_1,11.283309,OK,normal,major,0,30.302996254493475
run_0002,5,2023-11-14T23:03:19.871979+00:00,node_2,11.06073,OK,normal,major,0,30.302996254493475
run_0002,5,2023-11-14T23:03:19.703604+00:00,node_3,7.7523,OK,normal,major,0,30.302996254493475
run_0002,6,2023-11-14T23:03:39.836546+00:00,node_1,11.546718,OK,normal,major,0,30.302996254493475
run_0002,6,2023-11-14T23:03:39.827954+00:00,node_2,11.521006,OK,normal,major,0,30.302996254493475
run_0002,6,2023-11-14T23:03:39.816382+00:00,node_3,7.68682,OK,normal,major,0,30.302996254493475
run_0002,7,2023-11-14T23:03:59.578778+00:00,node_1,11.444358,OK,normal,major,0,30.302996254493475
run_0002,7,2023-11-14T23:03:59.417319+00:00,node_2,11.466837,OK,normal,major,0,30.302996254493475
run_0002,7,2023-11-14T23:03:59.639464+00:00,node_3,7.725627,OK,normal,major,0,30.302996254493475
run_0002,8,2023-11-14T23:04:19.152107+00:00,node_1,11.41709,OK,normal,major,0,30.302996254493475
run_0002,8,2023-11-14T23:04:19.336350+00:00,node_2,11.389219,OK,normal,major,0,30.302996254493475
run_0002,8,2023-11-14T23:04:19.273100+00:00,node_3,7.803938,OK,normal,major,0,30.302996254493475
run_0002,9,2023-11-14T23:04:39.443372+00:00,node_1,11.418908,OK,normal,major,0,30.302996254493475
run_0002,9,2023-11-14T23:04:39.659178+00:00,node_2,10.8258,OK,normal,major,0,30.302996254493475
run_0002,9,2023-11-14T23:04:39.385318+00:00,node_3,7.892003,OK,normal,major,0,30.302996254493475
run_0002,10,2023-11-14T23:04:59.739024+00:00,node_1,10.830939,OK,normal,major,0,30.302996254493475
run_0002,10,2023-11-14T23:04:59.624159+00:00,node_2,11.194422,OK,normal,major,0,30.302996254493475
run_0002,10,2023-11-14T23:04:59.422810+00:00,node_3,7.825325,OK,normal,major,0,30.302996254493475
run_0002,11,2023-11-14T23:05:19.279240+00:00,node_1,11.149926,OK,normal,major,0,30.302996254493475
run_0002,11,2023-11-14T23:05:19.191629+00:00,node_2,11.080092,OK,normal,major,0,30.302996254493475
run_0002,11,2023-11-14T23:05:19.381821+00:00,node_3,7.70594,OK,normal,major,0,30.302996254493475
run_0002,12,2023-11-14T23:05:39.576560+00:00,node_1,9.308533,OK,normal,major,0,30.302996254493475
run_0002,12,2023-11-14T23:05:39.634896+00:00,node_2,9.595105,OK,normal,major,0,30.302996254493475
run_0002,12,2023-11-14T23:05:39.431484+00:00,node_3,6.641863,OK,normal,major,0,30.302996254493475
run_0002,13,2023-11-14T23:05:59.627731+00:00,node_1,9.350811,OK,normal,major,0,30.302996254493475
run_0002,13,2023-11-14T23:05:59.420123+00:00,node_2,9.877319,OK,normal,major,0,30.302996254493475
run_0002,13,2023-11-14T23:05:59.596662+00:00,node_3,6.800581,OK,normal,major,0,30.302996254493475
run_0002,14,2023-11-14T23:06:19.627915+00:00,node_1,9.860607,OK,normal,major,0,30.302996254493475
run_0002,14,2023-11-14T23:06:19.552633+00:00,node_2,9.697415,OK,normal,major,0,30.302996254493475
run_0002,14,2023-11-14T23:06:19.549962+00:00,node_3,6.50384,OK,normal,major,0,30.302996254493475
run_0002,15,2023-11-14T23:06:39.145726+00:00,node_1,9.883479,OK,normal,major,0,30.302996254493475
run_0002,15,2023-11-14T23:06:39.401562+00:00,node_2,9.912421,OK,normal,major,0,30.302996254493475
run_0002,15,2023-11-14T23:06:39.351181+00:00,node_3,6.922995,OK,normal,major,0,30.302996254493475
run_0002,16,2023-11-14T23:06:59.345869+00:00,node_1,9.753204,OK,normal,major,0,30.302996254493475
run_0002,16,2023-11-14T23:06:59.379464+00:00,node_2,10.069451,OK,normal,major,0,30.302996254493475
run_0002,16,2023-11-14T23:06:59.265157+00:00,node_3,7.015994,OK,normal,major,0,30.302996254493475
run_0002,17,2023-11-14T23:07:19.432296+00:00,node_1,9.739787,OK,normal,major,0,30.302996254493475
run_0002,17,2023-11-14T23:07:19.234661+00:00,node_2,9.731725,OK,normal,major,0,30.302996254493475
run_0002,17,2023-11-14T23:07:19.337348+00:00,node_3,6.722912,OK,normal,major,0,30.302996254493475
run_0002,18,2023-11-14T23:07:39.196732+00:00,node_1,9.375197,OK,normal,major,0,30.302996254493475
run_0002,18,2023-11-14T23:07:39.442888+00:00,node_2,9.737599,OK,normal,major,0,30.302996254493475
run_0002,18,2023-11-14T23:07:39.390237+00:00,node_3,6.674956,OK,normal,major,0,30.302996254493475
run_0002,19,2023-11-14T23:07:59.234198+00:00,node_1,9.767576,OK,normal,major,0,30.302996254493475
run_0002,19,2023-11-14T23:07:59.310726+00:00,node_2,9.995634,OK,normal,major,0,30.302996254493475
run_0002,19,2023-11-14T23:07:59.500136+00:00,node_3,6.7592,OK,normal,major,0,30.302996254493475
run_0002,20,2023-11-14T23:08:19.306049+00:00,node_1,9.657109,OK,normal,major,0,30.302996254493475
run_0002,20,2023-11-14T23:08:19.481180+00:00,node_2,9.578756,OK,normal,major,0,30.302996254493475
run_0002,20,2023-11-14T23:08:19.535012+00:00,node_3,6.952745,OK,normal,major,0,30.302996254493475
run_0002,21,2023-11-14T23:08:39.169109+00:00,node_1,9.504366,OK,normal,major,0,30.302996254493475
run_0002,21,2023-11-14T23:08:39.383122+00:00,node_2,9.687635,OK,normal,major,0,30.302996254493475
run_0002,21,2023-11-14T23:08:39.237411+00:00,node_3,6.663674,OK,normal,major,0,30.302996254493475
run_0002,22,2023-11-14T23:08:59.006201+00:00,node_1,10.020225,OK,normal,major,0,30.302996254493475
run_0002,22,2023-11-14T23:08:59.150473+00:00,node_2,10.404319,OK,normal,major,0,30.302996254493475
run_0002,22,2023-11-14T23:08:58.969880+00:00,node_3,7.085305,OK,normal,major,0,30.302996254493475
run_0002,23,2023-11-14T23:09:18.765915+00:00,node_1,9.603198,OK,normal,major,0,30.302996254493475
run_0002,23,2023-11-14T23:09:18.813163+00:00,node_2,9.728254,OK,normal,major,0,30.302996254493475
run_0002,23,2023-11-14T23:09:18.871372+00:00,node_3,6.837828,OK,normal,major,0,30.302996254493475
run_0002,24,2023-11-14T23:09:38.477555+00:00,node_1,10.361407,OK,normal,major,0,30.302996254493475
run_0002,24,2023-11-14T23:09:38.384757+00:00,node_2,10.432803,OK,normal,major,0,30.302996254493475
run_0002,24,2023-11-14T23:09:38.590261+00:00,node_3,6.82647,OK,normal,major,0,30.302996254493475
run_0002,25,2023-11-14T23:09:58.534432+00:00,node_1,10.123896,OK,normal,major,0,30.302996254493475
run_0002,25,2023-11-14T23:09:58.440987+00:00,node_2,10.27109,OK,normal,major,0,30.302996254493475
run_0002,25,2023-11-14T23:09:58.605773+00:00,node_3,7.253455,OK,normal,major,0,30.302996254493475
run_0002,26,2023-11-14T23:10:18.335974+00:00,node_1,10.40608,OK,normal,major,0,30.302996254493475
run_0002,26,2023-11-14T23:10:18.380063+00:00,node_2,10.042273,OK,normal,major,0,30.302996254493475
run_0002,26,2023-11-14T23:10:18.326636+00:00,node_3,7.063504,OK,normal,major,0,30.302996254493475
run_0002,27,2023-11-14T23:10:38.042272+00:00,node_1,9.880899,OK,normal,major,0,30.302996254493475
run_0002,27,2023-11-14T23:10:38.246729+00:00,node_2,10.225194,OK,normal,major,0,30.302996254493475
run_0002,27,2023-11-14T23:10:38.230938+00:00,node_3,7.030556,OK,normal,major,0,30.302996254493475
run_0002,28,2023-11-14T23:10:58.526273+00:00,node_1,10.286871,OK,normal,major,0,30.302996254493475
run_0002,28,2023-11-14T23:10:58.212782+00:00,node_2,10.409212,OK,normal,major,0,30.302996254493475
run_0002,28,2023-11-14T23:10:58.398890+00:00,node_3,7.023685,OK,normal,major,0,30.302996254493475
run_0002,29,2023-11-14T23:11:18.446240+00:00,node_1,9.934069,OK,normal,major,0,30.302996254493475
run_0002,29,2023-11-14T23:11:18.559096+00:00,node_2,10.100271,OK,normal,major,0,30.302996254493475
run_0002,29,2023-11-14T23:11:18.434109+00:00,node_3,7.122252,OK,normal,major,0,30.302996254493475
run_0002,30,2023-11-14T23:11:38.781625+00:00,node_1,10.385246,OK,normal,major,0,30.302996254493475
run_0002,30,2023-11-14T23:11:38.653878+00:00,node_2,10.112985,OK,normal,major,0,30.302996254493475
run_0002,30,2023-11-14T23:11:38.734649+00:00,node_3,7.302784,OK,normal,major,0,30.302996254493475
run_0002,31,2023-11-14T23:11:58.802480+00:00,node_1,10.039139,OK,normal,normal,0.0,0.0
run_0002,31,2023-11-14T23:11:59.024769+00:00,node_2,10.210689,OK,normal,normal,0.0,0.0
run_0002,31,2023-11-14T23:11:58.690176+00:00,node_3,9.870567,OK,normal,normal,0.0,0.0
run_0002,32,2023-11-14T23:12:18.729523+00:00,node_1,9.73117,OK,normal,normal,0.0,0.0
run_0002,32,2023-11-14T23:12:18.369930+00:00,node_2,10.144364,OK,normal,normal,0.0,0.0
run_0002,32,2023-11-14T23:12:18.584052+00:00,node_3,9.865332,OK,normal,normal,0.0,0.0
run_0002,33,2023-11-14T23:12:38.989985+00:00,node_1,10.178681,OK,normal,normal,0.0,0.0
run_0002,33,2023-11-14T23:12:38.745963+00:00,node_2,10.499906,OK,normal,normal,0.0,0.0
run_0002,33,2023-11-14T23:12:38.778552+00:00,node_3,10.1891,OK,normal,normal,0.0,0.0
run_0002,34,2023-11-14T23:12:58.662080+00:00,node_1,10.030364,OK,normal,normal,0.0,0.0
run_0002,34,2023-11-14T23:12:58.693408+00:00,node_2,10.204167,OK,normal,normal,0.0,0.0
run_0002,34,2023-11-14T23:12:58.592956+00:00,node_3,10.168801,OK,normal,normal,0.0,0.0
run_0002,35,2023-11-14T23:13:18.322196+00:00,node_1,10.126063,OK,normal,normal,0.0,0.0
run_0002,35,2023-11-14T23:13:18.141495+00:00,node_2,10.265518,OK,normal,normal,0.0,0.0
run_0002,35,2023-11-14T23:13:18.459589+00:00,node_3,10.358082,OK,normal,normal,0.0,0.0
run_0003,0,2023-11-14T23:25:39.970097+00:00,node_1,9.228781,OK,normal,normal,0.0,0.0
run_0003,0,2023-11-14T23:25:40.023935+00:00,node_2,9.428538,OK,normal,normal,0.0,0.0
run_0003,0,2023-11-14T23:25:40.063341+00:00,node_3,9.206925,OK,normal,normal,0.0,0.0
run_0003,1,2023-11-14T23:26:00.056899+00:00,node_1,9.242669,OK,normal,normal,0.0,0.0
run_0003,1,2023-11-14T23:25:59.923114+00:00,node_2,9.183988,OK,normal,normal,0.0,0.0
run_0003,1,2023-11-14T23:25:59.769614+00:00,node_3,9.773557,OK,normal,normal,0.0,0.0
run_0003,2,2023-11-14T23:26:19.732183+00:00,node_1,9.096838,OK,normal,normal,0.0,0.0
run_0003,2,2023-11-14T23:26:20.074227+00:00,node_2,9.188104,OK,normal,normal,0.0,0.0
run_0003,2,2023-11-14T23:26:19.827043+00:00,node_3,9.17565,OK,normal,normal,0.0,0.0
run_0003,3,2023-11-14T23:26:40.206300+00:00,node_1,9.26752,OK,normal,normal,0.0,0.0
run_0003,3,2023-11-14T23:26:40.240025+00:00,node_2,9.151288,OK,normal,normal,0.0,0.0
run_0003,3,2023-11-14T23:26:40.215326+00:00,node_3,9.113023,OK,normal,normal,0.0,0.0
run_0003,4,2023-11-14T23:27:00.480859+00:00,node_1,9.039845,OK,normal,normal,0.0,0.0
run_0003,4,2023-11-14T23:27:00.454153+00:00,node_2,9.236413,OK,normal,normal,0.0,0.0
run_0003,4,2023-11-14T23:27:00.515267+00:00,node_3,9.447449,OK,normal,normal,0.0,0.0
run_0003,5,2023-11-14T23:27:19.964686+00:00,node_1,9.689964,OK,minor,normal,9.417297836038143,0
run_0003,5,2023-11-14T23:27:20.283026+00:00,node_2,8.630893,OK,minor,normal,9.417297836038143,0
run_0003,5,2023-11-14T23:27:20.106771+00:00,node_3,8.600283,OK,minor,normal,9.417297836038143,0
run_0003,6,2023-11-14T23:27:40.555095+00:00,node_1,9.315563,OK,minor,normal,9.417297836038143,0
run_0003,6,2023-11-14T23:27:40.523843+00:00,node_2,8.227335,OK,minor,normal,9.417297836038143,0
run_0003,6,2023-11-14T23:27:40.360705+00:00,node_3,8.525002,OK,minor,normal,9.417297836038143,0
run_0003,7,2023-11-14T23:28:00.303955+00:00,node_1,9.428227,OK,minor,normal,9.417297836038143,0
run_0003,7,2023-11-14T23:28:00.309332+00:00,node_2,8.717666,OK,minor,normal,9.417297836038143,0
run_0003,7,2023-11-14T23:28:00.304263+00:00,node_3,8.287888,OK,minor,normal,9.417297836038143,0
run_0003,8,2023-11-14T23:28:20.166593+00:00,node_1,9.595058,OK,minor,normal,9.417297836038143,0
run_0003,8,2023-11-14T23:28:20.430157+00:00,node_2,8.268849,OK,minor,normal,9.417297836038143,0
run_0003,8,2023-11-14T23:28:20.429962+00:00,node_3,8.36362,OK,minor,normal,9.417297836038143,0
run_0003,9,2023-11-14T23:28:40.272012+00:00,node_1,9.079918,OK,minor,normal,9.417297836038143,0
run_0003,9,2023-11-14T23:28:40.582367+00:00,node_2,8.574518,OK,minor,normal,9.417297836038143,0
run_0003,9,2023-11-14T23:28:40.453236+00:00,node_3,8.564476,OK,minor,normal,9.417297836038143,0
run_0003,10,2023-11-14T23:29:00.890420+00:00,node_1,9.490548,OK,minor,normal,9.417297836038143,0
run_0003,10,2023-11-14T23:29:00.724197+00:00,node_2,8.638818,OK,minor,normal,9.417297836038143,0
run_0003,10,2023-11-14T23:29:00.616789+00:00,node_3,8.395381,OK,minor,normal,9.417297836038143,0
run_0003,11,2023-11-14T23:29:20.956764+00:00,node_1,9.601844,OK,minor,normal,9.417297836038143,0
run_0003,11,2023-11-14T23:29:21.099345+00:00,node_2,8.562085,OK,minor,normal,9.417297836038143,0
run_0003,11,2023-11-14T23:29:21.186082+00:00,node_3,8.388938,OK,minor,normal,9.417297836038143,0
run_0003,12,2023-11-14T23:29:41.174209+00:00,node_1,11.931955,OK,minor,normal,9.417297836038143,0
run_0003,12,2023-11-14T23:29:41.308138+00:00,node_2,10.531536,OK,minor,normal,9.417297836038143,0
run_0003,12,2023-11-14T23:29:41.275646+00:00,node_3,10.609065,OK,minor,normal,9.417297836038143,0
run_0003,13,2023-11-14T23:30:01.650970+00:00,node_1,11.934423,OK,minor,normal,9.417297836038143,0
run_0003,13,2023-11-14T23:30:01.513359+00:00,node_2,11.146108,OK,minor,normal,9.417297836038143,0
run_0003,13,2023-11-14T23:30:01.747889+00:00,node_3,10.55971,OK,minor,normal,9.417297836038143,0
run_0003,14,2023-11-14T23:30:21.668446+00:00,node_1,11.856433,OK,minor,normal,9.417297836038143,0
run_0003,14,2023-11-14T23:30:21.848403+00:00,node_2,10.784383,OK,minor,normal,9.417297836038143,0
run_0003,14,2023-11-14T23:30:21.691077+00:00,node_3,10.78998,OK,minor,normal,9.417297836038143,0
run_0003,15,2023-11-14T23:30:41.647948+00:00,node_1,11.534108,OK,minor,normal,9.417297836038143,0
run_0003,15,2023-11-14T23:30:41.689774+00:00,node_2,10.683331,OK,minor,normal,9.417297836038143,0
run_0003,15,2023-11-14T23:30:41.865236+00:00,node_3,10.437115,OK,minor,normal,9.417297836038143,0
run_0003,16,2023-11-14T23:31:01.380673+00:00,node_1,11.675169,OK,minor,normal,9.417297836038143,0
run_0003,16,2023-11-14T23:31:01.353314+00:00,node_2,10.826873,OK,minor,normal,9.417297836038143,0
run_0003,16,2023-11-14T23:31:01.654505+00:00,node_3,10.501975,OK,minor,normal,9.417297836038143,0
run_0003,17,2023-11-14T23:31:20.948558+00:00,node_1,11.749836,OK,minor,normal,9.417297836038143,0
run_0003,17,2023-11-14T23:31:21.160984+00:00,node_2,10.711753,OK,minor,normal,9.417297836038143,0
run_0003,17,2023-11-14T23:31:20.906873+00:00,node_3,10.789176,OK,minor,normal,9.417297836038143,0
run_0003,18,2023-11-14T23:31:40.637958+00:00,node_1,11.673774,OK,minor,normal,9.417297836038143,0
run_0003,18,2023-11-14T23:31:40.805137+00:00,node_2,10.735232,OK,minor,normal,9.417297836038143,0
run_0003,18,2023-11-14T23:31:40.718884+00:00,node_3,10.709904,OK,minor,normal,9.417297836038143,0
run_0003,19,2023-11-14T23:32:00.910277+00:00,node_1,11.78809,OK,minor,normal,9.417297836038143,0
run_0003,19,2023-11-14T23:32:01.083148+00:00,node_2,10.793708,OK,minor,normal,9.417297836038143,0
run_0003,19,2023-11-14T23:32:00.722328+00:00,node_3,10.703285,OK,minor,normal,9.417297836038143,0
run_0003,20,2023-11-14T23:32:21.114780+00:00,node_1,11.667081,OK,minor,normal,9.417297836038143,0
run_0003,20,2023-11-14T23:32:21.123156+00:00,node_2,10.811471,OK,minor,normal,9.417297836038143,0
run_0003,20,2023-11-14T23:32:21.092210+00:00,node_3,10.664741,OK,minor,normal,9.417297836038143,0
run_0003,21,2023-11-14T23:32:41.109838+00:00,node_1,11.730543,OK,minor,normal,9.417297836038143,0
run_0003,21,2023-11-14T23:32:41.106714+00:00,node_2,10.826535,OK,minor,normal,9.417297836038143,0
run_0003,21,2023-11-14T23:32:41.190448+00:00,node_3,10.659601,OK,minor,normal,9.417297836038143,0
run_0003,22,2023-11-14T23:33:01.584754+00:00,node_1,11.717925,OK,minor,normal,9.417297836038143,0
run_0003,22,2023-11-14T23:33:01.429073+00:00,node_2,10.417602,OK,minor,normal,9.417297836038143,0
run_0003,22,2023-11-14T23:33:01.226574+00:00,node_3,10.547222,OK,minor,normal,9.417297836038143,0
run_0003,23,2023-11-14T23:33:21.655911+00:00,node_1,11.609509,OK,minor,normal,9.417297836038143,0
run_0003,23,2023-11-14T23:33:21.528948+00:00,node_2,10.713489,OK,minor,normal,9.417297836038143,0
run_0003,23,2023-11-14T23:33:21.439723+00:00,node_3,10.538247,OK,minor,normal,9.417297836038143,0
run_0003,24,2023-11-14T23:33:41.390177+00:00,node_1,9.874196,OK,minor,normal,9.417297836038143,0
run_0003,24,2023-11-14T23:33:41.280527+00:00,node_2,8.797209,OK,minor,normal,9.417297836038143,0
run_0003,24,2023-11-14T23:33:41.588665+00:00,node_3,8.690553,OK,minor,normal,9.417297836038143,0
run_0003,25,2023-11-14T23:34:00.911803+00:00,node_1,9.790742,OK,minor,normal,9.417297836038143,0
run_0003,25,2023-11-14T23:34:01.095726+00:00,node_2,8.894524,OK,minor,normal,9.417297836038143,0
run_0003,25,2023-11-14T23:34:01.107764+00:00,node_3,8.546587,OK,minor,normal,9.417297836038143,0
run_0003,26,2023-11-14T23:34:21.063886+00:00,node_1,9.926416,OK,minor,normal,9.417297836038143,0
run_0003,26,2023-11-14T23:34:21.269684+00:00,node_2,8.74224,OK,minor,normal,9.417297836038143,0
run_0003,26,2023-11-14T23:34:21.210871+00:00,node_3,8.591241,OK,minor,normal,9.417297836038143,0
run_0003,27,2023-11-14T23:34:41.528333+00:00,node_1,9.700798,OK,minor,normal,9.417297836038143,0
run_0003,27,2023-11-14T23:34:41.386864+00:00,node_2,8.924683,OK,minor,normal,9.417297836038143,0
run_0003,27,2023-11-14T23:34:41.340453+00:00,node_3,9.070408,OK,minor,normal,9.417297836038143,0
run_0003,28,2023-11-14T23:35:01.803105+00:00,node_1,10.028982,OK,minor,normal,9.417297836038143,0
run_0003,28,2023-11-14T23:35:01.963283+00:00,node_2,8.963384,OK,minor,normal,9.417297836038143,0
run_0003,28,2023-11-14T23:35:01.900836+00:00,node_3,8.478321,OK,minor,normal,9.417297836038143,0
run_0003,29,2023-11-14T23:35:22.035957+00:00,node_1,9.809356,OK,minor,normal,9.417297836038143,0
run_0003,29,2023-11-14T23:35:21.736490+00:00,node_2,8.964832,OK,minor,normal,9.417297836038143,0
run_0003,29,2023-11-14T23:35:21.945403+00:00,node_3,8.728537,OK,minor,normal,9.417297836038143,0
run_0003,30,2023-11-14T23:35:41.859456+00:00,node_1,9.868152,OK,minor,normal,9.417297836038143,0
run_0003,30,2023-11-14T23:35:41.568261+00:00,node_2,8.737866,OK,minor,normal,9.417297836038143,0
run_0003,30,2023-11-14T23:35:41.764780+00:00,node_3,8.783366,OK,minor,normal,9.417297836038143,0
run_0003,31,2023-11-14T23:36:01.303970+00:00,node_1,9.715781,OK,normal,normal,0.0,0.0
run_0003,31,2023-11-14T23:36:01.424675+00:00,node_2,9.72841,OK,normal,normal,0.0,0.0
run_0003,31,2023-11-14T23:36:01.446771+00:00,node_3,9.938148,OK,normal,normal,0.0,0.0
run_0003,32,2023-11-14T23:36:21.253076+00:00,node_1,9.90331,OK,normal,normal,0.0,0.0
run_0003,32,2023-11-14T23:36:21.298953+00:00,node_2,9.631132,OK,normal,normal,0.0,0.0
run_0003,32,2023-11-14T23:36:21.454887+00:00,node_3,9.598774,OK,normal,normal,0.0,0.0
run_0003,33,2023-11-14T23:36:41.480618+00:00,node_1,9.863991,OK,normal,normal,0.0,0.0
run_0003,33,2023-11-14T23:36:41.291940+00:00,node_2,9.94295,OK,normal,normal,0.0,0.0
run_0003,33,2023-11-14T23:36:41.450036+00:00,node_3,9.871621,OK,normal,normal,0.0,0.0
run_0003,34,2023-11-14T23:37:01.326053+00:00,node_1,9.792367,OK,normal,normal,0.0,0.0
run_0003,34,2023-11-14T23:37:01.288515+00:00,node_2,9.80254,OK,normal,normal,0.0,0.0
run_0003,34,2023-11-14T23:37:01.252441+00:00,node_3,9.757124,OK,normal,normal,0.0,0.0
run_0003,35,2023-11-14T23:37:20.880827+00:00,node_1,10.026417,OK,normal,normal,0.0,0.0
run_0003,35,2023-11-14T23:37:21.029818+00:00,node_2,9.827279,OK,normal,normal,0.0,0.0
run_0003,35,2023-11-14T23:37:21.159204+00:00,node_3,9.656611,OK,normal,normal,0.0,0.0
run_0004,0,2023-11-14T23:49:39.645297+00:00,node_1,8.117725,OK,normal,normal,0.0,0.0
run_0004,0,2023-11-14T23:49:39.582071+00:00,node_2,8.068855,OK,normal,normal,0.0,0.0
run_0004,0,2023-11-14T23:49:39.461063+00:00,node_3,8.183834,OK,normal,normal,0.0,0.0
run_0004,1,2023-11-14T23:49:59.278929+00:00,node_1,8.380747,OK,normal,normal,0.0,0.0
run_0004,1,2023-11-14T23:49:59.066931+00:00,node_2,8.327251,OK,normal,normal,0.0,0.0
run_0004,1,2023-11-14T23:49:59.369472+00:00,node_3,7.827819,OK,normal,normal,0.0,0.0
run_0004,2,2023-11-14T23:50:18.984638+00:00,node_1,8.002559,OK,normal,normal,0.0,0.0
run_0004,2,2023-11-14T23:50:18.959559+00:00,node_2,8.079633,OK,normal,normal,0.0,0.0
run_0004,2,2023-11-14T23:50:18.893585+00:00,node_3,8.269249,OK,normal,normal,0.0,0.0
run_0004,3,2023-11-14T23:50:39.197087+00:00,node_1,8.352272,OK,normal,normal,0.0,0.0
run_0004,3,2023-11-14T23:50:39.162298+00:00,node_2,8.095652,OK,normal,normal,0.0,0.0
run_0004,3,2023-11-14T23:50:39.160733+00:00,node_3,8.46356,OK,normal,normal,0.0,0.0
run_0004,4,2023-11-14T23:50:58.864693+00:00,node_1,8.27976,OK,normal,normal,0.0,0.0
run_0004,4,2023-11-14T23:50:58.694592+00:00,node_2,8.235959,OK,normal,normal,0.0,0.0
run_0004,4,2023-11-14T23:50:58.932873+00:00,node_3,7.979651,OK,normal,normal,0.0,0.0
run_0004,5,2023-11-14T23:51:18.798589+00:00,node_1,7.896094,OK,minor,minor,5.720754965921579,13.617643620225884
run_0004,5,2023-11-14T23:51:18.873146+00:00,node_2,7.906765,OK,minor,minor,5.720754965921579,13.617643620225884
run_0004,5,2023-11-14T23:51:18.868836+00:00,node_3,6.597012,OK,minor,minor,5.720754965921579,13.617643620225884
run_0004,6,2023-11-14T23:51:38.937739+00:00,node_1,8.078487,OK,minor,minor,5.720754965921579,13.617643620225884
run_0004,6,2023-11-14T23:51:39.020294+00:00,node_2,7.582961,OK,minor,minor,5.720754965921579,13.617643620225884
run_0004,6,2023-11-14T23:51:38.932893+00:00,node_3,6.693903,OK,minor,minor,5.720754965921579,13.617643620225884
run_0004,7,2023-11-14T23:51:58.939050+00:00,node_1,8.310778,OK,minor,minor,5.720754965921579,13.617643620225884
run_0004,7,2023-11-14T23:51:59.261994+00:00,node_2,7.734618,OK,minor,minor,5.720754965921579,13.617643620225884
run_0004,7,2023-11-14T23:51:59.258411+00:00,node_3,6.607333,OK,minor,minor,5.720754965921579,13.617643620225884
run_0004,8,2023-11-14T23:52:19.230027+00:00,node_1,8.094399,OK,minor,minor,5.720754965921579,13.617643620225884
run_0004,8,2023-11-14T23:52:19.188194+00:00,node_2,7.748748,OK,minor,minor,5.720754965921579,13.617643620225884
run_0004,8,2023-11-14T23:52:19.332227+00:00,node_3,6.347769,OK,minor,minor,5.720754965921579,13.617643620225884
run_0004,9,2023-11-14T23:52:39.190115+00:00,node_1,8.30622,OK,minor,minor,5.720754965921579,13.617643620225884
run_0004,9,2023-11-14T23:52:39.489422+00:00,node_2,7.765917,OK,minor,minor,5.720754965921579,13.617643620225884
run_0004,9,2023-11-14T23:52:39.267146+00:00,node_3,6.672723,OK,minor,minor,5.720754965921579,13.617643620225884
run_0004,10,2023-11-14T23:52:59.400321+00:00,node_1,8.129455,OK,minor,minor,5.720754965921579,13.617643620225884
run_0004,10,2023-11-14T23:52:59.510323+00:00,node_2,7.5401,OK,minor,minor,5.720754965921579,13.617643620225884
run_0004,10,2023-11-14T23:52:59.364722+00:00,node_3,6.697596,OK,minor,minor,5.720754965921579,13.617643620225884
run_0004,11,2023-11-14T23:53:19.334852+00:00,node_1,8.320296,OK,minor,minor,5.720754965921579,13.617643620225884
run_0004,11,2023-11-14T23:53:19.458427+00:00,node_2,7.493935,OK,minor,minor,5.720754965921579,13.617643620225884
run_0004,11,2023-11-14T23:53:19.225870+00:00,node_3,6.527845,OK,minor,minor,5.720754965921579,13.617643620225884
run_0004,12,2023-11-14T23:53:39.137735+00:00,node_1,11.02822,OK,minor,minor,5.720754965921579,13.617643620225884
run_0004,12,2023-11-14T23:53:39.008455+00:00,node_2,10.455805,OK,minor,minor,5.720754965921579,13.617643620225884
run_0004,12,2023-11-14T23:53:39.108206+00:00,node_3,8.538623,OK,minor,minor,5.720754965921579,13.617643620225884
run_0004,13,2023-11-14T23:53:58.867644+00:00,node_1,11.071938,OK,minor,minor,5.720754965921579,13.617643620225884
run_0004,13,2023-11-14T23:53:58.963453+00:00,node_2,9.837436,OK,minor,minor,5.720754965921579,13.617643620225884
run_0004,13,2023-11-14T23:53:58.712085+00:00,node_3,8.822563,OK,minor,minor,5.720754965921579,13.617643620225884
run_0004,14,2023-11-14T23:54:18.757642+00:00,node_1,10.361864,OK,minor,minor,5.720754965921579,13.617643620225884
run_0004,14,2023-11-14T23:54:18.763762+00:00,node_2,10.319177,OK,minor,minor,5.720754965921579,13.617643620225884
run_0004,14,2023-11-14T23:54:18.700153+00:00,node_3,8.522985,OK,minor,minor,5.720754965921579,13.617643620225884
run_0004,15,2023-11-14T23:54:38.751455+00:00,node_1,10.7567,OK,minor,minor,5.720754965921579,13.617643620225884
run_0004,15,2023-11-14T23:54:38.985483+00:00,node_2,10.145843,OK,minor,minor,5.720754965921579,13.617643620225884
run_0004,15,2023-11-14T23:54:38.800924+00:00,node_3,8.819894,OK,minor,minor,5.720754965921579,13.617643620225884
run_0004,16,2023-11-14T23:54:58.725421+00:00,node_1,10.79457,OK,minor,minor,5.720754965921579,13.617643620225884
run_0004,16,2023-11-14T23:54:58.721698+00:00,node_2,10.428556,OK,minor,minor,5.720754965921579,13.617643620225884
run_0004,16,2023-11-14T23:54:58.741123+00:00,node_3,8.942695,OK,minor,minor,5.720754965921579,13.617643620225884
run_0004,17,2023-11-14T23:55:18.070268+00:00,node_1,10.971346,OK,minor,minor,5.720754965921579,13.617643620225884
run_0004,17,2023-11-14T23:55:18.350386+00:00,node_2,9.998625,OK,minor,minor,5.720754965921579,13.617643620225884
run_0004,17,2023-11-14T23:55:18.326287+00:00,node_3,8.7808,OK,minor,minor,5.720754965921579,13.617643620225884
run_0004,18,2023-11-14T23:55:38.429427+00:00,node_1,10.945025,OK,minor,minor,5.720754965921579,13.617643620225884
run_0004,18,2023-11-14T23:55:38.442763+00:00,node_2,10.09851,OK,minor,minor,5.720754965921579,13.617643620225884
run_0004,18,2023-11-14T23:55:38.379054+00:00,node_3,8.663137,OK,minor,minor,5.720754965921579,13.617643620225884
run_0004,19,2023-11-14T23:55:58.587699+00:00,node_1,10.726154,OK,minor,minor,5.720754965921579,13.617643620225884
run_0004,19,2023-11-14T23:55:58.797958+00:00,node_2,10.149043,OK,minor,minor,5.720754965921579,13.617643620225884
run_0004,19,2023-11-14T23:55:58.611049+00:00,node_3,8.512418,OK,minor,minor,5.720754965921579,13.617643620225884
run_0004,20,2023-11-14T23:56:18.934325+00:00,node_1,10.756581,OK,minor,minor,5.720754965921579,13.617643620225884
run_0004,20,2023-11-14T23:56:19.208124+00:00,node_2,10.013735,OK,minor,minor,5.720754965921579,13.617643620225884
run_0004,20,2023-11-14T23:56:19.148373+00:00,node_3,8.951481,OK,minor,minor,5.720754965921579,13.617643620225884
run_0004,21,2023-11-14T23:56:39.319095+00:00,node_1,10.867431,OK,minor,minor,5.720754965921579,13.617643620225884
run_0004,21,2023-11-14T23:56:39.103660+00:00,node_2,10.343213,OK,minor,minor,5.720754965921579,13.617643620225884
run_0004,21,2023-11-14T23:56:39.400981+00:00,node_3,8.617636,OK,minor,minor,5.720754965921579,13.617643620225884
run_0004,22,2023-11-14T23:56:59.452673+00:00,node_1,11.045419,OK,minor,minor,5.720754965921579,13.617643620225884
run_0004,22,2023-11-14T23:56:59.518546+00:00,node_2,10.20751,OK,minor,minor,5.720754965921579,13.617643620225884
run_0004,22,2023-11-14T23:56:59.722122+00:00,node_3,8.678584,OK,minor,minor,5.720754965921579,13.617643620225884
run_0004,23,2023-11-14T23:57:19.131855+00:00,node_1,10.720273,OK,minor,minor,5.720754965921579,13.617643620225884
run_0004,23,2023-11-14T23:57:19.215498+00:00,node_2,10.308308,OK,minor,minor,5.720754965921579,13.617643620225884
run_0004,23,2023-11-14T23:57:19.518997+00:00,node_3,8.775875,OK,minor,minor,5.720754965921579,13.617643620225884
run_0004,24,2023-11-14T23:57:39.281101+00:00,node_1,8.084522,OK,minor,minor,5.720754965921579,13.617643620225884
run_0004,24,2023-11-14T23:57:39.135869+00:00,node_2,7.794226,OK,minor,minor,5.720754965921579,13.617643620225884
run_0004,24,2023-11-14T23:57:39.353022+00:00,node_3,6.641922,OK,minor,minor,5.720754965921579,13.617643620225884
run_0004,25,2023-11-14T23:57:59.357415+00:00,node_1,8.368831,OK,minor,minor,5.720754965921579,13.617643620225884
run_0004,25,2023-11-14T23:57:59.280344+00:00,node_2,7.793807,OK,minor,minor,5.720754965921579,13.617643620225884
run_0004,25,2023-11-14T23:57:59.511960+00:00,node_3,6.678391,OK,minor,minor,5.720754965921579,13.617643620225884
run_0004,26,2023-11-14T23:58:19.261493+00:00,node_1,7.905818,OK,minor,minor,5.720754965921579,13.617643620225884
run_0004,26,2023-11-14T23:58:19.236118+00:00,node_2,7.633559,OK,minor,minor,5.720754965921579,13.617643620225884
run_0004,26,2023-11-14T23:58:19.384948+00:00,node_3,6.72728,OK,minor,minor,5.720754965921579,13.617643620225884
run_0004,27,2023-11-14T23:58:39.814196+00:00,node_1,8.105602,OK,minor,minor,5.720754965921579,13.617643620225884
run_0004,27,2023-11-14T23:58:39.658288+00:00,node_2,7.624834,OK,minor,minor,5.720754965921579,13.617643620225884
run_0004,27,2023-11-14T23:58:39.548913+00:00,node_3,6.590712,OK,minor,minor,5.720754965921579,13.617643620225884
run_0004,28,2023-11-14T23:58:59.263225+00:00,node_1,8.133457,OK,minor,minor,5.720754965921579,13.617643620225884
run_0004,28,2023-11-14T23:58:59.201245+00:00,node_2,7.409477,OK,minor,minor,5.720754965921579,13.617643620225884
run_0004,28,2023-11-14T23:58:59.556861+00:00,node_3,6.663019,OK,minor,minor,5.720754965921579,13.617643620225884
run_0004,29,2023-11-14T23:59:19.216475+00:00,node_1,8.011136,OK,minor,minor,5.720754965921579,13.617643620225884
run_0004,29,2023-11-14T23:59:19.009197+00:00,node_2,7.465266,OK,minor,minor,5.720754965921579,13.617643620225884
run_0004,29,2023-11-14T23:59:19.075411+00:00,node_3,6.526267,OK,minor,minor,5.720754965921579,13.617643620225884
run_0004,30,2023-11-14T23:59:39.521382+00:00,node_1,8.141878,OK,minor,minor,5.720754965921579,13.617643620225884
run_0004,30,2023-11-14T23:59:39.457277+00:00,node_2,7.534439,OK,minor,minor,5.720754965921579,13.617643620225884
run_0004,30,2023-11-14T23:59:39.514575+00:00,node_3,6.804844,OK,minor,minor,5.720754965921579,13.617643620225884
run_0004,31,2023-11-14T23:59:59.612529+00:00,node_1,8.146213,OK,normal,normal,0.0,0.0
run_0004,31,2023-11-14T23:59:59.705781+00:00,node_2,8.169881,OK,normal,normal,0.0,0.0
run_0004,31,2023-11-14T23:59:59.579973+00:00,node_3,8.03595,OK,normal,normal,0.0,0.0
run_0004,32,2023-11-15T00:00:19.575675+00:00,node_1,7.822335,OK,normal,normal,0.0,0.0
run_0004,32,2023-11-15T00:00:19.667812+00:00,node_2,8.094526,OK,normal,normal,0.0,0.0
run_0004,32,2023-11-15T00:00:19.567958+00:00,node_3,7.887756,OK,normal,normal,0.0,0.0
run_0004,33,2023-11-15T00:00:39.516164+00:00,node_1,8.347533,OK,normal,normal,0.0,0.0
run_0004,33,2023-11-15T00:00:39.411336+00:00,node_2,8.481037,OK,normal,normal,0.0,0.0
run_0004,33,2023-11-15T00:00:39.611327+00:00,node_3,8.258743,OK,normal,normal,0.0,0.0
run_0004,34,2023-11-15T00:00:59.409213+00:00,node_1,8.267121,OK,normal,normal,0.0,0.0
run_0004,34,2023-11-15T00:00:59.210101+00:00,node_2,8.033625,OK,normal,normal,0.0,0.0
run_0004,34,2023-11-15T00:00:59.418688+00:00,node_3,8.144533,OK,normal,normal,0.0,0.0
run_0004,35,2023-11-15T00:01:19.647029+00:00,node_1,8.060379,OK,normal,normal,0.0,0.0
run_0004,35,2023-11-15T00:01:19.627264+00:00,node_2,7.995341,OK,normal,normal,0.0,0.0
run_0004,35,2023-11-15T00:01:19.465250+00:00,node_3,8.189095,OK,normal,normal,0.0,0.0
run_0005,0,2023-11-15T00:13:39.779567+00:00,node_1,10.435596,OK,normal,normal,0.0,0.0
run_0005,0,2023-11-15T00:13:39.932875+00:00,node_2,10.109681,OK,normal,normal,0.0,0.0
run_0005,0,2023-11-15T00:13:39.797588+00:00,node_3,10.086043,OK,normal,normal,0.0,0.0
run_0005,1,2023-11-15T00:13:59.690114+00:00,node_1,10.112075,OK,normal,normal,0.0,0.0
run_0005,1,2023-11-15T00:13:59.670015+00:00,node_2,10.155535,OK,normal,normal,0.0,0.0
run_0005,1,2023-11-15T00:13:59.320870+00:00,node_3,10.742227,OK,normal,normal,0.0,0.0
run_0005,2,2023-11-15T00:14:19.672628+00:00,node_1,10.417058,OK,normal,normal,0.0,0.0
run_0005,2,2023-11-15T00:14:19.643893+00:00,node_2,10.241763,OK,normal,normal,0.0,0.0
run_0005,2,2023-11-15T00:14:19.713388+00:00,node_3,10.036061,OK,normal,normal,0.0,0.0
run_0005,3,2023-11-15T00:14:39.175234+00:00,node_1,10.454183,OK,normal,normal,0.0,0.0
run_0005,3,2023-11-15T00:14:39.270741+00:00,node_2,10.103097,OK,normal,normal,0.0,0.0
run_0005,3,2023-11-15T00:14:39.300327+00:00,node_3,10.412244,OK,normal,normal,0.0,0.0
run_0005,4,2023-11-15T00:14:59.617330+00:00,node_1,10.388895,OK,normal,normal,0.0,0.0
run_0005,4,2023-11-15T00:14:59.647586+00:00,node_2,9.933954,OK,normal,normal,0.0,0.0
run_0005,4,2023-11-15T00:14:59.487606+00:00,node_3,10.031185,OK,normal,normal,0.0,0.0
run_0005,5,2023-11-15T00:15:19.233315+00:00,node_1,9.967883,OK,minor,major,11.024532988302271,45.558531988497165
run_0005,5,2023-11-15T00:15:19.182636+00:00,node_2,8.94369,OK,minor,major,11.024532988302271,45.558531988497165
run_0005,5,2023-11-15T00:15:19.257030+00:00,node_3,4.879216,OK,minor,major,11.024532988302271,45.558531988497165
run_0005,6,2023-11-15T00:15:39.672092+00:00,node_1,10.624021,OK,minor,major,11.024532988302271,45.558531988497165
run_0005,6,2023-11-15T00:15:39.656430+00:00,node_2,9.307296,OK,minor,major,11.024532988302271,45.558531988497165
run_0005,6,2023-11-15T00:15:39.835084+00:00,node_3,5.031112,OK,minor,major,11.024532988302271,45.558531988497165
run_0005,7,2023-11-15T00:15:59.769910+00:00,node_1,10.452893,OK,minor,major,11.024532988302271,45.558531988497165
run_0005,7,2023-11-15T00:15:59.457677+00:00,node_2,9.077515,OK,minor,major,11.024532988302271,45.558531988497165
run_0005,7,2023-11-15T00:15:59.648570+00:00,node_3,5.031798,OK,minor,major,11.024532988302271,45.558531988497165
run_0005,8,2023-11-15T00:16:20.115696+00:00,node_1,10.009337,OK,minor,major,11.024532988302271,45.558531988497165
run_0005,8,2023-11-15T00:16:19.948269+00:00,node_2,8.920237,OK,minor,major,11.024532988302271,45.558531988497165
run_0005,8,2023-11-15T00:16:19.793312+00:00,node_3,4.804298,OK,minor,major,11.024532988302271,45.558531988497165
run_0005,9,2023-11-15T00:16:39.516065+00:00,node_1,10.558534,OK,minor,major,11.024532988302271,45.558531988497165
run_0005,9,2023-11-15T00:16:39.827016+00:00,node_2,8.97574,OK,minor,major,11.024532988302271,45.558531988497165
run_0005,9,2023-11-15T00:16:39.726210+00:00,node_3,4.912463,OK,minor,major,11.024532988302271,45.558531988497165
run_0005,10,2023-11-15T00:16:59.994948+00:00,node_1,10.347637,OK,minor,major,11.024532988302271,45.558531988497165
run_0005,10,2023-11-15T00:16:59.902776+00:00,node_2,9.076206,OK,minor,major,11.024532988302271,45.558531988497165
run_0005,10,2023-11-15T00:16:59.924445+00:00,node_3,4.813934,OK,minor,major,11.024532988302271,45.558531988497165
run_0005,11,2023-11-15T00:17:19.434100+00:00,node_1,10.24672,OK,minor,major,11.024532988302271,45.558531988497165
run_0005,11,2023-11-15T00:17:19.605294+00:00,node_2,9.084147,OK,minor,major,11.024532988302271,45.558531988497165
run_0005,11,2023-11-15T00:17:19.566216+00:00,node_3,4.869433,OK,minor,major,11.024532988302271,45.558531988497165
run_0005,12,2023-11-15T00:17:39.730231+00:00,node_1,8.777396,OK,minor,major,11.024532988302271,45.558531988497165
run_0005,12,2023-11-15T00:17:39.427152+00:00,node_2,7.914685,OK,minor,major,11.024532988302271,45.558531988497165
run_0005,12,2023-11-15T00:17:39.431808+00:00,node_3,4.255014,OK,minor,major,11.024532988302271,45.558531988497165
run_0005,13,2023-11-15T00:17:59.600436+00:00,node_1,8.584717,OK,minor,major,11.024532988302271,45.558531988497165
run_0005,13,2023-11-15T00:17:59.324316+00:00,node_2,8.007708,OK,minor,major,11.024532988302271,45.558531988497165
run_0005,13,2023-11-15T00:17:59.478097+00:00,node_3,4.103056,OK,minor,major,11.024532988302271,45.558531988497165
run_0005,14,2023-11-15T00:18:19.478138+00:00,node_1,8.895626,OK,minor,major,11.024532988302271,45.558531988497165
run_0005,14,2023-11-15T00:18:19.641390+00:00,node_2,7.720613,OK,minor,major,11.024532988302271,45.558531988497165
run_0005,14,2023-11-15T00:18:19.326425+00:00,node_3,4.22646,OK,minor,major,11.024532988302271,45.558531988497165
run_0005,15,2023-11-15T00:18:39.728745+00:00,node_1,8.505561,OK,minor,major,11.024532988302271,45.558531988497165
run_0005,15,2023-11-15T00:18:39.403083+00:00,node_2,7.503135,OK,minor,major,11.024532988302271,45.558531988497165
run_0005,15,2023-11-15T00:18:39.409918+00:00,node_3,4.141337,OK,minor,major,11.024532988302271,45.558531988497165
run_0005,16,2023-11-15T00:18:59.811680+00:00,node_1,8.560291,OK,minor,major,11.024532988302271,45.558531988497165
run_0005,16,2023-11-15T00:18:59.704112+00:00,node_2,7.52424,OK,minor,major,11.024532988302271,45.558531988497165
run_0005,16,2023-11-15T00:18:59.755762+00:00,node_3,4.232591,OK,minor,major,11.024532988302271,45.558531988497165
run_0005,17,2023-11-15T00:19:19.658509+00:00,node_1,8.766364,OK,minor,major,11.024532988302271,45.558531988497165
run_0005,17,2023-11-15T00:19:19.365823+00:00,node_2,7.790242,OK,minor,major,11.024532988302271,45.558531988497165
run_0005,17,2023-11-15T00:19:19.360599+00:00,node_3,4.176248,OK,minor,major,11.024532988302271,45.558531988497165
run_0005,18,2023-11-15T00:19:39.530982+00:00,node_1,8.725276,OK,minor,major,11.024532988302271,45.558531988497165
run_0005,18,2023-11-15T00:19:39.581998+00:00,node_2,7.653014,OK,minor,major,11.024532988302271,45.558531988497165
run_0005,18,2023-11-15T00:19:39.632629+00:00,node_3,4.314233,OK,minor,major,11.024532988302271,45.558531988497165
run_0005,19,2023-11-15T00:19:59.893278+00:00,node_1,8.917111,OK,minor,major,11.024532988302271,45.558531988497165
run_0005,19,2023-11-15T00:19:59.775606+00:00,node_2,7.744763,OK,minor,major,11.024532988302271,45.558531988497165
run_0005,19,2023-11-15T00:19:59.767785+00:00,node_3,4.315265,OK,minor,major,11.024532988302271,45.558531988497165
run_0005,20,2023-11-15T00:20:19.592218+00:00,node_1,8.90546,OK,minor,major,11.024532988302271,45.558531988497165
run_0005,20,2023-11-15T00:20:19.409947+00:00,node_2,7.773486,OK,minor,major,11.024532988302271,45.558531988497165
run_0005,20,2023-11-15T00:20:19.477041+00:00,node_3,4.371821,OK,minor,major,11.024532988302271,45.558531988497165
run_0005,21,2023-11-15T00:20:39.607522+00:00,node_1,8.987247,OK,minor,major,11.024532988302271,45.558531988497165
run_0005,21,2023-11-15T00:20:39.531632+00:00,node_2,7.567472,OK,minor,major,11.024532988302271,45.558531988497165
run_0005,21,2023-11-15T00:20:39.417487+00:00,node_3,4.181932,OK,minor,major,11.024532988302271,45.558531988497165
run_0005,22,2023-11-15T00:20:59.850460+00:00,node_1,8.581961,OK,minor,major,11.024532988302271,45.558531988497165
run_0005,22,2023-11-15T00:20:59.962360+00:00,node_2,7.614206,OK,minor,major,11.024532988302271,45.558531988497165
run_0005,22,2023-11-15T00:21:00.117338+00:00,node_3,4.155832,OK,minor,major,11.024532988302271,45.558531988497165
run_0005,23,2023-11-15T00:21:20.226680+00:00,node_1,8.720212,OK,minor,major,11.024532988302271,45.558531988497165
run_0005,23,2023-11-15T00:21:20.178814+00:00,node_2,7.428894,OK,minor,major,11.024532988302271,45.558531988497165
run_0005,23,2023-11-15T00:21:20.193353+00:00,node_3,4.247598,OK,minor,major,11.024532988302271,45.558531988497165
run_0005,24,2023-11-15T00:21:40.001849+00:00,node_1,9.541637,OK,minor,major,11.024532988302271,45.558531988497165
run_0005,24,2023-11-15T00:21:40.086322+00:00,node_2,8.711815,OK,minor,major,11.024532988302271,45.558531988497165
run_0005,24,2023-11-15T00:21:39.892449+00:00,node_3,4.663462,OK,minor,major,11.024532988302271,45.558531988497165
run_0005,25,2023-11-15T00:22:00.561866+00:00,node_1,9.53104,OK,minor,major,11.024532988302271,45.558531988497165
run_0005,25,2023-11-15T00:22:00.307467+00:00,node_2,8.312993,OK,minor,major,11.024532988302271,45.558531988497165
run_0005,25,2023-11-15T00:22:00.547412+00:00,node_3,4.727827,OK,minor,major,11.024532988302271,45.558531988497165
run_0005,26,2023-11-15T00:22:20.575836+00:00,node_1,9.871808,OK,minor,major,11.024532988302271,45.558531988497165
run_0005,26,2023-11-15T00:22:20.509021+00:00,node_2,8.672447,OK,minor,major,11.024532988302271,45.558531988497165
run_0005,26,2023-11-15T00:22:20.565303+00:00,node_3,4.656818,OK,minor,major,11.024532988302271,45.558531988497165
run_0005,27,2023-11-15T00:22:40.472582+00:00,node_1,9.432051,OK,minor,major,11.024532988302271,45.558531988497165
run_0005,27,2023-11-15T00:22:40.737642+00:00,node_2,8.435843,OK,minor,major,11.024532988302271,45.558531988497165
run_0005,27,2023-11-15T00:22:40.637124+00:00,node_3,4.568461,OK,minor,major,11.024532988302271,45.558531988497165
run_0005,28,2023-11-15T00:23:00.393719+00:00,node_1,9.879741,OK,minor,major,11.024532988302271,45.558531988497165
run_0005,28,2023-11-15T00:23:00.507083+00:00,node_2,8.474485,OK,minor,major,11.024532988302271,45.558531988497165
run_0005,28,2023-11-15T00:23:00.328126+00:00,node_3,4.528227,OK,minor,major,11.024532988302271,45.558531988497165
run_0005,29,2023-11-15T00:23:20.638530+00:00,node_1,9.677992,OK,minor,major,11.024532988302271,45.558531988497165
run_0005,29,2023-11-15T00:23:20.330487+00:00,node_2,8.592783,OK,minor,major,11.024532988302271,45.558531988497165
run_0005,29,2023-11-15T00:23:20.509664+00:00,node_3,4.528308,OK,minor,major,11.024532988302271,45.558531988497165
run_0005,30,2023-11-15T00:23:40.924539+00:00,node_1,9.326689,OK,minor,major,11.024532988302271,45.558531988497165
run_0005,30,2023-11-15T00:23:40.761690+00:00,node_2,8.541607,OK,minor,major,11.024532988302271,45.558531988497165
run_0005,30,2023-11-15T00:23:40.945095+00:00,node_3,4.520604,OK,minor,major,11.024532988302271,45.558531988497165
run_0005,31,2023-11-15T00:24:01.061564+00:00,node_1,9.558245,OK,normal,normal,0.0,0.0
run_0005,31,2023-11-15T00:24:00.833232+00:00,node_2,10.101584,OK,normal,normal,0.0,0.0
run_0005,31,2023-11-15T00:24:00.796849+00:00,node_3,9.672473,OK,normal,normal,0.0,0.0
run_0005,32,2023-11-15T00:24:20.804379+00:00,node_1,9.925575,OK,normal,normal,0.0,0.0
run_0005,32,2023-11-15T00:24:20.989355+00:00,node_2,9.745505,OK,normal,normal,0.0,0.0
run_0005,32,2023-11-15T00:24:20.934562+00:00,node_3,9.185758,OK,normal,normal,0.0,0.0
run_0005,33,2023-11-15T00:24:40.420073+00:00,node_1,9.757911,OK,normal,normal,0.0,0.0
run_0005,33,2023-11-15T00:24:40.415554+00:00,node_2,9.527438,OK,normal,normal,0.0,0.0
run_0005,33,2023-11-15T00:24:40.359326+00:00,node_3,9.387955,OK,normal,normal,0.0,0.0
run_0005,34,2023-11-15T00:25:00.928548+00:00,node_1,9.750147,OK,normal,normal,0.0,0.0
run_0005,34,2023-11-15T00:25:00.897077+00:00,node_2,9.543366,OK,normal,normal,0.0,0.0
run_0005,34,2023-11-15T00:25:00.863783+00:00,node_3,9.260964,OK,normal,normal,0.0,0.0
run_0005,35,2023-11-15T00:25:20.463510+00:00,node_1,9.878345,OK,normal,normal,0.0,0.0
run_0005,35,2023-11-15T00:25:20.489165+00:00,node_2,9.784935,OK,normal,normal,0.0,0.0
run_0005,35,2023-11-15T00:25:20.456475+00:00,node_3,9.536215,OK,normal,normal,0.0,0.0
run_0006,0,2023-11-15T00:37:39.770644+00:00,node_1,11.50392,OK,normal,normal,0.0,0.0
run_0006,0,2023-11-15T00:37:40.000610+00:00,node_2,11.638276,OK,normal,normal,0.0,0.0
run_0006,0,2023-11-15T00:37:39.940613+00:00,node_3,11.177952,OK,normal,normal,0.0,0.0
run_0006,1,2023-11-15T00:37:59.589674+00:00,node_1,11.525637,OK,normal,normal,0.0,0.0
run_0006,1,2023-11-15T00:37:59.642760+00:00,node_2,10.978287,OK,normal,normal,0.0,0.0
run_0006,1,2023-11-15T00:37:59.531955+00:00,node_3,11.203364,OK,normal,normal,0.0,0.0
run_0006,2,2023-11-15T00:38:19.536900+00:00,node_1,11.147169,OK,normal,normal,0.0,0.0
run_0006,2,2023-11-15T00:38:19.578974+00:00,node_2,11.021664,OK,normal,normal,0.0,0.0
run_0006,2,2023-11-15T00:38:19.749924+00:00,node_3,11.050047,OK,normal,normal,0.0,0.0
run_0006,3,2023-11-15T00:38:39.672144+00:00,node_1,11.13585,OK,normal,normal,0.0,0.0
run_0006,3,2023-11-15T00:38:39.815130+00:00,node_2,11.127489,OK,normal,normal,0.0,0.0
run_0006,3,2023-11-15T00:38:39.508896+00:00,node_3,11.051301,OK,normal,normal,0.0,0.0
run_0006,4,2023-11-15T00:38:59.921119+00:00,node_1,11.161016,OK,normal,normal,0.0,0.0
run_0006,4,2023-11-15T00:38:59.626888+00:00,node_2,11.401288,OK,normal,normal,0.0,0.0
run_0006,4,2023-11-15T00:38:59.932672+00:00,node_3,11.042828,OK,normal,normal,0.0,0.0
run_0006,5,2023-11-15T00:39:19.439824+00:00,node_1,10.739774,OK,major,normal,48.34250936927001,0
run_0006,5,2023-11-15T00:39:19.693287+00:00,node_2,5.597616,OK,major,normal,48.34250936927001,0
run_0006,5,2023-11-15T00:39:19.778708+00:00,node_3,5.66252,OK,major,normal,48.34250936927001,0
run_0006,6,2023-11-15T00:39:39.804939+00:00,node_1,11.675262,OK,major,normal,48.34250936927001,0
run_0006,6,2023-11-15T00:39:39.893422+00:00,node_2,6.142719,OK,major,normal,48.34250936927001,0
run_0006,6,2023-11-15T00:39:39.932777+00:00,node_3,5.604031,OK,major,normal,48.34250936927001,0
run_0006,7,2023-11-15T00:40:00.434608+00:00,node_1,11.216164,OK,major,normal,48.34250936927001,0
run_0006,7,2023-11-15T00:40:00.126831+00:00,node_2,5.985386,OK,major,normal,48.34250936927001,0
run_0006,7,2023-11-15T00:40:00.477108+00:00,node_3,5.844864,OK,major,normal,48.34250936927001,0
run_0006,8,2023-11-15T00:40:20.109125+00:00,node_1,11.260349,OK,major,normal,48.34250936927001,0
run_0006,8,2023-11-15T00:40:20.098768+00:00,node_2,6.014474,OK,major,normal,48.34250936927001,0
run_0006,8,2023-11-15T00:40:19.988685+00:00,node_3,5.720614,OK,major,normal,48.34250936927001,0
run_0006,9,2023-11-15T00:40:39.704583+00:00,node_1,11.451344,OK,major,normal,48.34250936927001,0
run_0006,9,2023-11-15T00:40:39.917984+00:00,node_2,5.85736,OK,major,normal,48.34250936927001,0
run_0006,9,2023-11-15T00:40:39.828790+00:00,node_3,5.95962,OK,major,normal,48.34250936927001,0
run_0006,10,2023-11-15T00:41:00.166321+00:00,node_1,11.652846,OK,major,normal,48.34250936927001,0
run_0006,10,2023-11-15T00:40:59.842199+00:00,node_2,5.858037,OK,major,normal,48.34250936927001,0
run_0006,10,2023-11-15T00:41:00.075206+00:00,node_3,5.671246,OK,major,normal,48.34250936927001,0
run_0006,11,2023-11-15T00:41:19.654547+00:00,node_1,11.391589,OK,major,normal,48.34250936927001,0
run_0006,11,2023-11-15T00:41:19.856831+00:00,node_2,5.777184,OK,major,normal,48.34250936927001,0
run_0006,11,2023-11-15T00:41:19.936943+00:00,node_3,5.8695,OK,major,normal,48.34250936927001,0
run_0006,12,2023-11-15T00:41:39.673993+00:00,node_1,11.024144,OK,major,normal,48.34250936927001,0
run_0006,12,2023-11-15T00:41:39.519608+00:00,node_2,5.713554,OK,major,normal,48.34250936927001,0
run_0006,12,2023-11-15T00:41:39.559052+00:00,node_3,5.684387,OK,major,normal,48.34250936927001,0
run_0006,13,2023-11-15T00:41:59.523293+00:00,node_1,10.77857,OK,major,normal,48.34250936927001,0
run_0006,13,2023-11-15T00:41:59.516917+00:00,node_2,5.840789,OK,major,normal,48.34250936927001,0
run_0006,13,2023-11-15T00:41:59.644752+00:00,node_3,5.825596,OK,major,normal,48.34250936927001,0
run_0006,14,2023-11-15T00:42:19.473299+00:00,node_1,11.030691,OK,major,normal,48.34250936927001,0
run_0006,14,2023-11-15T00:42:19.393898+00:00,node_2,5.535859,OK,major,normal,48.34250936927001,0
run_0006,14,2023-11-15T00:42:19.362536+00:00,node_3,5.557613,OK,major,normal,48.34250936927001,0
run_0006,15,2023-11-15T00:42:39.303205+00:00,node_1,10.761241,OK,major,normal,48.34250936927001,0
run_0006,15,2023-11-15T00:42:39.236967+00:00,node_2,5.61163,OK,major,normal,48.34250936927001,0
run_0006,15,2023-11-15T00:42:39.382918+00:00,node_3,5.378515,OK,major,normal,48.34250936927001,0
run_0006,16,2023-11-15T00:42:59.391935+00:00,node_1,11.115332,OK,major,normal,48.34250936927001,0
run_0006,16,2023-11-15T00:42:59.596312+00:00,node_2,5.522766,OK,major,normal,48.34250936927001,0
run_0006,16,2023-11-15T00:42:59.427173+00:00,node_3,5.61333,OK,major,normal,48.34250936927001,0
run_0006,17,2023-11-15T00:43:19.311886+00:00,node_1,10.870446,OK,major,normal,48.34250936927001,0
run_0006,17,2023-11-15T00:43:19.433876+00:00,node_2,5.558275,OK,major,normal,48.34250936927001,0
run_0006,17,2023-11-15T00:43:19.553202+00:00,node_3,5.578072,OK,major,normal,48.34250936927001,0
run_0006,18,2023-11-15T00:43:39.215566+00:00,node_1,10.827776,OK,major,normal,48.34250936927001,0
run_0006,18,2023-11-15T00:43:39.481784+00:00,node_2,5.384734,OK,major,normal,48.34250936927001,0
run_0006,18,2023-11-15T00:43:39.350851+00:00,node_3,5.631216,OK,major,normal,48.34250936927001,0
run_0006,19,2023-11-15T00:43:59.463750+00:00,node_1,10.625667,OK,major,normal,48.34250936927001,0
run_0006,19,2023-11-15T00:43:59.843284+00:00,node_2,5.592071,OK,major,normal,48.34250936927001,0
run_0006,19,2023-11-15T00:43:59.819467+00:00,node_3,5.650557,OK,major,normal,48.34250936927001,0
run_0006,20,2023-11-15T00:44:19.264396+00:00,node_1,10.905433,OK,major,normal,48.34250936927001,0
run_0006,20,2023-11-15T00:44:19.492183+00:00,node_2,5.646015,OK,major,normal,48.34250936927001,0
run_0006,20,2023-11-15T00:44:19.359202+00:00,node_3,5.434354,OK,major,normal,48.34250936927001,0
run_0006,21,2023-11-15T00:44:39.384987+00:00,node_1,10.963182,OK,major,normal,48.34250936927001,0
run_0006,21,2023-11-15T00:44:39.310231+00:00,node_2,5.737844,OK,major,normal,48.34250936927001,0
run_0006,21,2023-11-15T00:44:39.301856+00:00,node_3,5.587431,OK,major,normal,48.34250936927001,0
run_0006,22,2023-11-15T00:44:59.139969+00:00,node_1,10.717159,OK,major,normal,48.34250936927001,0
run_0006,22,2023-11-15T00:44:59.359723+00:00,node_2,5.465808,OK,major,normal,48.34250936927001,0
run_0006,22,2023-11-15T00:44:59.157655+00:00,node_3,5.569554,OK,major,normal,48.34250936927001,0
run_0006,23,2023-11-15T00:45:18.940758+00:00,node_1,10.99018,OK,major,normal,48.34250936927001,0
run_0006,23,2023-11-15T00:45:19.000702+00:00,node_2,5.507883,OK,major,normal,48.34250936927001,0
run_0006,23,2023-11-15T00:45:18.770363+00:00,node_3,5.605178,OK,major,normal,48.34250936927001,0
run_0006,24,2023-11-15T00:45:38.593424+00:00,node_1,9.097296,OK,major,normal,48.34250936927001,0
run_0006,24,2023-11-15T00:45:38.854707+00:00,node_2,4.775633,OK,major,normal,48.34250936927001,0
run_0006,24,2023-11-15T00:45:38.901788+00:00,node_3,4.648831,OK,major,normal,48.34250936927001,0
run_0006,25,2023-11-15T00:45:58.174233+00:00,node_1,9.209668,OK,major,normal,48.34250936927001,0
run_0006,25,2023-11-15T00:45:58.180273+00:00,node_2,4.577571,OK,major,normal,48.34250936927001,0
run_0006,25,2023-11-15T00:45:58.457019+00:00,node_3,4.614374,OK,major,normal,48.34250936927001,0
run_0006,26,2023-11-15T00:46:18.428107+00:00,node_1,9.252261,OK,major,normal,48.34250936927001,0
run_0006,26,2023-11-15T00:46:18.198320+00:00,node_2,4.800167,OK,major,normal,48.34250936927001,0
run_0006,26,2023-11-15T00:46:18.408929+00:00,node_3,4.735878,OK,major,normal,48.34250936927001,0
run_0006,27,2023-11-15T00:46:38.536841+00:00,node_1,9.309453,OK,major,normal,48.34250936927001,0
run_0006,27,2023-11-15T00:46:38.325133+00:00,node_2,4.641938,OK,major,normal,48.34250936927001,0
run_0006,27,2023-11-15T00:46:38.531914+00:00,node_3,4.74925,OK,major,normal,48.34250936927001,0
run_0006,28,2023-11-15T00:46:58.424071+00:00,node_1,9.175905,OK,major,normal,48.34250936927001,0
run_0006,28,2023-11-15T00:46:58.295060+00:00,node_2,4.840778,OK,major,normal,48.34250936927001,0
run_0006,28,2023-11-15T00:46:58.215543+00:00,node_3,4.549678,OK,major,normal,48.34250936927001,0
run_0006,29,2023-11-15T00:47:18.309697+00:00,node_1,9.186061,OK,major,normal,48.34250936927001,0
run_0006,29,2023-11-15T00:47:18.207690+00:00,node_2,4.784857,OK,major,normal,48.34250936927001,0
run_0006,29,2023-11-15T00:47:18.100847+00:00,node_3,4.686148,OK,major,normal,48.34250936927001,0
run_0006,30,2023-11-15T00:47:38.282064+00:00,node_1,8.916968,OK,major,normal,48.34250936927001,0
run_0006,30,2023-11-15T00:47:38.264638+00:00,node_2,4.648313,OK,major,normal,48.34250936927001,0
run_0006,30,2023-11-15T00:47:38.308224+00:00,node_3,4.836111,OK,major,normal,48.34250936927001,0
run_0006,31,2023-11-15T00:47:58.045874+00:00,node_1,9.149339,OK,normal,normal,0.0,0.0
run_0006,31,2023-11-15T00:47:58.250919+00:00,node_2,9.166391,OK,normal,normal,0.0,0.0
run_0006,31,2023-11-15T00:47:58.361127+00:00,node_3,9.287394,OK,normal,normal,0.0,0.0
run_0006,32,2023-11-15T00:48:18.346136+00:00,node_1,9.363846,OK,normal,normal,0.0,0.0
run_0006,32,2023-11-15T00:48:18.511112+00:00,node_2,9.134531,OK,normal,normal,0.0,0.0
run_0006,32,2023-11-15T00:48:18.619391+00:00,node_3,9.442276,OK,normal,normal,0.0,0.0
run_0006,33,2023-11-15T00:48:38.244014+00:00,node_1,8.836663,OK,normal,normal,0.0,0.0
run_0006,33,2023-11-15T00:48:38.153660+00:00,node_2,8.728413,OK,normal,normal,0.0,0.0
run_0006,33,2023-11-15T00:48:38.403282+00:00,node_3,9.143367,OK,normal,normal,0.0,0.0
run_0006,34,2023-11-15T00:48:57.679667+00:00,node_1,9.081298,OK,normal,normal,0.0,0.0
run_0006,34,2023-11-15T00:48:57.729778+00:00,node_2,9.43847,OK,normal,normal,0.0,0.0
run_0006,34,2023-11-15T00:48:57.874502+00:00,node_3,9.229737,OK,normal,normal,0.0,0.0
run_0006,35,2023-11-15T00:49:17.706557+00:00,node_1,9.068739,OK,normal,normal,0.0,0.0
run_0006,35,2023-11-15T00:49:17.540056+00:00,node_2,8.985568,OK,normal,normal,0.0,0.0
run_0006,35,2023-11-15T00:49:17.500976+00:00,node_3,9.308572,OK,normal,normal,0.0,0.0
run_0007,0,2023-11-15T01:01:40.356474+00:00,node_1,11.487557,OK,normal,normal,0.0,0.0
run_0007,0,2023-11-15T01:01:40.235774+00:00,node_2,11.338777,OK,normal,normal,0.0,0.0
run_0007,0,2023-11-15T01:01:40.505368+00:00,node_3,11.395897,OK,normal,normal,0.0,0.0
run_0007,1,2023-11-15T01:02:00.326725+00:00,node_1,11.3949,OK,normal,normal,0.0,0.0
run_0007,1,2023-11-15T01:02:00.394499+00:00,node_2,11.016248,OK,normal,normal,0.0,0.0
run_0007,1,2023-11-15T01:02:00.456622+00:00,node_3,11.577414,OK,normal,normal,0.0,0.0
run_0007,2,2023-11-15T01:02:20.729259+00:00,node_1,11.77642,OK,normal,normal,0.0,0.0
run_0007,2,2023-11-15T01:02:20.409949+00:00,node_2,11.187546,OK,normal,normal,0.0,0.0
run_0007,2,2023-11-15T01:02:20.660646+00:00,node_3,11.103229,OK,normal,normal,0.0,0.0
run_0007,3,2023-11-15T01:02:40.444828+00:00,node_1,11.089365,OK,normal,normal,0.0,0.0
run_0007,3,2023-11-15T01:02:40.101561+00:00,node_2,11.031896,OK,normal,normal,0.0,0.0
run_0007,3,2023-11-15T01:02:40.091598+00:00,node_3,11.215415,OK,normal,normal,0.0,0.0
run_0007,4,2023-11-15T01:03:00.661162+00:00,node_1,11.329508,OK,normal,normal,0.0,0.0
run_0007,4,2023-11-15T01:03:00.448000+00:00,node_2,11.067459,OK,normal,normal,0.0,0.0
run_0007,4,2023-11-15T01:03:00.638294+00:00,node_3,11.627066,OK,normal,normal,0.0,0.0
run_0007,5,2023-11-15T01:03:20.209874+00:00,node_1,11.294549,OK,major,minor,49.532961421164416,9.694904220225583
run_0007,5,2023-11-15T01:03:20.156021+00:00,node_2,5.624221,OK,major,minor,49.532961421164416,9.694904220225583
run_0007,5,2023-11-15T01:03:20.157881+00:00,node_3,5.006116,OK,major,minor,49.532961421164416,9.694904220225583
run_0007,6,2023-11-15T01:03:39.779797+00:00,node_1,11.340423,OK,major,minor,49.532961421164416,9.694904220225583
run_0007,6,2023-11-15T01:03:39.574887+00:00,node_2,5.679071,OK,major,minor,49.532961421164416,9.694904220225583
run_0007,6,2023-11-15T01:03:39.893292+00:00,node_3,5.433505,OK,major,minor,49.532961421164416,9.694904220225583
run_0007,7,2023-11-15T01:03:59.750062+00:00,node_1,10.936423,OK,major,minor,49.532961421164416,9.694904220225583
run_0007,7,2023-11-15T01:03:59.784029+00:00,node_2,5.809068,OK,major,minor,49.532961421164416,9.694904220225583
run_0007,7,2023-11-15T01:03:59.917838+00:00,node_3,5.210199,OK,major,minor,49.532961421164416,9.694904220225583
run_0007,8,2023-11-15T01:04:20.108648+00:00,node_1,11.580803,OK,major,minor,49.532961421164416,9.694904220225583
run_0007,8,2023-11-15T01:04:20.355521+00:00,node_2,5.606234,OK,major,minor,49.532961421164416,9.694904220225583
run_0007,8,2023-11-15T01:04:20.049770+00:00,node_3,5.227327,OK,major,minor,49.532961421164416,9.694904220225583
run_0007,9,2023-11-15T01:04:40.449948+00:00,node_1,11.139343,OK,major,minor,49.532961421164416,9.694904220225583
run_0007,9,2023-11-15T01:04:40.258366+00:00,node_2,5.760869,OK,major,minor,49.532961421164416,9.694904220225583
run_0007,9,2023-11-15T01:04:40.327741+00:00,node_3,5.132859,OK,major,minor,49.532961421164416,9.694904220225583
run_0007,10,2023-11-15T01:04:59.951496+00:00,node_1,11.405405,OK,major,minor,49.532961421164416,9.694904220225583
run_0007,10,2023-11-15T01:04:59.977895+00:00,node_2,5.566533,OK,major,minor,49.532961421164416,9.694904220225583
run_0007,10,2023-11-15T01:05:00.094737+00:00,node_3,5.246045,OK,major,minor,49.532961421164416,9.694904220225583
run_0007,11,2023-11-15T01:05:19.512409+00:00,node_1,11.331187,OK,major,minor,49.532961421164416,9.694904220225583
run_0007,11,2023-11-15T01:05:19.618042+00:00,node_2,5.885317,OK,major,minor,49.532961421164416,9.694904220225583
run_0007,11,2023-11-15T01:05:19.446467+00:00,node_3,4.988784,OK,major,minor,49.532961421164416,9.694904220225583
run_0007,12,2023-11-15T01:05:39.100481+00:00,node_1,11.587014,OK,major,minor,49.532961421164416,9.694904220225583
run_0007,12,2023-11-15T01:05:39.471908+00:00,node_2,6.030132,OK,major,minor,49.532961421164416,9.694904220225583
run_0007,12,2023-11-15T01:05:39.322135+00:00,node_3,5.299805,OK,major,minor,49.532961421164416,9.694904220225583
run_0007,13,2023-11-15T01:05:59.319899+00:00,node_1,11.460608,OK,major,minor,49.532961421164416,9.694904220225583
run_0007,13,2023-11-15T01:05:59.622984+00:00,node_2,5.944321,OK,major,minor,49.532961421164416,9.694904220225583
run_0007,13,2023-11-15T01:05:59.444787+00:00,node_3,5.372841,OK,major,minor,49.532961421164416,9.694904220225583
run_0007,14,2023-11-15T01:06:19.662325+00:00,node_1,11.995121,OK,major,minor,49.532961421164416,9.694904220225583
run_0007,14,2023-11-15T01:06:19.806662+00:00,node_2,6.068969,OK,major,minor,49.532961421164416,9.694904220225583
run_0007,14,2023-11-15T01:06:19.996074+00:00,node_3,5.277063,OK,major,minor,49.532961421164416,9.694904220225583
run_0007,15,2023-11-15T01:06:39.385539+00:00,node_1,11.768651,OK,major,minor,49.532961421164416,9.694904220225583
run_0007,15,2023-11-15T01:06:39.407983+00:00,node_2,5.886995,OK,major,minor,49.532961421164416,9.694904220225583
run_0007,15,2023-11-15T01:06:39.558724+00:00,node_3,5.002609,OK,major,minor,49.532961421164416,9.694904220225583
run_0007,16,2023-11-15T01:06:59.069244+00:00,node_1,12.399841,OK,major,minor,49.532961421164416,9.694904220225583
run_0007,16,2023-11-15T01:06:59.045742+00:00,node_2,5.718778,OK,major,minor,49.532961421164416,9.694904220225583
run_0007,16,2023-11-15T01:06:59.144881+00:00,node_3,5.498738,OK,major,minor,49.532961421164416,9.694904220225583
run_0007,17,2023-11-15T01:07:19.320762+00:00,node_1,11.943031,OK,major,minor,49.532961421164416,9.694904220225583
run_0007,17,2023-11-15T01:07:19.063229+00:00,node_2,5.930462,OK,major,minor,49.532961421164416,9.694904220225583
run_0007,17,2023-11-15T01:07:19.286211+00:00,node_3,5.301102,OK,major,minor,49.532961421164416,9.694904220225583
run_0007,18,2023-11-15T01:07:39.151281+00:00,node_1,11.496679,OK,major,minor,49.532961421164416,9.694904220225583
run_0007,18,2023-11-15T01:07:39.252628+00:00,node_2,6.005273,OK,major,minor,49.532961421164416,9.694904220225583
run_0007,18,2023-11-15T01:07:39.216568+00:00,node_3,5.313297,OK,major,minor,49.532961421164416,9.694904220225583
run_0007,19,2023-11-15T01:07:59.036562+00:00,node_1,11.965412,OK,major,minor,49.532961421164416,9.694904220225583
run_0007,19,2023-11-15T01:07:58.956232+00:00,node_2,5.895456,OK,major,minor,49.532961421164416,9.694904220225583
run_0007,19,2023-11-15T01:07:58.851892+00:00,node_3,5.336717,OK,major,minor,49.532961421164416,9.694904220225583
run_0007,20,2023-11-15T01:08:19.009840+00:00,node_1,11.882766,OK,major,minor,49.532961421164416,9.694904220225583
run_0007,20,2023-11-15T01:08:19.253556+00:00,node_2,5.854437,OK,major,minor,49.532961421164416,9.694904220225583
run_0007,20,2023-11-15T01:08:19.255184+00:00,node_3,5.328756,OK,major,minor,49.532961421164416,9.694904220225583
run_0007,21,2023-11-15T01:08:39.427933+00:00,node_1,11.608771,OK,major,minor,49.532961421164416,9.694904220225583
run_0007,21,2023-11-15T01:08:39.472890+00:00,node_2,5.953172,OK,major,minor,49.532961421164416,9.694904220225583
run_0007,21,2023-11-15T01:08:39.300947+00:00,node_3,5.365875,OK,major,minor,49.532961421164416,9.694904220225583
run_0007,22,2023-11-15T01:08:59.254150+00:00,node_1,11.770545,OK,major,minor,49.532961421164416,9.694904220225583
run_0007,22,2023-11-15T01:08:59.473395+00:00,node_2,5.87407,OK,major,minor,49.532961421164416,9.694904220225583
run_0007,22,2023-11-15T01:08:59.460904+00:00,node_3,5.364132,OK,major,minor,49.532961421164416,9.694904220225583
run_0007,23,2023-11-15T01:09:19.359349+00:00,node_1,11.868522,OK,major,minor,49.532961421164416,9.694904220225583
run_0007,23,2023-11-15T01:09:19.301450+00:00,node_2,5.844406,OK,major,minor,49.532961421164416,9.694904220225583
run_0007,23,2023-11-15T01:09:19.111636+00:00,node_3,5.459515,OK,major,minor,49.532961421164416,9.694904220225583
run_0007,24,2023-11-15T01:09:38.902058+00:00,node_1,10.891479,OK,major,minor,49.532961421164416,9.694904220225583
run_0007,24,2023-11-15T01:09:38.927949+00:00,node_2,5.615865,OK,major,minor,49.532961421164416,9.694904220225583
run_0007,24,2023-11-15T01:09:38.973282+00:00,node_3,5.385658,OK,major,minor,49.532961421164416,9.694904220225583
run_0007,25,2023-11-15T01:09:59.497252+00:00,node_1,11.275536,OK,major,minor,49.532961421164416,9.694904220225583
run_0007,25,2023-11-15T01:09:59.316238+00:00,node_2,5.558756,OK,major,minor,49.532961421164416,9.694904220225583
run_0007,25,2023-11-15T01:09:59.369690+00:00,node_3,5.14173,OK,major,minor,49.532961421164416,9.694904220225583
run_0007,26,2023-11-15T01:10:19.698004+00:00,node_1,11.30914,OK,major,minor,49.532961421164416,9.694904220225583
run_0007,26,2023-11-15T01:10:19.745149+00:00,node_2,5.552524,OK,major,minor,49.532961421164416,9.694904220225583
run_0007,26,2023-11-15T01:10:19.692503+00:00,node_3,5.030998,OK,major,minor,49.532961421164416,9.694904220225583
run_0007,27,2023-11-15T01:10:40.010250+00:00,node_1,11.255621,OK,major,minor,49.532961421164416,9.694904220225583
run_0007,27,2023-11-15T01:10:40.162454+00:00,node_2,5.592751,OK,major,minor,49.532961421164416,9.694904220225583
run_0007,27,2023-11-15T01:10:40.153130+00:00,node_3,5.221607,OK,major,minor,49.532961421164416,9.694904220225583
run_0007,28,2023-11-15T01:10:59.858989+00:00,node_1,11.179728,OK,major,minor,49.532961421164416,9.694904220225583
run_0007,28,2023-11-15T01:11:00.077811+00:00,node_2,5.543427,OK,major,minor,49.532961421164416,9.694904220225583
run_0007,28,2023-11-15T01:10:59.791767+00:00,node_3,4.937749,OK,major,minor,49.532961421164416,9.694904220225583
run_0007,29,2023-11-15T01:11:20.357386+00:00,node_1,11.232628,OK,major,minor,49.532961421164416,9.694904220225583
run_0007,29,2023-11-15T01:11:20.372200+00:00,node_2,5.805208,OK,major,minor,49.532961421164416,9.694904220225583
run_0007,29,2023-11-15T01:11:20.471030+00:00,node_3,5.009482,OK,major,minor,49.532961421164416,9.694904220225583
run_0007,30,2023-11-15T01:11:40.297637+00:00,node_1,11.15083,OK,major,minor,49.532961421164416,9.694904220225583
run_0007,30,2023-11-15T01:11:40.305406+00:00,node_2,5.881527,OK,major,minor,49.532961421164416,9.694904220225583
run_0007,30,2023-11-15T01:11:40.184368+00:00,node_3,5.228598,OK,major,minor,49.532961421164416,9.694904220225583
run_0007,31,2023-11-15T01:12:00.430954+00:00,node_1,11.608839,OK,normal,normal,0.0,0.0
run_0007,31,2023-11-15T01:12:00.546252+00:00,node_2,11.118483,OK,normal,normal,0.0,0.0
run_0007,31,2023-11-15T01:12:00.332147+00:00,node_3,11.606751,OK,normal,normal,0.0,0.0
run_0007,32,2023-11-15T01:12:19.975922+00:00,node_1,11.528203,OK,normal,normal,0.0,0.0
run_0007,32,2023-11-15T01:12:19.946715+00:00,node_2,10.999924,OK,normal,normal,0.0,0.0
run_0007,32,2023-11-15T01:12:19.924857+00:00,node_3,11.069991,OK,normal,normal,0.0,0.0
run_0007,33,2023-11-15T01:12:40.124264+00:00,node_1,11.063859,OK,normal,normal,0.0,0.0
run_0007,33,2023-11-15T01:12:40.152667+00:00,node_2,11.305612,OK,normal,normal,0.0,0.0
run_0007,33,2023-11-15T01:12:40.370968+00:00,node_3,11.173103,OK,normal,normal,0.0,0.0
run_0007,34,2023-11-15T01:12:59.803888+00:00,node_1,11.248773,OK,normal,normal,0.0,0.0
run_0007,34,2023-11-15T01:12:59.872303+00:00,node_2,11.14473,OK,normal,normal,0.0,0.0
run_0007,34,2023-11-15T01:12:59.869597+00:00,node_3,11.290053,OK,normal,normal,0.0,0.0
run_0007,35,2023-11-15T01:13:19.749771+00:00,node_1,11.059902,OK,normal,normal,0.0,0.0
run_0007,35,2023-11-15T01:13:19.969337+00:00,node_2,11.285392,OK,normal,normal,0.0,0.0
run_0007,35,2023-11-15T01:13:19.888853+00:00,node_3,11.096152,OK,normal,normal,0.0,0.0
run_0008,0,2023-11-15T01:25:40.009898+00:00,node_1,8.665482,OK,normal,normal,0.0,0.0
run_0008,0,2023-11-15T01:25:40.020733+00:00,node_2,8.752935,OK,normal,normal,0.0,0.0
run_0008,0,2023-11-15T01:25:39.859556+00:00,node_3,8.952281,OK,normal,normal,0.0,0.0
run_0008,1,2023-11-15T01:26:00.094699+00:00,node_1,8.901571,OK,normal,normal,0.0,0.0
run_0008,1,2023-11-15T01:26:00.240095+00:00,node_2,8.604554,OK,normal,normal,0.0,0.0
run_0008,1,2023-11-15T01:26:00.262657+00:00,node_3,8.59566,OK,normal,normal,0.0,0.0
run_0008,2,2023-11-15T01:26:19.664000+00:00,node_1,8.965074,OK,normal,normal,0.0,0.0
run_0008,2,2023-11-15T01:26:19.694157+00:00,node_2,8.620024,OK,normal,normal,0.0,0.0
run_0008,2,2023-11-15T01:26:19.934270+00:00,node_3,8.952136,OK,normal,normal,0.0,0.0
run_0008,3,2023-11-15T01:26:39.855911+00:00,node_1,8.426247,OK,normal,normal,0.0,0.0
run_0008,3,2023-11-15T01:26:39.949595+00:00,node_2,8.424108,OK,normal,normal,0.0,0.0
run_0008,3,2023-11-15T01:26:39.858333+00:00,node_3,8.547618,OK,normal,normal,0.0,0.0
run_0008,4,2023-11-15T01:27:00.108172+00:00,node_1,8.50259,OK,normal,normal,0.0,0.0
run_0008,4,2023-11-15T01:26:59.909523+00:00,node_2,8.677541,OK,normal,normal,0.0,0.0
run_0008,4,2023-11-15T01:26:59.984530+00:00,node_3,8.715501,OK,normal,normal,0.0,0.0
run_0008,5,2023-11-15T01:27:19.776110+00:00,node_1,8.437655,OK,major,major,31.09782366379982,29.36133082060335
run_0008,5,2023-11-15T01:27:19.683115+00:00,node_2,5.992055,OK,major,major,31.09782366379982,29.36133082060335
run_0008,5,2023-11-15T01:27:19.863015+00:00,node_3,4.276499,OK,major,major,31.09782366379982,29.36133082060335
run_0008,6,2023-11-15T01:27:39.985525+00:00,node_1,7.922146,OK,major,major,31.09782366379982,29.36133082060335
run_0008,6,2023-11-15T01:27:39.889392+00:00,node_2,5.761267,OK,major,major,31.09782366379982,29.36133082060335
run_0008,6,2023-11-15T01:27:39.943961+00:00,node_3,4.151782,OK,major,major,31.09782366379982,29.36133082060335
run_0008,7,2023-11-15T01:27:59.461063+00:00,node_1,8.66913,OK,major,major,31.09782366379982,29.36133082060335
run_0008,7,2023-11-15T01:27:59.608624+00:00,node_2,6.052074,OK,major,major,31.09782366379982,29.36133082060335
run_0008,7,2023-11-15T01:27:59.604437+00:00,node_3,4.024605,OK,major,major,31.09782366379982,29.36133082060335
run_0008,8,2023-11-15T01:28:19.749686+00:00,node_1,8.721922,OK,major,major,31.09782366379982,29.36133082060335
run_0008,8,2023-11-15T01:28:19.858629+00:00,node_2,5.891082,OK,major,major,31.09782366379982,29.36133082060335
run_0008,8,2023-11-15T01:28:19.671043+00:00,node_3,4.187714,OK,major,major,31.09782366379982,29.36133082060335
run_0008,9,2023-11-15T01:28:39.557018+00:00,node_1,8.59593,OK,major,major,31.09782366379982,29.36133082060335
run_0008,9,2023-11-15T01:28:39.593980+00:00,node_2,5.899731,OK,major,major,31.09782366379982,29.36133082060335
run_0008,9,2023-11-15T01:28:39.419374+00:00,node_3,4.065933,OK,major,major,31.09782366379982,29.36133082060335
run_0008,10,2023-11-15T01:28:59.212199+00:00,node_1,8.355041,OK,major,major,31.09782366379982,29.36133082060335
run_0008,10,2023-11-15T01:28:59.353046+00:00,node_2,5.960919,OK,major,major,31.09782366379982,29.36133082060335
run_0008,10,2023-11-15T01:28:59.283996+00:00,node_3,4.212365,OK,major,major,31.09782366379982,29.36133082060335
run_0008,11,2023-11-15T01:29:19.757813+00:00,node_1,8.943638,OK,major,major,31.09782366379982,29.36133082060335
run_0008,11,2023-11-15T01:29:19.637168+00:00,node_2,5.860005,OK,major,major,31.09782366379982,29.36133082060335
run_0008,11,2023-11-15T01:29:19.596706+00:00,node_3,4.579932,OK,major,major,31.09782366379982,29.36133082060335
run_0008,12,2023-11-15T01:29:39.805436+00:00,node_1,9.864462,OK,major,major,31.09782366379982,29.36133082060335
run_0008,12,2023-11-15T01:29:39.850910+00:00,node_2,6.838253,OK,major,major,31.09782366379982,29.36133082060335
run_0008,12,2023-11-15T01:29:39.994959+00:00,node_3,4.703588,OK,major,major,31.09782366379982,29.36133082060335
run_0008,13,2023-11-15T01:29:59.899522+00:00,node_1,9.882603,OK,major,major,31.09782366379982,29.36133082060335
run_0008,13,2023-11-15T01:29:59.957201+00:00,node_2,6.723682,OK,major,major,31.09782366379982,29.36133082060335
run_0008,13,2023-11-15T01:29:59.929308+00:00,node_3,4.811678,OK,major,major,31.09782366379982,29.36133082060335
run_0008,14,2023-11-15T01:30:19.963623+00:00,node_1,10.002986,OK,major,major,31.09782366379982,29.36133082060335
run_0008,14,2023-11-15T01:30:20.242085+00:00,node_2,6.642255,OK,major,major,31.09782366379982,29.36133082060335
run_0008,14,2023-11-15T01:30:20.119609+00:00,node_3,4.936809,OK,major,major,31.09782366379982,29.36133082060335
run_0008,15,2023-11-15T01:30:39.891577+00:00,node_1,9.795971,OK,major,major,31.09782366379982,29.36133082060335
run_0008,15,2023-11-15T01:30:39.574825+00:00,node_2,7.042689,OK,major,major,31.09782366379982,29.36133082060335
run_0008,15,2023-11-15T01:30:39.870501+00:00,node_3,4.812518,OK,major,major,31.09782366379982,29.36133082060335
run_0008,16,2023-11-15T01:30:59.628401+00:00,node_1,9.391758,OK,major,major,31.09782366379982,29.36133082060335
run_0008,16,2023-11-15T01:30:59.554781+00:00,node_2,6.611639,OK,major,major,31.09782366379982,29.36133082060335
run_0008,16,2023-11-15T01:30:59.431298+00:00,node_3,4.660046,OK,major,major,31.09782366379982,29.36133082060335
run_0008,17,2023-11-15T01:31:19.607241+00:00,node_1,9.773697,OK,major,major,31.09782366379982,29.36133082060335
run_0008,17,2023-11-15T01:31:19.366481+00:00,node_2,6.777818,OK,major,major,31.09782366379982,29.36133082060335
run_0008,17,2023-11-15T01:31:19.629726+00:00,node_3,4.794419,OK,major,major,31.09782366379982,29.36133082060335
run_0008,18,2023-11-15T01:31:39.151437+00:00,node_1,9.770784,OK,major,major,31.09782366379982,29.36133082060335
run_0008,18,2023-11-15T01:31:39.442821+00:00,node_2,6.767802,OK,major,major,31.09782366379982,29.36133082060335
run_0008,18,2023-11-15T01:31:39.333828+00:00,node_3,4.643074,OK,major,major,31.09782366379982,29.36133082060335
run_0008,19,2023-11-15T01:31:59.495533+00:00,node_1,9.814698,OK,major,major,31.09782366379982,29.36133082060335
run_0008,19,2023-11-15T01:31:59.366504+00:00,node_2,6.718917,OK,major,major,31.09782366379982,29.36133082060335
run_0008,19,2023-11-15T01:31:59.389178+00:00,node_3,4.863294,OK,major,major,31.09782366379982,29.36133082060335
run_0008,20,2023-11-15T01:32:19.770895+00:00,node_1,9.949589,OK,major,major,31.09782366379982,29.36133082060335
run_0008,20,2023-11-15T01:32:19.817459+00:00,node_2,6.549021,OK,major,major,31.09782366379982,29.36133082060335
run_0008,20,2023-11-15T01:32:19.563802+00:00,node_3,4.759307,OK,major,major,31.09782366379982,29.36133082060335
run_0008,21,2023-11-15T01:32:39.273793+00:00,node_1,9.575761,OK,major,major,31.09782366379982,29.36133082060335
run_0008,21,2023-11-15T01:32:39.224368+00:00,node_2,6.800327,OK,major,major,31.09782366379982,29.36133082060335
run_0008,21,2023-11-15T01:32:39.607311+00:00,node_3,4.698366,OK,major,major,31.09782366379982,29.36133082060335
run_0008,22,2023-11-15T01:32:59.245951+00:00,node_1,9.66549,OK,major,major,31.09782366379982,29.36133082060335
run_0008,22,2023-11-15T01:32:59.095560+00:00,node_2,6.860334,OK,major,major,31.09782366379982,29.36133082060335
run_0008,22,2023-11-15T01:32:59.247788+00:00,node_3,4.950949,OK,major,major,31.09782366379982,29.36133082060335
run_0008,23,2023-11-15T01:33:18.852474+00:00,node_1,9.985057,OK,major,major,31.09782366379982,29.36133082060335
run_0008,23,2023-11-15T01:33:19.066040+00:00,node_2,6.547482,OK,major,major,31.09782366379982,29.36133082060335
run_0008,23,2023-11-15T01:33:18.879921+00:00,node_3,4.776221,OK,major,major,31.09782366379982,29.36133082060335
run_0008,24,2023-11-15T01:33:38.963732+00:00,node_1,10.904055,OK,major,major,31.09782366379982,29.36133082060335
run_0008,24,2023-11-15T01:33:38.914367+00:00,node_2,7.507255,OK,major,major,31.09782366379982,29.36133082060335
run_0008,24,2023-11-15T01:33:39.188891+00:00,node_3,5.480737,OK,major,major,31.09782366379982,29.36133082060335
run_0008,25,2023-11-15T01:33:59.217209+00:00,node_1,10.879796,OK,major,major,31.09782366379982,29.36133082060335
run_0008,25,2023-11-15T01:33:59.456645+00:00,node_2,7.602636,OK,major,major,31.09782366379982,29.36133082060335
run_0008,25,2023-11-15T01:33:59.205310+00:00,node_3,5.364657,OK,major,major,31.09782366379982,29.36133082060335
run_0008,26,2023-11-15T01:34:19.324404+00:00,node_1,10.777825,OK,major,major,31.09782366379982,29.36133082060335
run_0008,26,2023-11-15T01:34:19.412196+00:00,node_2,7.444608,OK,major,major,31.09782366379982,29.36133082060335
run_0008,26,2023-11-15T01:34:19.072161+00:00,node_3,5.244497,OK,major,major,31.09782366379982,29.36133082060335
run_0008,27,2023-11-15T01:34:39.215467+00:00,node_1,10.937739,OK,major,major,31.09782366379982,29.36133082060335
run_0008,27,2023-11-15T01:34:39.099977+00:00,node_2,7.44982,OK,major,major,31.09782366379982,29.36133082060335
run_0008,27,2023-11-15T01:34:39.204111+00:00,node_3,5.184642,OK,major,major,31.09782366379982,29.36133082060335
run_0008,28,2023-11-15T01:34:59.228866+00:00,node_1,10.779167,OK,major,major,31.09782366379982,29.36133082060335
run_0008,28,2023-11-15T01:34:59.342293+00:00,node_2,7.440858,OK,major,major,31.09782366379982,29.36133082060335
run_0008,28,2023-11-15T01:34:59.573979+00:00,node_3,5.156472,OK,major,major,31.09782366379982,29.36133082060335
run_0008,29,2023-11-15T01:35:19.073982+00:00,node_1,10.999329,OK,major,major,31.09782366379982,29.36133082060335
run_0008,29,2023-11-15T01:35:19.283320+00:00,node_2,7.256748,OK,major,major,31.09782366379982,29.36133082060335
run_0008,29,2023-11-15T01:35:19.351871+00:00,node_3,5.257229,OK,major,major,31.09782366379982,29.36133082060335
run_0008,30,2023-11-15T01:35:39.313323+00:00,node_1,10.624645,OK,major,major,31.09782366379982,29.36133082060335
run_0008,30,2023-11-15T01:35:39.491801+00:00,node_2,7.283848,OK,major,major,31.09782366379982,29.36133082060335
run_0008,30,2023-11-15T01:35:39.310880+00:00,node_3,5.299969,OK,major,major,31.09782366379982,29.36133082060335
run_0008,31,2023-11-15T01:35:59.034274+00:00,node_1,10.628255,OK,normal,normal,0.0,0.0
run_0008,31,2023-11-15T01:35:59.073891+00:00,node_2,11.093095,OK,normal,normal,0.0,0.0
run_0008,31,2023-11-15T01:35:59.047634+00:00,node_3,11.15471,OK,normal,normal,0.0,0.0
run_0008,32,2023-11-15T01:36:19.271270+00:00,node_1,10.931542,OK,normal,normal,0.0,0.0
run_0008,32,2023-11-15T01:36:19.364642+00:00,node_2,11.09956,OK,normal,normal,0.0,0.0
run_0008,32,2023-11-15T01:36:19.491653+00:00,node_3,10.789292,OK,normal,normal,0.0,0.0
run_0008,33,2023-11-15T01:36:39.435333+00:00,node_1,10.827167,OK,normal,normal,0.0,0.0
run_0008,33,2023-11-15T01:36:39.444588+00:00,node_2,11.032016,OK,normal,normal,0.0,0.0
run_0008,33,2023-11-15T01:36:39.452845+00:00,node_3,11.036417,OK,normal,normal,0.0,0.0
run_0008,34,2023-11-15T01:36:59.860509+00:00,node_1,10.736887,OK,normal,normal,0.0,0.0
run_0008,34,2023-11-15T01:36:59.693060+00:00,node_2,10.40658,OK,normal,normal,0.0,0.0
run_0008,34,2023-11-15T01:36:59.874715+00:00,node_3,10.951511,OK,normal,normal,0.0,0.0
run_0008,35,2023-11-15T01:37:19.957449+00:00,node_1,11.008439,OK,normal,normal,0.0,0.0
run_0008,35,2023-11-15T01:37:19.967483+00:00,node_2,10.883462,OK,normal,normal,0.0,0.0
run_0008,35,2023-11-15T01:37:19.909220+00:00,node_3,11.234018,OK,normal,normal,0.0,0.0
run_0009,0,2023-11-15T01:49:39.982103+00:00,node_1,7.944063,OK,normal,normal,0.0,0.0
run_0009,0,2023-11-15T01:49:40.140290+00:00,node_2,8.428421,OK,normal,normal,0.0,0.0
run_0009,0,2023-11-15T01:49:40.202474+00:00,node_3,8.355641,OK,normal,normal,0.0,0.0
run_0009,1,2023-11-15T01:49:59.854150+00:00,node_1,7.99939,OK,normal,normal,0.0,0.0
run_0009,1,2023-11-15T01:49:59.871906+00:00,node_2,8.219792,OK,normal,normal,0.0,0.0
run_0009,1,2023-11-15T01:50:00.187579+00:00,node_3,8.026344,OK,normal,normal,0.0,0.0
run_0009,2,2023-11-15T01:50:19.891562+00:00,node_1,8.036323,OK,normal,normal,0.0,0.0
run_0009,2,2023-11-15T01:50:19.932283+00:00,node_2,8.513621,OK,normal,normal,0.0,0.0
run_0009,2,2023-11-15T01:50:20.179343+00:00,node_3,8.505862,OK,normal,normal,0.0,0.0
run_0009,3,2023-11-15T01:50:40.150714+00:00,node_1,8.438416,OK,normal,normal,0.0,0.0
run_0009,3,2023-11-15T01:50:40.272582+00:00,node_2,8.642766,OK,normal,normal,0.0,0.0
run_0009,3,2023-11-15T01:50:40.072749+00:00,node_3,8.489865,OK,normal,normal,0.0,0.0
run_0009,4,2023-11-15T01:51:00.232834+00:00,node_1,8.379406,OK,normal,normal,0.0,0.0
run_0009,4,2023-11-15T01:51:00.047242+00:00,node_2,8.161886,OK,normal,normal,0.0,0.0
run_0009,4,2023-11-15T01:51:00.235645+00:00,node_3,8.327512,OK,normal,normal,0.0,0.0
run_0009,5,2023-11-15T01:51:20.201918+00:00,node_1,8.480765,OK,normal,normal,0,0
run_0009,5,2023-11-15T01:51:20.373008+00:00,node_2,8.38256,OK,normal,normal,0,0
run_0009,5,2023-11-15T01:51:20.337494+00:00,node_3,8.195096,OK,normal,normal,0,0
run_0009,6,2023-11-15T01:51:40.125516+00:00,node_1,8.244689,OK,normal,normal,0,0
run_0009,6,2023-11-15T01:51:40.072118+00:00,node_2,8.635853,OK,normal,normal,0,0
run_0009,6,2023-11-15T01:51:40.033091+00:00,node_3,8.245553,OK,normal,normal,0,0
run_0009,7,2023-11-15T01:51:59.868530+00:00,node_1,8.137618,OK,normal,normal,0,0
run_0009,7,2023-11-15T01:52:00.198152+00:00,node_2,8.14726,OK,normal,normal,0,0
run_0009,7,2023-11-15T01:51:59.909113+00:00,node_3,8.410304,OK,normal,normal,0,0
run_0009,8,2023-11-15T01:52:20.108417+00:00,node_1,8.375019,OK,normal,normal,0,0
run_0009,8,2023-11-15T01:52:20.418784+00:00,node_2,8.306767,OK,normal,normal,0,0
run_0009,8,2023-11-15T01:52:20.211766+00:00,node_3,8.457429,OK,normal,normal,0,0
run_0009,9,2023-11-15T01:52:40.348842+00:00,node_1,8.321285,OK,normal,normal,0,0
run_0009,9,2023-11-15T01:52:40.308890+00:00,node_2,8.255291,OK,normal,normal,0,0
run_0009,9,2023-11-15T01:52:40.359995+00:00,node_3,8.538333,OK,normal,normal,0,0
run_0009,10,2023-11-15T01:53:00.478185+00:00,node_1,8.173195,OK,normal,normal,0,0
run_0009,10,2023-11-15T01:53:00.120559+00:00,node_2,8.305892,OK,normal,normal,0,0
run_0009,10,2023-11-15T01:53:00.282022+00:00,node_3,8.161264,OK,normal,normal,0,0
run_0009,11,2023-11-15T01:53:20.255285+00:00,node_1,8.467981,OK,normal,normal,0,0
run_0009,11,2023-11-15T01:53:20.167327+00:00,node_2,8.234977,OK,normal,normal,0,0
run_0009,11,2023-11-15T01:53:20.244008+00:00,node_3,8.211252,OK,normal,normal,0,0
run_0009,12,2023-11-15T01:53:40.282989+00:00,node_1,8.360556,OK,normal,normal,0,0
run_0009,12,2023-11-15T01:53:40.370839+00:00,node_2,8.930514,OK,normal,normal,0,0
run_0009,12,2023-11-15T01:53:40.123388+00:00,node_3,8.596987,OK,normal,normal,0,0
run_0009,13,2023-11-15T01:54:00.703536+00:00,node_1,8.361766,OK,normal,normal,0,0
run_0009,13,2023-11-15T01:54:00.457158+00:00,node_2,8.18263,OK,normal,normal,0,0
run_0009,13,2023-11-15T01:54:00.461428+00:00,node_3,8.818996,OK,normal,normal,0,0
run_0009,14,2023-11-15T01:54:20.357136+00:00,node_1,8.377037,OK,normal,normal,0,0
run_0009,14,2023-11-15T01:54:20.224717+00:00,node_2,8.054929,OK,normal,normal,0,0
run_0009,14,2023-11-15T01:54:20.234405+00:00,node_3,8.61389,OK,normal,normal,0,0
run_0009,15,2023-11-15T01:54:40.276157+00:00,node_1,8.207295,OK,normal,normal,0,0
run_0009,15,2023-11-15T01:54:40.011890+00:00,node_2,8.417495,OK,normal,normal,0,0
run_0009,15,2023-11-15T01:54:40.063101+00:00,node_3,8.582793,OK,normal,normal,0,0
run_0009,16,2023-11-15T01:55:00.271715+00:00,node_1,8.347542,OK,normal,normal,0,0
run_0009,16,2023-11-15T01:55:00.420335+00:00,node_2,8.246359,OK,normal,normal,0,0
run_0009,16,2023-11-15T01:55:00.591819+00:00,node_3,8.437193,OK,normal,normal,0,0
run_0009,17,2023-11-15T01:55:20.020040+00:00,node_1,8.533278,OK,normal,normal,0,0
run_0009,17,2023-11-15T01:55:20.302629+00:00,node_2,8.567255,OK,normal,normal,0,0
run_0009,17,2023-11-15T01:55:20.250825+00:00,node_3,8.627951,OK,normal,normal,0,0
run_0009,18,2023-11-15T01:55:39.640823+00:00,node_1,8.325524,OK,normal,normal,0,0
run_0009,18,2023-11-15T01:55:39.809722+00:00,node_2,8.473302,OK,normal,normal,0,0
run_0009,18,2023-11-15T01:55:39.875211+00:00,node_3,8.61691,OK,normal,normal,0,0
run_0009,19,2023-11-15T01:55:59.574228+00:00,node_1,8.439689,OK,normal,normal,0,0
run_0009,19,2023-11-15T01:55:59.512412+00:00,node_2,8.191595,OK,normal,normal,0,0
run_0009,19,2023-11-15T01:55:59.597289+00:00,node_3,8.528943,OK,normal,normal,0,0
run_0009,20,2023-11-15T01:56:19.987738+00:00,node_1,8.453156,OK,normal,normal,0,0
run_0009,20,2023-11-15T01:56:19.985058+00:00,node_2,8.53853,OK,normal,normal,0,0
run_0009,20,2023-11-15T01:56:19.804485+00:00,node_3,8.42724,OK,normal,normal,0,0
run_0009,21,2023-11-15T01:56:39.863355+00:00,node_1,8.20386,OK,normal,normal,0,0
run_0009,21,2023-11-15T01:56:39.785615+00:00,node_2,8.408564,OK,normal,normal,0,0
run_0009,21,2023-11-15T01:56:40.120825+00:00,node_3,8.349788,OK,normal,normal,0,0
run_0009,22,2023-11-15T01:57:00.046314+00:00,node_1,8.784252,OK,normal,normal,0,0
run_0009,22,2023-11-15T01:56:59.898970+00:00,node_2,8.509463,OK,normal,normal,0,0
run_0009,22,2023-11-15T01:56:59.781767+00:00,node_3,8.564847,OK,normal,normal,0,0
run_0009,23,2023-11-15T01:57:19.785472+00:00,node_1,8.300935,OK,normal,normal,0,0
run_0009,23,2023-11-15T01:57:19.859565+00:00,node_2,8.427849,OK,normal,normal,0,0
run_0009,23,2023-11-15T01:57:19.848540+00:00,node_3,8.362288,OK,normal,normal,0,0
run_0009,24,2023-11-15T01:57:39.695877+00:00,node_1,11.70042,OK,normal,normal,0,0
run_0009,24,2023-11-15T01:57:39.817838+00:00,node_2,11.587014,OK,normal,normal,0,0
run_0009,24,2023-11-15T01:57:39.621954+00:00,node_3,11.865978,OK,normal,normal,0,0
run_0009,25,2023-11-15T01:57:59.775244+00:00,node_1,11.692361,OK,normal,normal,0,0
run_0009,25,2023-11-15T01:57:59.742251+00:00,node_2,11.276339,OK,normal,normal,0,0
run_0009,25,2023-11-15T01:57:59.739322+00:00,node_3,11.527967,OK,normal,normal,0,0
run_0009,26,2023-11-15T01:58:20.030713+00:00,node_1,11.347032,OK,normal,normal,0,0
run_0009,26,2023-11-15T01:58:20.013864+00:00,node_2,11.076071,OK,normal,normal,0,0
run_0009,26,2023-11-15T01:58:19.968259+00:00,node_3,11.614878,OK,normal,normal,0,0
run_0009,27,2023-11-15T01:58:39.915065+00:00,node_1,11.678485,OK,normal,normal,0,0
run_0009,27,2023-11-15T01:58:39.953372+00:00,node_2,11.5688,OK,normal,normal,0,0
run_0009,27,2023-11-15T01:58:39.768532+00:00,node_3,11.458099,OK,normal,normal,0,0
run_0009,28,2023-11-15T01:58:59.810287+00:00,node_1,11.709922,OK,normal,normal,0,0
run_0009,28,2023-11-15T01:59:00.096747+00:00,node_2,11.633176,OK,normal,normal,0,0
run_0009,28,2023-11-15T01:59:00.137136+00:00,node_3,11.563427,OK,normal,normal,0,0
run_0009,29,2023-11-15T01:59:19.753562+00:00,node_1,11.587768,OK,normal,normal,0,0
run_0009,29,2023-11-15T01:59:19.750648+00:00,node_2,11.678228,OK,normal,normal,0,0
run_0009,29,2023-11-15T01:59:19.753048+00:00,node_3,11.389673,OK,normal,normal,0,0
run_0009,30,2023-11-15T01:59:39.434891+00:00,node_1,11.230551,OK,normal,normal,0,0
run_0009,30,2023-11-15T01:59:39.436064+00:00,node_2,11.528075,OK,normal,normal,0,0
run_0009,30,2023-11-15T01:59:39.534863+00:00,node_3,11.435401,OK,normal,normal,0,0
run_0009,31,2023-11-15T01:59:59.601928+00:00,node_1,11.456036,OK,normal,normal,0.0,0.0
run_0009,31,2023-11-15T01:59:59.330346+00:00,node_2,11.733443,OK,normal,normal,0.0,0.0
run_0009,31,2023-11-15T01:59:59.402900+00:00,node_3,11.337503,OK,normal,normal,0.0,0.0
run_0009,32,2023-11-15T02:00:19.089510+00:00,node_1,11.714992,OK,normal,normal,0.0,0.0
run_0009,32,2023-11-15T02:00:18.959517+00:00,node_2,12.092868,OK,normal,normal,0.0,0.0
run_0009,32,2023-11-15T02:00:18.931127+00:00,node_3,11.561396,OK,normal,normal,0.0,0.0
run_0009,33,2023-11-15T02:00:39.181917+00:00,node_1,11.431089,OK,normal,normal,0.0,0.0
run_0009,33,2023-11-15T02:00:39.419371+00:00,node_2,11.979953,OK,normal,normal,0.0,0.0
run_0009,33,2023-11-15T02:00:39.362228+00:00,node_3,11.698182,OK,normal,normal,0.0,0.0
run_0009,34,2023-11-15T02:00:59.479102+00:00,node_1,11.192868,OK,normal,normal,0.0,0.0
run_0009,34,2023-11-15T02:00:59.370079+00:00,node_2,11.888424,OK,normal,normal,0.0,0.0
run_0009,34,2023-11-15T02:00:59.450372+00:00,node_3,11.569192,OK,normal,normal,0.0,0.0
run_0009,35,2023-11-15T02:01:19.355564+00:00,node_1,12.102739,OK,normal,normal,0.0,0.0
run_0009,35,2023-11-15T02:01:19.108508+00:00,node_2,11.978812,OK,normal,normal,0.0,0.0
run_0009,35,2023-11-15T02:01:19.426324+00:00,node_3,11.55275,OK,normal,normal,0.0,0.0
run_0010,0,2023-11-15T02:13:39.591221+00:00,node_1,10.639223,OK,normal,normal,0.0,0.0
run_0010,0,2023-11-15T02:13:39.919761+00:00,node_2,10.30129,OK,normal,normal,0.0,0.0
run_0010,0,2023-11-15T02:13:39.696922+00:00,node_3,9.854472,OK,normal,normal,0.0,0.0
run_0010,1,2023-11-15T02:14:00.176663+00:00,node_1,10.379353,OK,normal,normal,0.0,0.0
run_0010,1,2023-11-15T02:14:00.024066+00:00,node_2,10.892886,OK,normal,normal,0.0,0.0
run_0010,1,2023-11-15T02:14:00.161928+00:00,node_3,10.142082,OK,normal,normal,0.0,0.0
run_0010,2,2023-11-15T02:14:20.380256+00:00,node_1,10.705358,OK,normal,normal,0.0,0.0
run_0010,2,2023-11-15T02:14:20.639186+00:00,node_2,10.588989,OK,normal,normal,0.0,0.0
run_0010,2,2023-11-15T02:14:20.320549+00:00,node_3,10.434691,OK,normal,normal,0.0,0.0
run_0010,3,2023-11-15T02:14:40.630883+00:00,node_1,9.966449,OK,normal,normal,0.0,0.0
run_0010,3,2023-11-15T02:14:40.479349+00:00,node_2,10.304653,OK,normal,normal,0.0,0.0
run_0010,3,2023-11-15T02:14:40.554894+00:00,node_3,10.459946,OK,normal,normal,0.0,0.0
run_0010,4,2023-11-15T02:15:00.431692+00:00,node_1,10.436869,OK,normal,normal,0.0,0.0
run_0010,4,2023-11-15T02:15:00.335891+00:00,node_2,10.884426,OK,normal,normal,0.0,0.0
run_0010,4,2023-11-15T02:15:00.290143+00:00,node_3,10.36144,OK,normal,normal,0.0,0.0
run_0010,5,2023-11-15T02:15:20.521098+00:00,node_1,10.57264,OK,normal,minor,0,7.232372139806424
run_0010,5,2023-11-15T02:15:20.240540+00:00,node_2,10.270541,OK,normal,minor,0,7.232372139806424
run_0010,5,2023-11-15T02:15:20.204961+00:00,node_3,9.446386,OK,normal,minor,0,7.232372139806424
run_0010,6,2023-11-15T02:15:40.832752+00:00,node_1,10.535213,OK,normal,minor,0,7.232372139806424
run_0010,6,2023-11-15T02:15:40.602271+00:00,node_2,10.498332,OK,normal,minor,0,7.232372139806424
run_0010,6,2023-11-15T02:15:40.744881+00:00,node_3,9.673451,OK,normal,minor,0,7.232372139806424
run_0010,7,2023-11-15T02:16:00.727337+00:00,node_1,10.342358,OK,normal,minor,0,7.232372139806424
run_0010,7,2023-11-15T02:16:00.502122+00:00,node_2,10.241488,OK,normal,minor,0,7.232372139806424
run_0010,7,2023-11-15T02:16:00.866701+00:00,node_3,9.509417,OK,normal,minor,0,7.232372139806424
run_0010,8,2023-11-15T02:16:20.262225+00:00,node_1,10.325359,OK,normal,minor,0,7.232372139806424
run_0010,8,2023-11-15T02:16:20.500601+00:00,node_2,10.464481,OK,normal,minor,0,7.232372139806424
run_0010,8,2023-11-15T02:16:20.510537+00:00,node_3,9.779722,OK,normal,minor,0,7.232372139806424
run_0010,9,2023-11-15T02:16:40.500721+00:00,node_1,10.538735,OK,normal,minor,0,7.232372139806424
run_0010,9,2023-11-15T02:16:40.741643+00:00,node_2,10.652134,OK,normal,minor,0,7.232372139806424
run_0010,9,2023-11-15T02:16:40.467137+00:00,node_3,9.706801,OK,normal,minor,0,7.232372139806424
run_0010,10,2023-11-15T02:17:00.559173+00:00,node_1,10.406416,OK,normal,minor,0,7.232372139806424
run_0010,10,2023-11-15T02:17:00.304659+00:00,node_2,10.243752,OK,normal,minor,0,7.232372139806424
run_0010,10,2023-11-15T02:17:00.362697+00:00,node_3,9.517323,OK,normal,minor,0,7.232372139806424
run_0010,11,2023-11-15T02:17:20.251155+00:00,node_1,10.675078,OK,normal,minor,0,7.232372139806424
run_0010,11,2023-11-15T02:17:20.392230+00:00,node_2,10.307481,OK,normal,minor,0,7.232372139806424
run_0010,11,2023-11-15T02:17:20.164268+00:00,node_3,9.863053,OK,normal,minor,0,7.232372139806424
run_0010,12,2023-11-15T02:17:40.341424+00:00,node_1,8.688703,OK,normal,minor,0,7.232372139806424
run_0010,12,2023-11-15T02:17:40.253611+00:00,node_2,8.804132,OK,normal,minor,0,7.232372139806424
run_0010,12,2023-11-15T02:17:40.270539+00:00,node_3,8.352675,OK,normal,minor,0,7.232372139806424
run_0010,13,2023-11-15T02:17:59.846709+00:00,node_1,8.498306,OK,normal,minor,0,7.232372139806424
run_0010,13,2023-11-15T02:18:00.200708+00:00,node_2,8.656931,OK,normal,minor,0,7.232372139806424
run_0010,13,2023-11-15T02:18:00.048316+00:00,node_3,8.300234,OK,normal,minor,0,7.232372139806424
run_0010,14,2023-11-15T02:18:20.022760+00:00,node_1,8.542816,OK,normal,minor,0,7.232372139806424
run_0010,14,2023-11-15T02:18:20.045237+00:00,node_2,8.492443,OK,normal,minor,0,7.232372139806424
run_0010,14,2023-11-15T02:18:20.207969+00:00,node_3,8.113844,OK,normal,minor,0,7.232372139806424
run_0010,15,2023-11-15T02:18:40.122039+00:00,node_1,9.05256,OK,normal,minor,0,7.232372139806424
run_0010,15,2023-11-15T02:18:40.156497+00:00,node_2,8.511092,OK,normal,minor,0,7.232372139806424
run_0010,15,2023-11-15T02:18:40.107331+00:00,node_3,8.232049,OK,normal,minor,0,7.232372139806424
run_0010,16,2023-11-15T02:19:00.001687+00:00,node_1,9.033447,OK,normal,minor,0,7.232372139806424
run_0010,16,2023-11-15T02:19:00.255920+00:00,node_2,9.320249,OK,normal,minor,0,7.232372139806424
run_0010,16,2023-11-15T02:18:59.983010+00:00,node_3,8.156155,OK,normal,minor,0,7.232372139806424
run_0010,17,2023-11-15T02:19:20.270143+00:00,node_1,8.806694,OK,normal,minor,0,7.232372139806424
run_0010,17,2023-11-15T02:19:19.974390+00:00,node_2,8.608594,OK,normal,minor,0,7.232372139806424
run_0010,17,2023-11-15T02:19:20.235558+00:00,node_3,7.96828,OK,normal,minor,0,7.232372139806424
run_0010,18,2023-11-15T02:19:40.361517+00:00,node_1,8.882068,OK,normal,minor,0,7.232372139806424
run_0010,18,2023-11-15T02:19:40.385838+00:00,node_2,8.766422,OK,normal,minor,0,7.232372139806424
run_0010,18,2023-11-15T02:19:40.551961+00:00,node_3,8.297673,OK,normal,minor,0,7.232372139806424
run_0010,19,2023-11-15T02:20:00.599653+00:00,node_1,8.556565,OK,normal,minor,0,7.232372139806424
run_0010,19,2023-11-15T02:20:00.666989+00:00,node_2,8.640035,OK,normal,minor,0,7.232372139806424
run_0010,19,2023-11-15T02:20:00.735166+00:00,node_3,8.128886,OK,normal,minor,0,7.232372139806424
run_0010,20,2023-11-15T02:20:20.823931+00:00,node_1,8.722362,OK,normal,minor,0,7.232372139806424
run_0010,20,2023-11-15T02:20:20.921083+00:00,node_2,8.796981,OK,normal,minor,0,7.232372139806424
run_0010,20,2023-11-15T02:20:20.947891+00:00,node_3,8.391908,OK,normal,minor,0,7.232372139806424
run_0010,21,2023-11-15T02:20:40.704956+00:00,node_1,8.69586,OK,normal,minor,0,7.232372139806424
run_0010,21,2023-11-15T02:20:40.933432+00:00,node_2,8.679423,OK,normal,minor,0,7.232372139806424
run_0010,21,2023-11-15T02:20:40.967435+00:00,node_3,8.142923,OK,normal,minor,0,7.232372139806424
run_0010,22,2023-11-15T02:21:00.416028+00:00,node_1,8.697131,OK,normal,minor,0,7.232372139806424
run_0010,22,2023-11-15T02:21:00.679809+00:00,node_2,8.808018,OK,normal,minor,0,7.232372139806424
run_0010,22,2023-11-15T02:21:00.329089+00:00,node_3,7.802439,OK,normal,minor,0,7.232372139806424
run_0010,23,2023-11-15T02:21:20.771552+00:00,node_1,8.874218,OK,normal,minor,0,7.232372139806424
run_0010,23,2023-11-15T02:21:20.922465+00:00,node_2,8.734692,OK,normal,minor,0,7.232372139806424
run_0010,23,2023-11-15T02:21:20.628659+00:00,node_3,8.046473,OK,normal,minor,0,7.232372139806424
run_0010,24,2023-11-15T02:21:41.120989+00:00,node_1,9.675275,OK,normal,minor,0,7.232372139806424
run_0010,24,2023-11-15T02:21:41.038836+00:00,node_2,9.759127,OK,normal,minor,0,7.232372139806424
run_0010,24,2023-11-15T02:21:41.283868+00:00,node_3,9.019065,OK,normal,minor,0,7.232372139806424
run_0010,25,2023-11-15T02:22:01.475443+00:00,node_1,9.406236,OK,normal,minor,0,7.232372139806424
run_0010,25,2023-11-15T02:22:01.271485+00:00,node_2,9.707004,OK,normal,minor,0,7.232372139806424
run_0010,25,2023-11-15T02:22:01.349754+00:00,node_3,9.088139,OK,normal,minor,0,7.232372139806424
run_0010,26,2023-11-15T02:22:20.867135+00:00,node_1,9.539161,OK,normal,minor,0,7.232372139806424
run_0010,26,2023-11-15T02:22:21.190347+00:00,node_2,10.019102,OK,normal,minor,0,7.232372139806424
run_0010,26,2023-11-15T02:22:20.955352+00:00,node_3,9.483376,OK,normal,minor,0,7.232372139806424
run_0010,27,2023-11-15T02:22:40.930306+00:00,node_1,9.721461,OK,normal,minor,0,7.232372139806424
run_0010,27,2023-11-15T02:22:41.074879+00:00,node_2,10.000417,OK,normal,minor,0,7.232372139806424
run_0010,27,2023-11-15T02:22:40.870264+00:00,node_3,8.973414,OK,normal,minor,0,7.232372139806424
run_0010,28,2023-11-15T02:23:00.516199+00:00,node_1,9.922618,OK,normal,minor,0,7.232372139806424
run_0010,28,2023-11-15T02:23:00.585069+00:00,node_2,9.935506,OK,normal,minor,0,7.232372139806424
run_0010,28,2023-11-15T02:23:00.510571+00:00,node_3,8.86529,OK,normal,minor,0,7.232372139806424
run_0010,29,2023-11-15T02:23:20.874787+00:00,node_1,9.492126,OK,normal,minor,0,7.232372139806424
run_0010,29,2023-11-15T02:23:20.989662+00:00,node_2,9.725571,OK,normal,minor,0,7.232372139806424
run_0010,29,2023-11-15T02:23:21.146726+00:00,node_3,9.161824,OK,normal,minor,0,7.232372139806424
run_0010,30,2023-11-15T02:23:41.154081+00:00,node_1,9.503224,OK,normal,minor,0,7.232372139806424
run_0010,30,2023-11-15T02:23:41.358569+00:00,node_2,9.726886,OK,normal,minor,0,7.232372139806424
run_0010,30,2023-11-15T02:23:41.353477+00:00,node_3,9.060735,OK,normal,minor,0,7.232372139806424
run_0010,31,2023-11-15T02:24:00.894023+00:00,node_1,9.715029,OK,normal,normal,0.0,0.0
run_0010,31,2023-11-15T02:24:00.975600+00:00,node_2,10.038234,OK,normal,normal,0.0,0.0
run_0010,31,2023-11-15T02:24:00.775750+00:00,node_3,9.882267,OK,normal,normal,0.0,0.0
run_0010,32,2023-11-15T02:24:21.177776+00:00,node_1,9.592245,OK,normal,normal,0.0,0.0
run_0010,32,2023-11-15T02:24:21.213865+00:00,node_2,9.688648,OK,normal,normal,0.0,0.0
run_0010,32,2023-11-15T02:24:21.298064+00:00,node_3,9.88177,OK,normal,normal,0.0,0.0
run_0010,33,2023-11-15T02:24:41.491240+00:00,node_1,9.823616,OK,normal,normal,0.0,0.0
run_0010,33,2023-11-15T02:24:41.436327+00:00,node_2,9.595545,OK,normal,normal,0.0,0.0
run_0010,33,2023-11-15T02:24:41.545571+00:00,node_3,9.458237,OK,normal,normal,0.0,0.0
run_0010,34,2023-11-15T02:25:01.399409+00:00,node_1,9.871844,OK,normal,normal,0.0,0.0
run_0010,34,2023-11-15T02:25:01.718471+00:00,node_2,10.084323,OK,normal,normal,0.0,0.0
run_0010,34,2023-11-15T02:25:01.478333+00:00,node_3,9.771445,OK,normal,normal,0.0,0.0
run_0010,35,2023-11-15T02:25:21.602721+00:00,node_1,9.727382,OK,normal,normal,0.0,0.0
run_0010,35,2023-11-15T02:25:21.864921+00:00,node_2,9.894801,OK,normal,normal,0.0,0.0
run_0010,35,2023-11-15T02:25:21.863695+00:00,node_3,9.421185,OK,normal,normal,0.0,0.0
run_0011,0,2023-11-15T02:37:40.353285+00:00,node_1,10.849287,OK,normal,normal,0.0,0.0
run_0011,0,2023-11-15T02:37:40.426792+00:00,node_2,10.960015,OK,normal,normal,0.0,0.0
run_0011,0,2023-11-15T02:37:40.273941+00:00,node_3,10.710442,OK,normal,normal,0.0,0.0
run_0011,1,2023-11-15T02:38:00.693174+00:00,node_1,10.904176,OK,normal,normal,0.0,0.0
run_0011,1,2023-11-15T02:38:00.582141+00:00,node_2,10.915808,OK,normal,normal,0.0,0.0
run_0011,1,2023-11-15T02:38:00.717383+00:00,node_3,10.477702,OK,normal,normal,0.0,0.0
run_0011,2,2023-11-15T02:38:20.690767+00:00,node_1,10.56502,OK,normal,normal,0.0,0.0
run_0011,2,2023-11-15T02:38:20.975064+00:00,node_2,10.780105,OK,normal,normal,0.0,0.0
run_0011,2,2023-11-15T02:38:20.956893+00:00,node_3,10.78657,OK,normal,normal,0.0,0.0
run_0011,3,2023-11-15T02:38:40.433901+00:00,node_1,10.435712,OK,normal,normal,0.0,0.0
run_0011,3,2023-11-15T02:38:40.521015+00:00,node_2,10.4004,OK,normal,normal,0.0,0.0
run_0011,3,2023-11-15T02:38:40.713417+00:00,node_3,10.893758,OK,normal,normal,0.0,0.0
run_0011,4,2023-11-15T02:39:00.603720+00:00,node_1,10.805738,OK,normal,normal,0.0,0.0
run_0011,4,2023-11-15T02:39:00.496664+00:00,node_2,10.216515,OK,normal,normal,0.0,0.0
run_0011,4,2023-11-15T02:39:00.640955+00:00,node_3,10.715906,OK,normal,normal,0.0,0.0
run_0011,5,2023-11-15T02:39:20.267206+00:00,node_1,10.525533,OK,normal,major,0,43.03207993981527
run_0011,5,2023-11-15T02:39:19.941832+00:00,node_2,10.560737,OK,normal,major,0,43.03207993981527
run_0011,5,2023-11-15T02:39:20.261903+00:00,node_3,6.162145,OK,normal,major,0,43.03207993981527
run_0011,6,2023-11-15T02:39:39.857861+00:00,node_1,10.858927,OK,normal,major,0,43.03207993981527
run_0011,6,2023-11-15T02:39:39.756653+00:00,node_2,10.853615,OK,normal,major,0,43.03207993981527
run_0011,6,2023-11-15T02:39:39.916367+00:00,node_3,5.998399,OK,normal,major,0,43.03207993981527
run_0011,7,2023-11-15T02:39:59.923982+00:00,node_1,10.570872,OK,normal,major,0,43.03207993981527
run_0011,7,2023-11-15T02:39:59.962663+00:00,node_2,10.540452,OK,normal,major,0,43.03207993981527
run_0011,7,2023-11-15T02:40:00.157730+00:00,node_3,6.004906,OK,normal,major,0,43.03207993981527
run_0011,8,2023-11-15T02:40:19.893564+00:00,node_1,10.393062,OK,normal,major,0,43.03207993981527
run_0011,8,2023-11-15T02:40:19.841532+00:00,node_2,10.894696,OK,normal,major,0,43.03207993981527
run_0011,8,2023-11-15T02:40:19.749494+00:00,node_3,6.153293,OK,normal,major,0,43.03207993981527
run_0011,9,2023-11-15T02:40:40.040165+00:00,node_1,10.65923,OK,normal,major,0,43.03207993981527
run_0011,9,2023-11-15T02:40:40.089284+00:00,node_2,10.601308,OK,normal,major,0,43.03207993981527
run_0011,9,2023-11-15T02:40:40.293690+00:00,node_3,6.06935,OK,normal,major,0,43.03207993981527
run_0011,10,2023-11-15T02:40:59.812390+00:00,node_1,10.328537,OK,normal,major,0,43.03207993981527
run_0011,10,2023-11-15T02:40:59.764433+00:00,node_2,10.533602,OK,normal,major,0,43.03207993981527
run_0011,10,2023-11-15T02:40:59.866281+00:00,node_3,5.936591,OK,normal,major,0,43.03207993981527
run_0011,11,2023-11-15T02:41:19.903078+00:00,node_1,11.03305,OK,normal,major,0,43.03207993981527
run_0011,11,2023-11-15T02:41:20.022345+00:00,node_2,10.607023,OK,normal,major,0,43.03207993981527
run_0011,11,2023-11-15T02:41:19.918931+00:00,node_3,6.283464,OK,normal,major,0,43.03207993981527
run_0011,12,2023-11-15T02:41:40.237876+00:00,node_1,12.350889,OK,normal,major,0,43.03207993981527
run_0011,12,2023-11-15T02:41:40.461458+00:00,node_2,12.148565,OK,normal,major,0,43.03207993981527
run_0011,12,2023-11-15T02:41:40.255533+00:00,node_3,7.103304,OK,normal,major,0,43.03207993981527
run_0011,13,2023-11-15T02:42:00.170541+00:00,node_1,11.863577,OK,normal,major,0,43.03207993981527
run_0011,13,2023-11-15T02:42:00.023547+00:00,node_2,11.873354,OK,normal,major,0,43.03207993981527
run_0011,13,2023-11-15T02:42:00.137127+00:00,node_3,6.791219,OK,normal,major,0,43.03207993981527
run_0011,14,2023-11-15T02:42:19.720695+00:00,node_1,11.882827,OK,normal,major,0,43.03207993981527
run_0011,14,2023-11-15T02:42:19.771589+00:00,node_2,12.760028,OK,normal,major,0,43.03207993981527
run_0011,14,2023-11-15T02:42:19.768229+00:00,node_3,6.981492,OK,normal,major,0,43.03207993981527
run_0011,15,2023-11-15T02:42:39.274696+00:00,node_1,11.740038,OK,normal,major,0,43.03207993981527
run_0011,15,2023-11-15T02:42:39.183846+00:00,node_2,11.718668,OK,normal,major,0,43.03207993981527
run_0011,15,2023-11-15T02:42:39.400672+00:00,node_3,6.77979,OK,normal,major,0,43.03207993981527
run_0011,16,2023-11-15T02:42:59.491837+00:00,node_1,12.299943,OK,normal,major,0,43.03207993981527
run_0011,16,2023-11-15T02:42:59.281709+00:00,node_2,11.932364,OK,normal,major,0,43.03207993981527
run_0011,16,2023-11-15T02:42:59.559105+00:00,node_3,7.006594,OK,normal,major,0,43.03207993981527
run_0011,17,2023-11-15T02:43:18.956380+00:00,node_1,11.870429,OK,normal,major,0,43.03207993981527
run_0011,17,2023-11-15T02:43:18.990675+00:00,node_2,12.120433,OK,normal,major,0,43.03207993981527
run_0011,17,2023-11-15T02:43:19.015973+00:00,node_3,6.891055,OK,normal,major,0,43.03207993981527
run_0011,18,2023-11-15T02:43:39.047432+00:00,node_1,12.369084,OK,normal,major,0,43.03207993981527
run_0011,18,2023-11-15T02:43:39.012370+00:00,node_2,12.291785,OK,normal,major,0,43.03207993981527
run_0011,18,2023-11-15T02:43:39.302542+00:00,node_3,6.887751,OK,normal,major,0,43.03207993981527
run_0011,19,2023-11-15T02:43:59.156527+00:00,node_1,12.018166,OK,normal,major,0,43.03207993981527
run_0011,19,2023-11-15T02:43:58.853433+00:00,node_2,12.201388,OK,normal,major,0,43.03207993981527
run_0011,19,2023-11-15T02:43:58.829808+00:00,node_3,6.673654,OK,normal,major,0,43.03207993981527
run_0011,20,2023-11-15T02:44:18.905496+00:00,node_1,11.880101,OK,normal,major,0,43.03207993981527
run_0011,20,2023-11-15T02:44:18.921548+00:00,node_2,12.081212,OK,normal,major,0,43.03207993981527
run_0011,20,2023-11-15T02:44:18.988850+00:00,node_3,7.241176,OK,normal,major,0,43.03207993981527
run_0011,21,2023-11-15T02:44:38.599213+00:00,node_1,12.062197,OK,normal,major,0,43.03207993981527
run_0011,21,2023-11-15T02:44:38.778403+00:00,node_2,12.075042,OK,normal,major,0,43.03207993981527
run_0011,21,2023-11-15T02:44:38.520986+00:00,node_3,6.730458,OK,normal,major,0,43.03207993981527
run_0011,22,2023-11-15T02:44:58.954892+00:00,node_1,12.145405,OK,normal,major,0,43.03207993981527
run_0011,22,2023-11-15T02:44:58.864635+00:00,node_2,12.127388,OK,normal,major,0,43.03207993981527
run_0011,22,2023-11-15T02:44:58.938272+00:00,node_3,6.961409,OK,normal,major,0,43.03207993981527
run_0011,23,2023-11-15T02:45:19.065478+00:00,node_1,12.255096,OK,normal,major,0,43.03207993981527
run_0011,23,2023-11-15T02:45:19.101063+00:00,node_2,11.520327,OK,normal,major,0,43.03207993981527
run_0011,23,2023-11-15T02:45:19.146616+00:00,node_3,7.052901,OK,normal,major,0,43.03207993981527
run_0011,24,2023-11-15T02:45:39.318090+00:00,node_1,10.827112,OK,normal,major,0,43.03207993981527
run_0011,24,2023-11-15T02:45:39.649854+00:00,node_2,11.128182,OK,normal,major,0,43.03207993981527
run_0011,24,2023-11-15T02:45:39.336626+00:00,node_3,6.313801,OK,normal,major,0,43.03207993981527
run_0011,25,2023-11-15T02:45:59.477047+00:00,node_1,10.903844,OK,normal,major,0,43.03207993981527
run_0011,25,2023-11-15T02:45:59.349129+00:00,node_2,11.21739,OK,normal,major,0,43.03207993981527
run_0011,25,2023-11-15T02:45:59.217216+00:00,node_3,6.452156,OK,normal,major,0,43.03207993981527
run_0011,26,2023-11-15T02:46:19.405523+00:00,node_1,10.779902,OK,normal,major,0,43.03207993981527
run_0011,26,2023-11-15T02:46:19.517775+00:00,node_2,11.400022,OK,normal,major,0,43.03207993981527
run_0011,26,2023-11-15T02:46:19.371650+00:00,node_3,6.410232,OK,normal,major,0,43.03207993981527
run_0011,27,2023-11-15T02:46:39.433723+00:00,node_1,11.494588,OK,normal,major,0,43.03207993981527
run_0011,27,2023-11-15T02:46:39.388556+00:00,node_2,11.212891,OK,normal,major,0,43.03207993981527
run_0011,27,2023-11-15T02:46:39.553710+00:00,node_3,6.204961,OK,normal,major,0,43.03207993981527
run_0011,28,2023-11-15T02:46:59.578659+00:00,node_1,11.403197,OK,normal,major,0,43.03207993981527
run_0011,28,2023-11-15T02:46:59.397858+00:00,node_2,11.450593,OK,normal,major,0,43.03207993981527
run_0011,28,2023-11-15T02:46:59.436727+00:00,node_3,6.475231,OK,normal,major,0,43.03207993981527
run_0011,29,2023-11-15T02:47:19.662801+00:00,node_1,11.405944,OK,normal,major,0,43.03207993981527
run_0011,29,2023-11-15T02:47:19.696823+00:00,node_2,11.205716,OK,normal,major,0,43.03207993981527
run_0011,29,2023-11-15T02:47:19.502234+00:00,node_3,6.339399,OK,normal,major,0,43.03207993981527
run_0011,30,2023-11-15T02:47:39.748486+00:00,node_1,10.918338,OK,normal,major,0,43.03207993981527
run_0011,30,2023-11-15T02:47:40.106598+00:00,node_2,11.122855,OK,normal,major,0,43.03207993981527
run_0011,30,2023-11-15T02:47:39.738680+00:00,node_3,6.437978,OK,normal,major,0,43.03207993981527
run_0011,31,2023-11-15T02:47:59.590705+00:00,node_1,10.995123,OK,normal,normal,0.0,0.0
run_0011,31,2023-11-15T02:47:59.675945+00:00,node_2,10.791523,OK,normal,normal,0.0,0.0
run_0011,31,2023-11-15T02:47:59.839341+00:00,node_3,11.283903,OK,normal,normal,0.0,0.0
run_0011,32,2023-11-15T02:48:19.715709+00:00,node_1,11.441657,OK,normal,normal,0.0,0.0
run_0011,32,2023-11-15T02:48:19.677212+00:00,node_2,11.454775,OK,normal,normal,0.0,0.0
run_0011,32,2023-11-15T02:48:19.454427+00:00,node_3,11.411108,OK,normal,normal,0.0,0.0
run_0011,33,2023-11-15T02:48:39.248915+00:00,node_1,10.956226,OK,normal,normal,0.0,0.0
run_0011,33,2023-11-15T02:48:39.395666+00:00,node_2,10.999961,OK,normal,normal,0.0,0.0
run_0011,33,2023-11-15T02:48:39.507218+00:00,node_3,11.14566,OK,normal,normal,0.0,0.0
run_0011,34,2023-11-15T02:48:59.199534+00:00,node_1,11.304396,OK,normal,normal,0.0,0.0
run_0011,34,2023-11-15T02:48:59.207003+00:00,node_2,10.967251,OK,normal,normal,0.0,0.0
run_0011,34,2023-11-15T02:48:59.280617+00:00,node_3,11.144717,OK,normal,normal,0.0,0.0
run_0011,35,2023-11-15T02:49:19.279179+00:00,node_1,11.537202,OK,normal,normal,0.0,0.0
run_0011,35,2023-11-15T02:49:19.576254+00:00,node_2,11.063581,OK,normal,normal,0.0,0.0
run_0011,35,2023-11-15T02:49:19.307274+00:00,node_3,11.652784,OK,normal,normal,0.0,0.0
run_0012,0,2023-11-15T03:01:40.217825+00:00,node_1,8.4785,OK,normal,normal,0.0,0.0
run_0012,0,2023-11-15T03:01:40.130643+00:00,node_2,8.725038,OK,normal,normal,0.0,0.0
run_0012,0,2023-11-15T03:01:40.156303+00:00,node_3,8.882737,OK,normal,normal,0.0,0.0
run_0012,1,2023-11-15T03:02:00.364409+00:00,node_1,8.477798,OK,normal,normal,0.0,0.0
run_0012,1,2023-11-15T03:02:00.434145+00:00,node_2,8.865287,OK,normal,normal,0.0,0.0
run_0012,1,2023-11-15T03:02:00.507479+00:00,node_3,8.371889,OK,normal,normal,0.0,0.0
run_0012,2,2023-11-15T03:02:20.212879+00:00,node_1,8.126078,OK,normal,normal,0.0,0.0
run_0012,2,2023-11-15T03:02:20.178453+00:00,node_2,8.288782,OK,normal,normal,0.0,0.0
run_0012,2,2023-11-15T03:02:20.533148+00:00,node_3,8.443177,OK,normal,normal,0.0,0.0
run_0012,3,2023-11-15T03:02:40.798542+00:00,node_1,8.514237,OK,normal,normal,0.0,0.0
run_0012,3,2023-11-15T03:02:40.722275+00:00,node_2,8.606455,OK,normal,normal,0.0,0.0
run_0012,3,2023-11-15T03:02:40.481430+00:00,node_3,8.652432,OK,normal,normal,0.0,0.0
run_0012,4,2023-11-15T03:03:00.541646+00:00,node_1,8.256513,OK,normal,normal,0.0,0.0
run_0012,4,2023-11-15T03:03:00.706366+00:00,node_2,8.125363,OK,normal,normal,0.0,0.0
run_0012,4,2023-11-15T03:03:00.644952+00:00,node_3,8.735924,OK,normal,normal,0.0,0.0
run_0012,5,2023-11-15T03:03:20.340017+00:00,node_1,8.613894,OK,minor,normal,6.641553677053909,0
run_0012,5,2023-11-15T03:03:20.438884+00:00,node_2,8.266763,OK,minor,normal,6.641553677053909,0
run_0012,5,2023-11-15T03:03:20.458250+00:00,node_3,8.225839,OK,minor,normal,6.641553677053909,0
run_0012,6,2023-11-15T03:03:40.282759+00:00,node_1,8.20495,OK,minor,normal,6.641553677053909,0
run_0012,6,2023-11-15T03:03:40.078365+00:00,node_2,8.18291,OK,minor,normal,6.641553677053909,0
run_0012,6,2023-11-15T03:03:40.247676+00:00,node_3,7.834828,OK,minor,normal,6.641553677053909,0
run_0012,7,2023-11-15T03:04:00.223007+00:00,node_1,8.723213,OK,minor,normal,6.641553677053909,0
run_0012,7,2023-11-15T03:04:00.032030+00:00,node_2,7.726737,OK,minor,normal,6.641553677053909,0
run_0012,7,2023-11-15T03:04:00.108197+00:00,node_3,7.585646,OK,minor,normal,6.641553677053909,0
run_0012,8,2023-11-15T03:04:19.880526+00:00,node_1,8.711888,OK,minor,normal,6.641553677053909,0
run_0012,8,2023-11-15T03:04:19.855369+00:00,node_2,7.833265,OK,minor,normal,6.641553677053909,0
run_0012,8,2023-11-15T03:04:19.987525+00:00,node_3,7.893425,OK,minor,normal,6.641553677053909,0
run_0012,9,2023-11-15T03:04:40.284811+00:00,node_1,8.860206,OK,minor,normal,6.641553677053909,0
run_0012,9,2023-11-15T03:04:40.019620+00:00,node_2,7.949264,OK,minor,normal,6.641553677053909,0
run_0012,9,2023-11-15T03:04:40.229591+00:00,node_3,7.927524,OK,minor,normal,6.641553677053909,0
run_0012,10,2023-11-15T03:04:59.836057+00:00,node_1,8.46228,OK,minor,normal,6.641553677053909,0
run_0012,10,2023-11-15T03:04:59.997649+00:00,node_2,8.008275,OK,minor,normal,6.641553677053909,0
run_0012,10,2023-11-15T03:04:59.839468+00:00,node_3,8.262622,OK,minor,normal,6.641553677053909,0
run_0012,11,2023-11-15T03:05:19.965278+00:00,node_1,8.73561,OK,minor,normal,6.641553677053909,0
run_0012,11,2023-11-15T03:05:20.270223+00:00,node_2,8.289501,OK,minor,normal,6.641553677053909,0
run_0012,11,2023-11-15T03:05:20.221251+00:00,node_3,7.861254,OK,minor,normal,6.641553677053909,0
run_0012,12,2023-11-15T03:05:40.088358+00:00,node_1,8.661378,OK,minor,normal,6.641553677053909,0
run_0012,12,2023-11-15T03:05:40.128325+00:00,node_2,8.198405,OK,minor,normal,6.641553677053909,0
run_0012,12,2023-11-15T03:05:40.355984+00:00,node_3,8.010453,OK,minor,normal,6.641553677053909,0
run_0012,13,2023-11-15T03:06:00.359147+00:00,node_1,9.132022,OK,minor,normal,6.641553677053909,0
run_0012,13,2023-11-15T03:06:00.666331+00:00,node_2,8.343582,OK,minor,normal,6.641553677053909,0
run_0012,13,2023-11-15T03:06:00.702008+00:00,node_3,8.522764,OK,minor,normal,6.641553677053909,0
run_0012,14,2023-11-15T03:06:20.877001+00:00,node_1,8.883051,OK,minor,normal,6.641553677053909,0
run_0012,14,2023-11-15T03:06:20.859303+00:00,node_2,8.454077,OK,minor,normal,6.641553677053909,0
run_0012,14,2023-11-15T03:06:20.928406+00:00,node_3,8.179983,OK,minor,normal,6.641553677053909,0
run_0012,15,2023-11-15T03:06:41.262443+00:00,node_1,9.049546,OK,minor,normal,6.641553677053909,0
run_0012,15,2023-11-15T03:06:41.194918+00:00,node_2,8.402998,OK,minor,normal,6.641553677053909,0
run_0012,15,2023-11-15T03:06:41.140259+00:00,node_3,8.403598,OK,minor,normal,6.641553677053909,0
run_0012,16,2023-11-15T03:07:01.165780+00:00,node_1,8.889859,OK,minor,normal,6.641553677053909,0
run_0012,16,2023-11-15T03:07:01.216062+00:00,node_2,8.340346,OK,minor,normal,6.641553677053909,0
run_0012,16,2023-11-15T03:07:00.994108+00:00,node_3,8.43954,OK,minor,normal,6.641553677053909,0
run_0012,17,2023-11-15T03:07:21.028101+00:00,node_1,8.995673,OK,minor,normal,6.641553677053909,0
run_0012,17,2023-11-15T03:07:20.851369+00:00,node_2,8.181022,OK,minor,normal,6.641553677053909,0
run_0012,17,2023-11-15T03:07:20.884219+00:00,node_3,8.146739,OK,minor,normal,6.641553677053909,0
run_0012,18,2023-11-15T03:07:40.629602+00:00,node_1,8.810292,OK,minor,normal,6.641553677053909,0
run_0012,18,2023-11-15T03:07:40.743673+00:00,node_2,8.408625,OK,minor,normal,6.641553677053909,0
run_0012,18,2023-11-15T03:07:40.707989+00:00,node_3,8.385863,OK,minor,normal,6.641553677053909,0
run_0012,19,2023-11-15T03:08:00.656587+00:00,node_1,9.057298,OK,minor,normal,6.641553677053909,0
run_0012,19,2023-11-15T03:08:00.658624+00:00,node_2,8.32796,OK,minor,normal,6.641553677053909,0
run_0012,19,2023-11-15T03:08:00.872308+00:00,node_3,8.489199,OK,minor,normal,6.641553677053909,0
run_0012,20,2023-11-15T03:08:20.988098+00:00,node_1,9.056986,OK,minor,normal,6.641553677053909,0
run_0012,20,2023-11-15T03:08:20.773912+00:00,node_2,8.72858,OK,minor,normal,6.641553677053909,0
run_0012,20,2023-11-15T03:08:20.957443+00:00,node_3,8.435755,OK,minor,normal,6.641553677053909,0
run_0012,21,2023-11-15T03:08:40.959626+00:00,node_1,8.534451,OK,minor,normal,6.641553677053909,0
run_0012,21,2023-11-15T03:08:41.064601+00:00,node_2,8.111783,OK,minor,normal,6.641553677053909,0
run_0012,21,2023-11-15T03:08:40.840956+00:00,node_3,8.547426,OK,minor,normal,6.641553677053909,0
run_0012,22,2023-11-15T03:09:01.047639+00:00,node_1,9.309826,OK,minor,normal,6.641553677053909,0
run_0012,22,2023-11-15T03:09:00.897018+00:00,node_2,8.135273,OK,minor,normal,6.641553677053909,0
run_0012,22,2023-11-15T03:09:00.736336+00:00,node_3,8.5052,OK,minor,normal,6.641553677053909,0
run_0012,23,2023-11-15T03:09:21.416706+00:00,node_1,9.179529,OK,minor,normal,6.641553677053909,0
run_0012,23,2023-11-15T03:09:21.252611+00:00,node_2,8.604642,OK,minor,normal,6.641553677053909,0
run_0012,23,2023-11-15T03:09:21.040353+00:00,node_3,8.705742,OK,minor,normal,6.641553677053909,0
run_0012,24,2023-11-15T03:09:40.859482+00:00,node_1,10.277921,OK,minor,normal,6.641553677053909,0
run_0012,24,2023-11-15T03:09:40.970895+00:00,node_2,10.205785,OK,minor,normal,6.641553677053909,0
run_0012,24,2023-11-15T03:09:41.080288+00:00,node_3,10.093894,OK,minor,normal,6.641553677053909,0
run_0012,25,2023-11-15T03:10:01.208720+00:00,node_1,10.197721,OK,minor,normal,6.641553677053909,0
run_0012,25,2023-11-15T03:10:01.042650+00:00,node_2,10.036294,OK,minor,normal,6.641553677053909,0
run_0012,25,2023-11-15T03:10:00.944972+00:00,node_3,10.027118,OK,minor,normal,6.641553677053909,0
run_0012,26,2023-11-15T03:10:20.783363+00:00,node_1,10.44166,OK,minor,normal,6.641553677053909,0
run_0012,26,2023-11-15T03:10:20.708591+00:00,node_2,10.033402,OK,minor,normal,6.641553677053909,0
run_0012,26,2023-11-15T03:10:20.805465+00:00,node_3,10.099263,OK,minor,normal,6.641553677053909,0
run_0012,27,2023-11-15T03:10:40.713732+00:00,node_1,10.807083,OK,minor,normal,6.641553677053909,0
run_0012,27,2023-11-15T03:10:40.802182+00:00,node_2,9.899576,OK,minor,normal,6.641553677053909,0
run_0012,27,2023-11-15T03:10:40.734041+00:00,node_3,9.792921,OK,minor,normal,6.641553677053909,0
run_0012,28,2023-11-15T03:11:00.702958+00:00,node_1,11.025662,OK,minor,normal,6.641553677053909,0
run_0012,28,2023-11-15T03:11:00.695106+00:00,node_2,10.146945,OK,minor,normal,6.641553677053909,0
run_0012,28,2023-11-15T03:11:00.966613+00:00,node_3,9.875204,OK,minor,normal,6.641553677053909,0
run_0012,29,2023-11-15T03:11:20.800240+00:00,node_1,10.805011,OK,minor,normal,6.641553677053909,0
run_0012,29,2023-11-15T03:11:20.767042+00:00,node_2,9.821909,OK,minor,normal,6.641553677053909,0
run_0012,29,2023-11-15T03:11:20.929638+00:00,node_3,9.839424,OK,minor,normal,6.641553677053909,0
run_0012,30,2023-11-15T03:11:40.918140+00:00,node_1,10.686493,OK,minor,normal,6.641553677053909,0
run_0012,30,2023-11-15T03:11:40.938954+00:00,node_2,10.32802,OK,minor,normal,6.641553677053909,0
run_0012,30,2023-11-15T03:11:40.796476+00:00,node_3,9.773879,OK,minor,normal,6.641553677053909,0
run_0012,31,2023-11-15T03:12:01.056090+00:00,node_1,10.522478,OK,normal,normal,0.0,0.0
run_0012,31,2023-11-15T03:12:01.221657+00:00,node_2,10.916489,OK,normal,normal,0.0,0.0
run_0012,31,2023-11-15T03:12:01.385588+00:00,node_3,10.570104,OK,normal,normal,0.0,0.0
run_0012,32,2023-11-15T03:12:20.988090+00:00,node_1,10.22037,OK,normal,normal,0.0,0.0
run_0012,32,2023-11-15T03:12:21.055570+00:00,node_2,10.438937,OK,normal,normal,0.0,0.0
run_0012,32,2023-11-15T03:12:20.914931+00:00,node_3,10.792011,OK,normal,normal,0.0,0.0
run_0012,33,2023-11-15T03:12:40.699723+00:00,node_1,10.5825,OK,normal,normal,0.0,0.0
run_0012,33,2023-11-15T03:12:40.967735+00:00,node_2,10.851483,OK,normal,normal,0.0,0.0
run_0012,33,2023-11-15T03:12:41.000128+00:00,node_3,10.254409,OK,normal,normal,0.0,0.0
run_0012,34,2023-11-15T03:13:01.138891+00:00,node_1,10.674697,OK,normal,normal,0.0,0.0
run_0012,34,2023-11-15T03:13:01.312866+00:00,node_2,10.717174,OK,normal,normal,0.0,0.0
run_0012,34,2023-11-15T03:13:01.217506+00:00,node_3,10.599222,OK,normal,normal,0.0,0.0
run_0012,35,2023-11-15T03:13:20.927329+00:00,node_1,10.970583,OK,normal,normal,0.0,0.0
run_0012,35,2023-11-15T03:13:21.014425+00:00,node_2,10.426593,OK,normal,normal,0.0,0.0
run_0012,35,2023-11-15T03:13:21.067569+00:00,node_3,10.37856,OK,normal,normal,0.0,0.0
run_0013,0,2023-11-15T03:25:39.831256+00:00,node_1,9.325501,OK,normal,normal,0.0,0.0
run_0013,0,2023-11-15T03:25:40.078690+00:00,node_2,9.279581,OK,normal,normal,0.0,0.0
run_0013,0,2023-11-15T03:25:39.796368+00:00,node_3,9.119339,OK,normal,normal,0.0,0.0
run_0013,1,2023-11-15T03:26:00.072521+00:00,node_1,9.180162,OK,normal,normal,0.0,0.0
run_0013,1,2023-11-15T03:25:59.999332+00:00,node_2,9.214804,OK,normal,normal,0.0,0.0
run_0013,1,2023-11-15T03:26:00.171675+00:00,node_3,9.543078,OK,normal,normal,0.0,0.0
run_0013,2,2023-11-15T03:26:20.417906+00:00,node_1,9.217818,OK,normal,normal,0.0,0.0
run_0013,2,2023-11-15T03:26:20.233044+00:00,node_2,9.235917,OK,normal,normal,0.0,0.0
run_0013,2,2023-11-15T03:26:20.232619+00:00,node_3,9.679921,OK,normal,normal,0.0,0.0
run_0013,3,2023-11-15T03:26:40.050119+00:00,node_1,9.258904,OK,normal,normal,0.0,0.0
run_0013,3,2023-11-15T03:26:40.179884+00:00,node_2,9.02781,OK,normal,normal,0.0,0.0
run_0013,3,2023-11-15T03:26:40.038000+00:00,node_3,9.396725,OK,normal,normal,0.0,0.0
run_0013,4,2023-11-15T03:27:00.162217+00:00,node_1,9.342324,OK,normal,normal,0.0,0.0
run_0013,4,2023-11-15T03:27:00.160996+00:00,node_2,9.226746,OK,normal,normal,0.0,0.0
run_0013,4,2023-11-15T03:27:00.145429+00:00,node_3,9.440098,OK,normal,normal,0.0,0.0
run_0013,5,2023-11-15T03:27:19.843652+00:00,node_1,9.254428,OK,minor,minor,10.655520079051097,8.644934356786292
run_0013,5,2023-11-15T03:27:20.024131+00:00,node_2,7.957385,OK,minor,minor,10.655520079051097,8.644934356786292
run_0013,5,2023-11-15T03:27:20.007554+00:00,node_3,7.508638,OK,minor,minor,10.655520079051097,8.644934356786292
run_0013,6,2023-11-15T03:27:39.954655+00:00,node_1,9.505519,OK,minor,minor,10.655520079051097,8.644934356786292
run_0013,6,2023-11-15T03:27:40.039932+00:00,node_2,8.468861,OK,minor,minor,10.655520079051097,8.644934356786292
run_0013,6,2023-11-15T03:27:40.163261+00:00,node_3,7.932521,OK,minor,minor,10.655520079051097,8.644934356786292
run_0013,7,2023-11-15T03:28:00.052430+00:00,node_1,9.23775,OK,minor,minor,10.655520079051097,8.644934356786292
run_0013,7,2023-11-15T03:28:00.112677+00:00,node_2,8.152689,OK,minor,minor,10.655520079051097,8.644934356786292
run_0013,7,2023-11-15T03:27:59.982026+00:00,node_3,7.527037,OK,minor,minor,10.655520079051097,8.644934356786292
run_0013,8,2023-11-15T03:28:19.918191+00:00,node_1,9.227081,OK,minor,minor,10.655520079051097,8.644934356786292
run_0013,8,2023-11-15T03:28:20.122558+00:00,node_2,8.255108,OK,minor,minor,10.655520079051097,8.644934356786292
run_0013,8,2023-11-15T03:28:19.859950+00:00,node_3,7.6208,OK,minor,minor,10.655520079051097,8.644934356786292
run_0013,9,2023-11-15T03:28:40.227259+00:00,node_1,9.117998,OK,minor,minor,10.655520079051097,8.644934356786292
run_0013,9,2023-11-15T03:28:39.962851+00:00,node_2,8.145084,OK,minor,minor,10.655520079051097,8.644934356786292
run_0013,9,2023-11-15T03:28:40.154781+00:00,node_3,7.664103,OK,minor,minor,10.655520079051097,8.644934356786292
run_0013,10,2023-11-15T03:28:59.992213+00:00,node_1,8.923924,OK,minor,minor,10.655520079051097,8.644934356786292
run_0013,10,2023-11-15T03:28:59.992097+00:00,node_2,7.948358,OK,minor,minor,10.655520079051097,8.644934356786292
run_0013,10,2023-11-15T03:28:59.926707+00:00,node_3,7.7453,OK,minor,minor,10.655520079051097,8.644934356786292
run_0013,11,2023-11-15T03:29:20.321408+00:00,node_1,9.224836,OK,minor,minor,10.655520079051097,8.644934356786292
run_0013,11,2023-11-15T03:29:20.145966+00:00,node_2,8.110918,OK,minor,minor,10.655520079051097,8.644934356786292
run_0013,11,2023-11-15T03:29:20.110559+00:00,node_3,7.511812,OK,minor,minor,10.655520079051097,8.644934356786292
run_0013,12,2023-11-15T03:29:40.481426+00:00,node_1,9.033528,OK,minor,minor,10.655520079051097,8.644934356786292
run_0013,12,2023-11-15T03:29:40.518974+00:00,node_2,7.992117,OK,minor,minor,10.655520079051097,8.644934356786292
run_0013,12,2023-11-15T03:29:40.482608+00:00,node_3,7.315155,OK,minor,minor,10.655520079051097,8.644934356786292
run_0013,13,2023-11-15T03:30:00.244217+00:00,node_1,8.831481,OK,minor,minor,10.655520079051097,8.644934356786292
run_0013,13,2023-11-15T03:30:00.196976+00:00,node_2,7.868405,OK,minor,minor,10.655520079051097,8.644934356786292
run_0013,13,2023-11-15T03:30:00.409113+00:00,node_3,7.166361,OK,minor,minor,10.655520079051097,8.644934356786292
run_0013,14,2023-11-15T03:30:20.137530+00:00,node_1,8.808375,OK,minor,minor,10.655520079051097,8.644934356786292
run_0013,14,2023-11-15T03:30:19.980637+00:00,node_2,7.992299,OK,minor,minor,10.655520079051097,8.644934356786292
run_0013,14,2023-11-15T03:30:20.291917+00:00,node_3,7.255146,OK,minor,minor,10.655520079051097,8.644934356786292
run_0013,15,2023-11-15T03:30:40.275927+00:00,node_1,8.832301,OK,minor,minor,10.655520079051097,8.644934356786292
run_0013,15,2023-11-15T03:30:40.022407+00:00,node_2,7.810687,OK,minor,minor,10.655520079051097,8.644934356786292
run_0013,15,2023-11-15T03:30:40.167789+00:00,node_3,7.117433,OK,minor,minor,10.655520079051097,8.644934356786292
run_0013,16,2023-11-15T03:31:00.714474+00:00,node_1,8.800709,OK,minor,minor,10.655520079051097,8.644934356786292
run_0013,16,2023-11-15T03:31:00.710510+00:00,node_2,7.682817,OK,minor,minor,10.655520079051097,8.644934356786292
run_0013,16,2023-11-15T03:31:00.455082+00:00,node_3,7.093909,OK,minor,minor,10.655520079051097,8.644934356786292
run_0013,17,2023-11-15T03:31:20.647116+00:00,node_1,9.130075,OK,minor,minor,10.655520079051097,8.644934356786292
run_0013,17,2023-11-15T03:31:20.601973+00:00,node_2,7.678204,OK,minor,minor,10.655520079051097,8.644934356786292
run_0013,17,2023-11-15T03:31:20.664232+00:00,node_3,7.2747,OK,minor,minor,10.655520079051097,8.644934356786292
run_0013,18,2023-11-15T03:31:40.398647+00:00,node_1,9.227772,OK,minor,minor,10.655520079051097,8.644934356786292
run_0013,18,2023-11-15T03:31:40.235423+00:00,node_2,7.840282,OK,minor,minor,10.655520079051097,8.644934356786292
run_0013,18,2023-11-15T03:31:40.387251+00:00,node_3,7.294796,OK,minor,minor,10.655520079051097,8.644934356786292
run_0013,19,2023-11-15T03:32:00.490034+00:00,node_1,9.034419,OK,minor,minor,10.655520079051097,8.644934356786292
run_0013,19,2023-11-15T03:32:00.340834+00:00,node_2,8.114637,OK,minor,minor,10.655520079051097,8.644934356786292
run_0013,19,2023-11-15T03:32:00.530092+00:00,node_3,7.422331,OK,minor,minor,10.655520079051097,8.644934356786292
run_0013,20,2023-11-15T03:32:20.810412+00:00,node_1,8.753128,OK,minor,minor,10.655520079051097,8.644934356786292
run_0013,20,2023-11-15T03:32:20.568095+00:00,node_2,7.809816,OK,minor,minor,10.655520079051097,8.644934356786292
run_0013,20,2023-11-15T03:32:20.762646+00:00,node_3,7.27446,OK,minor,minor,10.655520079051097,8.644934356786292
run_0013,21,2023-11-15T03:32:40.486803+00:00,node_1,8.5938,OK,minor,minor,10.655520079051097,8.644934356786292
run_0013,21,2023-11-15T03:32:40.638924+00:00,node_2,7.69742,OK,minor,minor,10.655520079051097,8.644934356786292
run_0013,21,2023-11-15T03:32:40.612992+00:00,node_3,7.127686,OK,minor,minor,10.655520079051097,8.644934356786292
run_0013,22,2023-11-15T03:33:00.105487+00:00,node_1,9.052925,OK,minor,minor,10.655520079051097,8.644934356786292
run_0013,22,2023-11-15T03:33:00.363189+00:00,node_2,8.010789,OK,minor,minor,10.655520079051097,8.644934356786292
run_0013,22,2023-11-15T03:33:00.175941+00:00,node_3,7.171782,OK,minor,minor,10.655520079051097,8.644934356786292
run_0013,23,2023-11-15T03:33:19.994894+00:00,node_1,8.528296,OK,minor,minor,10.655520079051097,8.644934356786292
run_0013,23,2023-11-15T03:33:20.025517+00:00,node_2,7.87812,OK,minor,minor,10.655520079051097,8.644934356786292
run_0013,23,2023-11-15T03:33:20.038805+00:00,node_3,7.216007,OK,minor,minor,10.655520079051097,8.644934356786292
run_0013,24,2023-11-15T03:33:39.717873+00:00,node_1,9.737137,OK,minor,minor,10.655520079051097,8.644934356786292
run_0013,24,2023-11-15T03:33:39.762678+00:00,node_2,8.578753,OK,minor,minor,10.655520079051097,8.644934356786292
run_0013,24,2023-11-15T03:33:39.726645+00:00,node_3,7.630374,OK,minor,minor,10.655520079051097,8.644934356786292
run_0013,25,2023-11-15T03:34:00.074420+00:00,node_1,9.266925,OK,minor,minor,10.655520079051097,8.644934356786292
run_0013,25,2023-11-15T03:33:59.982869+00:00,node_2,8.266135,OK,minor,minor,10.655520079051097,8.644934356786292
run_0013,25,2023-11-15T03:33:59.862416+00:00,node_3,7.736788,OK,minor,minor,10.655520079051097,8.644934356786292
run_0013,26,2023-11-15T03:34:19.900540+00:00,node_1,9.651302,OK,minor,minor,10.655520079051097,8.644934356786292
run_0013,26,2023-11-15T03:34:19.905353+00:00,node_2,8.5301,OK,minor,minor,10.655520079051097,8.644934356786292
run_0013,26,2023-11-15T03:34:19.784865+00:00,node_3,7.498215,OK,minor,minor,10.655520079051097,8.644934356786292
run_0013,27,2023-11-15T03:34:39.925901+00:00,node_1,9.593949,OK,minor,minor,10.655520079051097,8.644934356786292
run_0013,27,2023-11-15T03:34:40.044499+00:00,node_2,8.332479,OK,minor,minor,10.655520079051097,8.644934356786292
run_0013,27,2023-11-15T03:34:40.048392+00:00,node_3,7.902937,OK,minor,minor,10.655520079051097,8.644934356786292
run_0013,28,2023-11-15T03:34:59.530702+00:00,node_1,9.461807,OK,minor,minor,10.655520079051097,8.644934356786292
run_0013,28,2023-11-15T03:34:59.668418+00:00,node_2,8.666789,OK,minor,minor,10.655520079051097,8.644934356786292
run_0013,28,2023-11-15T03:34:59.519899+00:00,node_3,8.002469,OK,minor,minor,10.655520079051097,8.644934356786292
run_0013,29,2023-11-15T03:35:19.425413+00:00,node_1,9.499984,OK,minor,minor,10.655520079051097,8.644934356786292
run_0013,29,2023-11-15T03:35:19.480085+00:00,node_2,8.671038,OK,minor,minor,10.655520079051097,8.644934356786292
run_0013,29,2023-11-15T03:35:19.556325+00:00,node_3,7.710017,OK,minor,minor,10.655520079051097,8.644934356786292
run_0013,30,2023-11-15T03:35:39.605778+00:00,node_1,9.446537,OK,minor,minor,10.655520079051097,8.644934356786292
run_0013,30,2023-11-15T03:35:39.612415+00:00,node_2,8.412965,OK,minor,minor,10.655520079051097,8.644934356786292
run_0013,30,2023-11-15T03:35:39.671225+00:00,node_3,7.843634,OK,minor,minor,10.655520079051097,8.644934356786292
run_0013,31,2023-11-15T03:35:59.384792+00:00,node_1,9.59357,OK,normal,normal,0.0,0.0
run_0013,31,2023-11-15T03:35:59.192891+00:00,node_2,9.523276,OK,normal,normal,0.0,0.0
run_0013,31,2023-11-15T03:35:59.274169+00:00,node_3,9.651837,OK,normal,normal,0.0,0.0
run_0013,32,2023-11-15T03:36:19.090565+00:00,node_1,10.113824,OK,normal,normal,0.0,0.0
run_0013,32,2023-11-15T03:36:19.013128+00:00,node_2,9.426537,OK,normal,normal,0.0,0.0
run_0013,32,2023-11-15T03:36:18.985793+00:00,node_3,9.721775,OK,normal,normal,0.0,0.0
run_0013,33,2023-11-15T03:36:39.082034+00:00,node_1,9.518216,OK,normal,normal,0.0,0.0
run_0013,33,2023-11-15T03:36:39.107475+00:00,node_2,9.656486,OK,normal,normal,0.0,0.0
run_0013,33,2023-11-15T03:36:39.353552+00:00,node_3,9.111808,OK,normal,normal,0.0,0.0
run_0013,34,2023-11-15T03:36:59.161328+00:00,node_1,9.352288,OK,normal,normal,0.0,0.0
run_0013,34,2023-11-15T03:36:58.952297+00:00,node_2,9.269198,OK,normal,normal,0.0,0.0
run_0013,34,2023-11-15T03:36:58.832029+00:00,node_3,9.359581,OK,normal,normal,0.0,0.0
run_0013,35,2023-11-15T03:37:18.768528+00:00,node_1,9.858735,OK,normal,normal,0.0,0.0
run_0013,35,2023-11-15T03:37:18.772610+00:00,node_2,9.761329,OK,normal,normal,0.0,0.0
run_0013,35,2023-11-15T03:37:18.677309+00:00,node_3,9.313755,OK,normal,normal,0.0,0.0
run_0014,0,2023-11-15T03:49:39.778019+00:00,node_1,11.866896,OK,normal,normal,0.0,0.0
run_0014,0,2023-11-15T03:49:40.020543+00:00,node_2,11.888004,OK,normal,normal,0.0,0.0
run_0014,0,2023-11-15T03:49:40.164758+00:00,node_3,11.833768,OK,normal,normal,0.0,0.0
run_0014,1,2023-11-15T03:50:00.290787+00:00,node_1,12.07938,OK,normal,normal,0.0,0.0
run_0014,1,2023-11-15T03:50:00.241480+00:00,node_2,11.873806,OK,normal,normal,0.0,0.0
run_0014,1,2023-11-15T03:50:00.007912+00:00,node_3,11.855585,OK,normal,normal,0.0,0.0
run_0014,2,2023-11-15T03:50:19.613428+00:00,node_1,11.428268,OK,normal,normal,0.0,0.0
run_0014,2,2023-11-15T03:50:19.724432+00:00,node_2,12.092409,OK,normal,normal,0.0,0.0
run_0014,2,2023-11-15T03:50:19.940743+00:00,node_3,11.688925,OK,normal,normal,0.0,0.0
run_0014,3,2023-11-15T03:50:39.762248+00:00,node_1,11.836111,OK,normal,normal,0.0,0.0
run_0014,3,2023-11-15T03:50:39.692449+00:00,node_2,11.82729,OK,normal,normal,0.0,0.0
run_0014,3,2023-11-15T03:50:39.747374+00:00,node_3,11.93948,OK,normal,normal,0.0,0.0
run_0014,4,2023-11-15T03:50:59.411139+00:00,node_1,12.053193,OK,normal,normal,0.0,0.0
run_0014,4,2023-11-15T03:50:59.531775+00:00,node_2,11.97626,OK,normal,normal,0.0,0.0
run_0014,4,2023-11-15T03:50:59.434025+00:00,node_3,11.959317,OK,normal,normal,0.0,0.0
run_0014,5,2023-11-15T03:51:19.511029+00:00,node_1,11.528427,OK,minor,major,12.699671927338334,43.93683212616681
run_0014,5,2023-11-15T03:51:19.542706+00:00,node_2,10.548844,OK,minor,major,12.699671927338334,43.93683212616681
run_0014,5,2023-11-15T03:51:19.491375+00:00,node_3,5.797954,OK,minor,major,12.699671927338334,43.93683212616681
run_0014,6,2023-11-15T03:51:39.879050+00:00,node_1,11.674411,OK,minor,major,12.699671927338334,43.93683212616681
run_0014,6,2023-11-15T03:51:39.794835+00:00,node_2,10.935328,OK,minor,major,12.699671927338334,43.93683212616681
run_0014,6,2023-11-15T03:51:39.771565+00:00,node_3,5.822753,OK,minor,major,12.699671927338334,43.93683212616681
run_0014,7,2023-11-15T03:51:59.935388+00:00,node_1,12.112397,OK,minor,major,12.699671927338334,43.93683212616681
run_0014,7,2023-11-15T03:51:59.901547+00:00,node_2,10.239355,OK,minor,major,12.699671927338334,43.93683212616681
run_0014,7,2023-11-15T03:52:00.018596+00:00,node_3,5.81561,OK,minor,major,12.699671927338334,43.93683212616681
run_0014,8,2023-11-15T03:52:19.667929+00:00,node_1,11.905652,OK,minor,major,12.699671927338334,43.93683212616681
run_0014,8,2023-11-15T03:52:19.568202+00:00,node_2,10.457474,OK,minor,major,12.699671927338334,43.93683212616681
run_0014,8,2023-11-15T03:52:19.716304+00:00,node_3,5.829249,OK,minor,major,12.699671927338334,43.93683212616681
run_0014,9,2023-11-15T03:52:39.563675+00:00,node_1,11.713358,OK,minor,major,12.699671927338334,43.93683212616681
run_0014,9,2023-11-15T03:52:39.589483+00:00,node_2,10.376684,OK,minor,major,12.699671927338334,43.93683212616681
run_0014,9,2023-11-15T03:52:39.490619+00:00,node_3,5.913773,OK,minor,major,12.699671927338334,43.93683212616681
run_0014,10,2023-11-15T03:52:59.492189+00:00,node_1,12.248281,OK,minor,major,12.699671927338334,43.93683212616681
run_0014,10,2023-11-15T03:52:59.415221+00:00,node_2,10.511241,OK,minor,major,12.699671927338334,43.93683212616681
run_0014,10,2023-11-15T03:52:59.395721+00:00,node_3,5.737592,OK,minor,major,12.699671927338334,43.93683212616681
run_0014,11,2023-11-15T03:53:19.511960+00:00,node_1,11.979381,OK,minor,major,12.699671927338334,43.93683212616681
run_0014,11,2023-11-15T03:53:19.556333+00:00,node_2,10.411725,OK,minor,major,12.699671927338334,43.93683212616681
run_0014,11,2023-11-15T03:53:19.462317+00:00,node_3,5.925699,OK,minor,major,12.699671927338334,43.93683212616681
run_0014,12,2023-11-15T03:53:39.971137+00:00,node_1,8.526869,OK,minor,major,12.699671927338334,43.93683212616681
run_0014,12,2023-11-15T03:53:39.978101+00:00,node_2,7.84491,OK,minor,major,12.699671927338334,43.93683212616681
run_0014,12,2023-11-15T03:53:40.059522+00:00,node_3,4.212604,OK,minor,major,12.699671927338334,43.93683212616681
run_0014,13,2023-11-15T03:54:00.226698+00:00,node_1,8.80059,OK,minor,major,12.699671927338334,43.93683212616681
run_0014,13,2023-11-15T03:54:00.023579+00:00,node_2,7.336177,OK,minor,major,12.699671927338334,43.93683212616681
run_0014,13,2023-11-15T03:54:00.325092+00:00,node_3,4.275823,OK,minor,major,12.699671927338334,43.93683212616681
run_0014,14,2023-11-15T03:54:20.114659+00:00,node_1,8.433643,OK,minor,major,12.699671927338334,43.93683212616681
run_0014,14,2023-11-15T03:54:20.353534+00:00,node_2,7.378887,OK,minor,major,12.699671927338334,43.93683212616681
run_0014,14,2023-11-15T03:54:20.083882+00:00,node_3,4.271178,OK,minor,major,12.699671927338334,43.93683212616681
run_0014,15,2023-11-15T03:54:39.981911+00:00,node_1,8.943324,OK,minor,major,12.699671927338334,43.93683212616681
run_0014,15,2023-11-15T03:54:39.856317+00:00,node_2,7.680392,OK,minor,major,12.699671927338334,43.93683212616681
run_0014,15,2023-11-15T03:54:39.666480+00:00,node_3,4.35932,OK,minor,major,12.699671927338334,43.93683212616681
run_0014,16,2023-11-15T03:55:00.015909+00:00,node_1,8.761543,OK,minor,major,12.699671927338334,43.93683212616681
run_0014,16,2023-11-15T03:54:59.973340+00:00,node_2,7.466472,OK,minor,major,12.699671927338334,43.93683212616681
run_0014,16,2023-11-15T03:54:59.935521+00:00,node_3,4.008997,OK,minor,major,12.699671927338334,43.93683212616681
run_0014,17,2023-11-15T03:55:20.249368+00:00,node_1,8.719681,OK,minor,major,12.699671927338334,43.93683212616681
run_0014,17,2023-11-15T03:55:20.154936+00:00,node_2,7.449829,OK,minor,major,12.699671927338334,43.93683212616681
run_0014,17,2023-11-15T03:55:20.265841+00:00,node_3,4.323498,OK,minor,major,12.699671927338334,43.93683212616681
run_0014,18,2023-11-15T03:55:39.710108+00:00,node_1,8.743227,OK,minor,major,12.699671927338334,43.93683212616681
run_0014,18,2023-11-15T03:55:39.841214+00:00,node_2,7.530613,OK,minor,major,12.699671927338334,43.93683212616681
run_0014,18,2023-11-15T03:55:39.691856+00:00,node_3,4.286353,OK,minor,major,12.699671927338334,43.93683212616681
run_0014,19,2023-11-15T03:55:59.774043+00:00,node_1,8.527509,OK,minor,major,12.699671927338334,43.93683212616681
run_0014,19,2023-11-15T03:55:59.612830+00:00,node_2,7.726007,OK,minor,major,12.699671927338334,43.93683212616681
run_0014,19,2023-11-15T03:55:59.548516+00:00,node_3,4.210289,OK,minor,major,12.699671927338334,43.93683212616681
run_0014,20,2023-11-15T03:56:20.001772+00:00,node_1,8.195329,OK,minor,major,12.699671927338334,43.93683212616681
run_0014,20,2023-11-15T03:56:19.762697+00:00,node_2,7.554401,OK,minor,major,12.699671927338334,43.93683212616681
run_0014,20,2023-11-15T03:56:19.747010+00:00,node_3,4.198563,OK,minor,major,12.699671927338334,43.93683212616681
run_0014,21,2023-11-15T03:56:40.183251+00:00,node_1,8.589738,OK,minor,major,12.699671927338334,43.93683212616681
run_0014,21,2023-11-15T03:56:40.129427+00:00,node_2,7.535507,OK,minor,major,12.699671927338334,43.93683212616681
run_0014,21,2023-11-15T03:56:40.086555+00:00,node_3,4.169537,OK,minor,major,12.699671927338334,43.93683212616681
run_0014,22,2023-11-15T03:57:00.247271+00:00,node_1,8.555831,OK,minor,major,12.699671927338334,43.93683212616681
run_0014,22,2023-11-15T03:57:00.200823+00:00,node_2,7.530189,OK,minor,major,12.699671927338334,43.93683212616681
run_0014,22,2023-11-15T03:57:00.483719+00:00,node_3,4.345841,OK,minor,major,12.699671927338334,43.93683212616681
run_0014,23,2023-11-15T03:57:19.901249+00:00,node_1,8.263207,OK,minor,major,12.699671927338334,43.93683212616681
run_0014,23,2023-11-15T03:57:19.987403+00:00,node_2,7.086984,OK,minor,major,12.699671927338334,43.93683212616681
run_0014,23,2023-11-15T03:57:19.880135+00:00,node_3,4.214638,OK,minor,major,12.699671927338334,43.93683212616681
run_0014,24,2023-11-15T03:57:39.966079+00:00,node_1,11.74891,OK,minor,major,12.699671927338334,43.93683212616681
run_0014,24,2023-11-15T03:57:39.952639+00:00,node_2,10.207218,OK,minor,major,12.699671927338334,43.93683212616681
run_0014,24,2023-11-15T03:57:39.936429+00:00,node_3,5.690221,OK,minor,major,12.699671927338334,43.93683212616681
run_0014,25,2023-11-15T03:58:00.054535+00:00,node_1,12.084716,OK,minor,major,12.699671927338334,43.93683212616681
run_0014,25,2023-11-15T03:57:59.984981+00:00,node_2,10.475567,OK,minor,major,12.699671927338334,43.93683212616681
run_0014,25,2023-11-15T03:57:59.942590+00:00,node_3,5.689288,OK,minor,major,12.699671927338334,43.93683212616681
run_0014,26,2023-11-15T03:58:20.020704+00:00,node_1,12.011996,OK,minor,major,12.699671927338334,43.93683212616681
run_0014,26,2023-11-15T03:58:19.684853+00:00,node_2,10.383691,OK,minor,major,12.699671927338334,43.93683212616681
run_0014,26,2023-11-15T03:58:20.050361+00:00,node_3,5.981014,OK,minor,major,12.699671927338334,43.93683212616681
run_0014,27,2023-11-15T03:58:40.211266+00:00,node_1,11.897794,OK,minor,major,12.699671927338334,43.93683212616681
run_0014,27,2023-11-15T03:58:40.041979+00:00,node_2,10.370911,OK,minor,major,12.699671927338334,43.93683212616681
run_0014,27,2023-11-15T03:58:40.188550+00:00,node_3,5.89452,OK,minor,major,12.699671927338334,43.93683212616681
run_0014,28,2023-11-15T03:59:00.033788+00:00,node_1,11.757307,OK,minor,major,12.699671927338334,43.93683212616681
run_0014,28,2023-11-15T03:59:00.119824+00:00,node_2,10.352458,OK,minor,major,12.699671927338334,43.93683212616681
run_0014,28,2023-11-15T03:59:00.073673+00:00,node_3,5.675269,OK,minor,major,12.699671927338334,43.93683212616681
run_0014,29,2023-11-15T03:59:20.270254+00:00,node_1,12.311321,OK,minor,major,12.699671927338334,43.93683212616681
run_0014,29,2023-11-15T03:59:20.020143+00:00,node_2,10.535449,OK,minor,major,12.699671927338334,43.93683212616681
run_0014,29,2023-11-15T03:59:20.203443+00:00,node_3,5.655215,OK,minor,major,12.699671927338334,43.93683212616681
run_0014,30,2023-11-15T03:59:40.226282+00:00,node_1,12.040839,OK,minor,major,12.699671927338334,43.93683212616681
run_0014,30,2023-11-15T03:59:40.400411+00:00,node_2,10.257859,OK,minor,major,12.699671927338334,43.93683212616681
run_0014,30,2023-11-15T03:59:40.262173+00:00,node_3,5.927114,OK,minor,major,12.699671927338334,43.93683212616681
run_0014,31,2023-11-15T04:00:00.271375+00:00,node_1,11.949257,OK,normal,normal,0.0,0.0
run_0014,31,2023-11-15T04:00:00.292432+00:00,node_2,11.7893,OK,normal,normal,0.0,0.0
run_0014,31,2023-11-15T04:00:00.359200+00:00,node_3,11.856973,OK,normal,normal,0.0,0.0
run_0014,32,2023-11-15T04:00:20.483952+00:00,node_1,11.723882,OK,normal,normal,0.0,0.0
run_0014,32,2023-11-15T04:00:20.548310+00:00,node_2,11.710208,OK,normal,normal,0.0,0.0
run_0014,32,2023-11-15T04:00:20.743464+00:00,node_3,11.888167,OK,normal,normal,0.0,0.0
run_0014,33,2023-11-15T04:00:40.954149+00:00,node_1,11.891871,OK,normal,normal,0.0,0.0
run_0014,33,2023-11-15T04:00:40.844465+00:00,node_2,12.150977,OK,normal,normal,0.0,0.0
run_0014,33,2023-11-15T04:00:41.132311+00:00,node_3,11.299764,OK,normal,normal,0.0,0.0
run_0014,34,2023-11-15T04:01:00.815773+00:00,node_1,11.891497,OK,normal,normal,0.0,0.0
run_0014,34,2023-11-15T04:01:00.527942+00:00,node_2,12.077111,OK,normal,normal,0.0,0.0
run_0014,34,2023-11-15T04:01:00.786416+00:00,node_3,11.441747,OK,normal,normal,0.0,0.0
run_0014,35,2023-11-15T04:01:20.573375+00:00,node_1,11.654989,OK,normal,normal,0.0,0.0
run_0014,35,2023-11-15T04:01:20.586726+00:00,node_2,12.20061,OK,normal,normal,0.0,0.0
run_0014,35,2023-11-15T04:01:20.486783+00:00,node_3,11.949536,OK,normal,normal,0.0,0.0
run_0015,0,2023-11-15T04:13:40.111702+00:00,node_1,9.590335,OK,normal,normal,0.0,0.0
run_0015,0,2023-11-15T04:13:39.982821+00:00,node_2,9.420415,OK,normal,normal,0.0,0.0
run_0015,0,2023-11-15T04:13:40.258339+00:00,node_3,9.714636,OK,normal,normal,0.0,0.0
run_0015,1,2023-11-15T04:14:00.447421+00:00,node_1,9.432165,OK,normal,normal,0.0,0.0
run_0015,1,2023-11-15T04:14:00.304698+00:00,node_2,9.24484,OK,normal,normal,0.0,0.0
run_0015,1,2023-11-15T04:14:00.242117+00:00,node_3,9.415468,OK,normal,normal,0.0,0.0
run_0015,2,2023-11-15T04:14:20.738963+00:00,node_1,9.357743,OK,normal,normal,0.0,0.0
run_0015,2,2023-11-15T04:14:20.574132+00:00,node_2,9.059532,OK,normal,normal,0.0,0.0
run_0015,2,2023-11-15T04:14:20.461365+00:00,node_3,9.365498,OK,normal,normal,0.0,0.0
run_0015,3,2023-11-15T04:14:40.524071+00:00,node_1,9.548577,OK,normal,normal,0.0,0.0
run_0015,3,2023-11-15T04:14:40.175642+00:00,node_2,9.621908,OK,normal,normal,0.0,0.0
run_0015,3,2023-11-15T04:14:40.409561+00:00,node_3,9.374199,OK,normal,normal,0.0,0.0
run_0015,4,2023-11-15T04:15:00.405864+00:00,node_1,9.251898,OK,normal,normal,0.0,0.0
run_0015,4,2023-11-15T04:15:00.615473+00:00,node_2,9.62347,OK,normal,normal,0.0,0.0
run_0015,4,2023-11-15T04:15:00.635004+00:00,node_3,9.279474,OK,normal,normal,0.0,0.0
run_0015,5,2023-11-15T04:15:20.407036+00:00,node_1,9.636391,OK,major,normal,32.80273413960174,0
run_0015,5,2023-11-15T04:15:20.457890+00:00,node_2,6.441724,OK,major,normal,32.80273413960174,0
run_0015,5,2023-11-15T04:15:20.438769+00:00,node_3,6.477969,OK,major,normal,32.80273413960174,0
run_0015,6,2023-11-15T04:15:40.174191+00:00,node_1,9.210477,OK,major,normal,32.80273413960174,0
run_0015,6,2023-11-15T04:15:40.209671+00:00,node_2,6.117291,OK,major,normal,32.80273413960174,0
run_0015,6,2023-11-15T04:15:40.432081+00:00,node_3,6.412464,OK,major,normal,32.80273413960174,0
run_0015,7,2023-11-15T04:16:00.493130+00:00,node_1,9.292069,OK,major,normal,32.80273413960174,0
run_0015,7,2023-11-15T04:16:00.577965+00:00,node_2,6.200527,OK,major,normal,32.80273413960174,0
run_0015,7,2023-11-15T04:16:00.431408+00:00,node_3,6.334527,OK,major,normal,32.80273413960174,0
run_0015,8,2023-11-15T04:16:20.549029+00:00,node_1,9.390834,OK,major,normal,32.80273413960174,0
run_0015,8,2023-11-15T04:16:20.637056+00:00,node_2,6.35768,OK,major,normal,32.80273413960174,0
run_0015,8,2023-11-15T04:16:20.829942+00:00,node_3,6.068057,OK,major,normal,32.80273413960174,0
run_0015,9,2023-11-15T04:16:40.877800+00:00,node_1,9.23482,OK,major,normal,32.80273413960174,0
run_0015,9,2023-11-15T04:16:40.913388+00:00,node_2,6.046581,OK,major,normal,32.80273413960174,0
run_0015,9,2023-11-15T04:16:40.797212+00:00,node_3,6.219088,OK,major,normal,32.80273413960174,0
run_0015,10,2023-11-15T04:17:00.807567+00:00,node_1,9.539015,OK,major,normal,32.80273413960174,0
run_0015,10,2023-11-15T04:17:01.130293+00:00,node_2,6.313941,OK,major,normal,32.80273413960174,0
run_0015,10,2023-11-15T04:17:00.861727+00:00,node_3,6.236279,OK,major,normal,32.80273413960174,0
run_0015,11,2023-11-15T04:17:21.103712+00:00,node_1,9.542413,OK,major,normal,32.80273413960174,0
run_0015,11,2023-11-15T04:17:21.049717+00:00,node_2,6.201118,OK,major,normal,32.80273413960174,0
run_0015,11,2023-11-15T04:17:20.871567+00:00,node_3,6.16962,OK,major,normal,32.80273413960174,0
run_0015,12,2023-11-15T04:17:40.745770+00:00,node_1,10.809315,OK,major,normal,32.80273413960174,0
run_0015,12,2023-11-15T04:17:40.694258+00:00,node_2,6.78926,OK,major,normal,32.80273413960174,0
run_0015,12,2023-11-15T04:17:40.982683+00:00,node_3,7.117411,OK,major,normal,32.80273413960174,0
run_0015,13,2023-11-15T04:18:00.477216+00:00,node_1,10.167963,OK,major,normal,32.80273413960174,0
run_0015,13,2023-11-15T04:18:00.640292+00:00,node_2,6.766021,OK,major,normal,32.80273413960174,0
run_0015,13,2023-11-15T04:18:00.417161+00:00,node_3,7.087337,OK,major,normal,32.80273413960174,0
run_0015,14,2023-11-15T04:18:20.321199+00:00,node_1,10.596734,OK,major,normal,32.80273413960174,0
run_0015,14,2023-11-15T04:18:20.233427+00:00,node_2,7.095288,OK,major,normal,32.80273413960174,0
run_0015,14,2023-11-15T04:18:20.156022+00:00,node_3,7.03271,OK,major,normal,32.80273413960174,0
run_0015,15,2023-11-15T04:18:39.945056+00:00,node_1,10.403364,OK,major,normal,32.80273413960174,0
run_0015,15,2023-11-15T04:18:39.861000+00:00,node_2,7.07277,OK,major,normal,32.80273413960174,0
run_0015,15,2023-11-15T04:18:39.737132+00:00,node_3,7.196316,OK,major,normal,32.80273413960174,0
run_0015,16,2023-11-15T04:19:00.071923+00:00,node_1,10.611282,OK,major,normal,32.80273413960174,0
run_0015,16,2023-11-15T04:18:59.877984+00:00,node_2,7.037053,OK,major,normal,32.80273413960174,0
run_0015,16,2023-11-15T04:18:59.966448+00:00,node_3,6.932539,OK,major,normal,32.80273413960174,0
run_0015,17,2023-11-15T04:19:19.853041+00:00,node_1,11.227362,OK,major,normal,32.80273413960174,0
run_0015,17,2023-11-15T04:19:20.072421+00:00,node_2,7.007731,OK,major,normal,32.80273413960174,0
run_0015,17,2023-11-15T04:19:19.805697+00:00,node_3,7.195075,OK,major,normal,32.80273413960174,0
run_0015,18,2023-11-15T04:19:39.863559+00:00,node_1,10.259272,OK,major,normal,32.80273413960174,0
run_0015,18,2023-11-15T04:19:39.658783+00:00,node_2,6.866289,OK,major,normal,32.80273413960174,0
run_0015,18,2023-11-15T04:19:39.879495+00:00,node_3,6.907449,OK,major,normal,32.80273413960174,0
run_0015,19,2023-11-15T04:20:00.093129+00:00,node_1,11.002152,OK,major,normal,32.80273413960174,0
run_0015,19,2023-11-15T04:20:00.307312+00:00,node_2,6.820041,OK,major,normal,32.80273413960174,0
run_0015,19,2023-11-15T04:20:00.152434+00:00,node_3,7.150397,OK,major,normal,32.80273413960174,0
run_0015,20,2023-11-15T04:20:20.048350+00:00,node_1,10.517785,OK,major,normal,32.80273413960174,0
run_0015,20,2023-11-15T04:20:19.936897+00:00,node_2,7.085431,OK,major,normal,32.80273413960174,0
run_0015,20,2023-11-15T04:20:20.256993+00:00,node_3,7.324134,OK,major,normal,32.80273413960174,0
run_0015,21,2023-11-15T04:20:40.302521+00:00,node_1,10.722614,OK,major,normal,32.80273413960174,0
run_0015,21,2023-11-15T04:20:40.095086+00:00,node_2,7.066799,OK,major,normal,32.80273413960174,0
run_0015,21,2023-11-15T04:20:40.222254+00:00,node_3,6.972486,OK,major,normal,32.80273413960174,0
run_0015,22,2023-11-15T04:20:59.883916+00:00,node_1,10.62377,OK,major,normal,32.80273413960174,0
run_0015,22,2023-11-15T04:20:59.950638+00:00,node_2,6.989793,OK,major,normal,32.80273413960174,0
run_0015,22,2023-11-15T04:21:00.157871+00:00,node_3,6.924669,OK,major,normal,32.80273413960174,0
run_0015,23,2023-11-15T04:21:20.047292+00:00,node_1,10.092134,OK,major,normal,32.80273413960174,0
run_0015,23,2023-11-15T04:21:20.208624+00:00,node_2,7.088759,OK,major,normal,32.80273413960174,0
run_0015,23,2023-11-15T04:21:20.341193+00:00,node_3,6.815208,OK,major,normal,32.80273413960174,0
run_0015,24,2023-11-15T04:21:40.085707+00:00,node_1,8.997252,OK,major,normal,32.80273413960174,0
run_0015,24,2023-11-15T04:21:40.193488+00:00,node_2,6.374288,OK,major,normal,32.80273413960174,0
run_0015,24,2023-11-15T04:21:40.381173+00:00,node_3,6.261046,OK,major,normal,32.80273413960174,0
run_0015,25,2023-11-15T04:22:00.078220+00:00,node_1,9.051293,OK,major,normal,32.80273413960174,0
run_0015,25,2023-11-15T04:21:59.992107+00:00,node_2,6.139249,OK,major,normal,32.80273413960174,0
run_0015,25,2023-11-15T04:22:00.298501+00:00,node_3,6.110654,OK,major,normal,32.80273413960174,0
run_0015,26,2023-11-15T04:22:20.109495+00:00,node_1,9.290244,OK,major,normal,32.80273413960174,0
run_0015,26,2023-11-15T04:22:19.981842+00:00,node_2,6.263717,OK,major,normal,32.80273413960174,0
run_0015,26,2023-11-15T04:22:19.913731+00:00,node_3,6.308373,OK,major,normal,32.80273413960174,0
run_0015,27,2023-11-15T04:22:40.316839+00:00,node_1,9.318646,OK,major,normal,32.80273413960174,0
run_0015,27,2023-11-15T04:22:40.194699+00:00,node_2,6.060172,OK,major,normal,32.80273413960174,0
run_0015,27,2023-11-15T04:22:40.236515+00:00,node_3,6.15753,OK,major,normal,32.80273413960174,0
run_0015,28,2023-11-15T04:22:59.804261+00:00,node_1,9.433729,OK,major,normal,32.80273413960174,0
run_0015,28,2023-11-15T04:22:59.985266+00:00,node_2,6.184753,OK,major,normal,32.80273413960174,0
run_0015,28,2023-11-15T04:23:00.094067+00:00,node_3,6.271185,OK,major,normal,32.80273413960174,0
run_0015,29,2023-11-15T04:23:19.683982+00:00,node_1,9.474587,OK,major,normal,32.80273413960174,0
run_0015,29,2023-11-15T04:23:19.735236+00:00,node_2,6.168331,OK,major,normal,32.80273413960174,0
run_0015,29,2023-11-15T04:23:19.783104+00:00,node_3,6.161506,OK,major,normal,32.80273413960174,0
run_0015,30,2023-11-15T04:23:39.415199+00:00,node_1,9.480022,OK,major,normal,32.80273413960174,0
run_0015,30,2023-11-15T04:23:39.554533+00:00,node_2,6.292468,OK,major,normal,32.80273413960174,0
run_0015,30,2023-11-15T04:23:39.455250+00:00,node_3,6.232573,OK,major,normal,32.80273413960174,0
run_0015,31,2023-11-15T04:23:59.174163+00:00,node_1,9.433347,OK,normal,normal,0.0,0.0
run_0015,31,2023-11-15T04:23:59.410969+00:00,node_2,8.980922,OK,normal,normal,0.0,0.0
run_0015,31,2023-11-15T04:23:59.560544+00:00,node_3,9.695165,OK,normal,normal,0.0,0.0
run_0015,32,2023-11-15T04:24:19.445517+00:00,node_1,9.301353,OK,normal,normal,0.0,0.0
run_0015,32,2023-11-15T04:24:19.421342+00:00,node_2,9.265567,OK,normal,normal,0.0,0.0
run_0015,32,2023-11-15T04:24:19.459354+00:00,node_3,9.398805,OK,normal,normal,0.0,0.0
run_0015,33,2023-11-15T04:24:39.178838+00:00,node_1,9.537528,OK,normal,normal,0.0,0.0
run_0015,33,2023-11-15T04:24:38.813639+00:00,node_2,9.571739,OK,normal,normal,0.0,0.0
run_0015,33,2023-11-15T04:24:39.085664+00:00,node_3,9.102294,OK,normal,normal,0.0,0.0
run_0015,34,2023-11-15T04:24:58.580772+00:00,node_1,9.245802,OK,normal,normal,0.0,0.0
run_0015,34,2023-11-15T04:24:58.706474+00:00,node_2,9.066272,OK,normal,normal,0.0,0.0
run_0015,34,2023-11-15T04:24:58.600631+00:00,node_3,9.176654,OK,normal,normal,0.0,0.0
run_0015,35,2023-11-15T04:25:18.763091+00:00,node_1,9.141002,OK,normal,normal,0.0,0.0
run_0015,35,2023-11-15T04:25:18.749000+00:00,node_2,9.43658,OK,normal,normal,0.0,0.0
run_0015,35,2023-11-15T04:25:18.500982+00:00,node_3,9.242141,OK,normal,normal,0.0,0.0
run_0016,0,2023-11-15T04:37:39.747500+00:00,node_1,10.65606,OK,normal,normal,0.0,0.0
run_0016,0,2023-11-15T04:37:39.414299+00:00,node_2,10.333222,OK,normal,normal,0.0,0.0
run_0016,0,2023-11-15T04:37:39.753631+00:00,node_3,10.255818,OK,normal,normal,0.0,0.0
run_0016,1,2023-11-15T04:37:59.916841+00:00,node_1,10.797524,OK,normal,normal,0.0,0.0
run_0016,1,2023-11-15T04:37:59.872905+00:00,node_2,10.752974,OK,normal,normal,0.0,0.0
run_0016,1,2023-11-15T04:37:59.738821+00:00,node_3,10.765077,OK,normal,normal,0.0,0.0
run_0016,2,2023-11-15T04:38:19.645870+00:00,node_1,10.516881,OK,normal,normal,0.0,0.0
run_0016,2,2023-11-15T04:38:19.487096+00:00,node_2,10.687506,OK,normal,normal,0.0,0.0
run_0016,2,2023-11-15T04:38:19.408758+00:00,node_3,10.604562,OK,normal,normal,0.0,0.0
run_0016,3,2023-11-15T04:38:39.330815+00:00,node_1,10.778418,OK,normal,normal,0.0,0.0
run_0016,3,2023-11-15T04:38:39.581348+00:00,node_2,10.516173,OK,normal,normal,0.0,0.0
run_0016,3,2023-11-15T04:38:39.390551+00:00,node_3,10.569651,OK,normal,normal,0.0,0.0
run_0016,4,2023-11-15T04:38:59.795725+00:00,node_1,10.190152,OK,normal,normal,0.0,0.0
run_0016,4,2023-11-15T04:38:59.661540+00:00,node_2,10.529996,OK,normal,normal,0.0,0.0
run_0016,4,2023-11-15T04:38:59.551642+00:00,node_3,10.515484,OK,normal,normal,0.0,0.0
run_0016,5,2023-11-15T04:39:19.196049+00:00,node_1,10.465601,OK,major,minor,40.44911940978494,5.53085248656279
run_0016,5,2023-11-15T04:39:19.405910+00:00,node_2,6.112631,OK,major,minor,40.44911940978494,5.53085248656279
run_0016,5,2023-11-15T04:39:19.411141+00:00,node_3,6.237058,OK,major,minor,40.44911940978494,5.53085248656279
run_0016,6,2023-11-15T04:39:39.331088+00:00,node_1,10.70819,OK,major,minor,40.44911940978494,5.53085248656279
run_0016,6,2023-11-15T04:39:39.159767+00:00,node_2,6.406671,OK,major,minor,40.44911940978494,5.53085248656279
run_0016,6,2023-11-15T04:39:39.025576+00:00,node_3,5.935046,OK,major,minor,40.44911940978494,5.53085248656279
run_0016,7,2023-11-15T04:39:58.998770+00:00,node_1,10.383362,OK,major,minor,40.44911940978494,5.53085248656279
run_0016,7,2023-11-15T04:39:58.863257+00:00,node_2,6.177335,OK,major,minor,40.44911940978494,5.53085248656279
run_0016,7,2023-11-15T04:39:58.707835+00:00,node_3,6.10488,OK,major,minor,40.44911940978494,5.53085248656279
run_0016,8,2023-11-15T04:40:19.423495+00:00,node_1,10.599038,OK,major,minor,40.44911940978494,5.53085248656279
run_0016,8,2023-11-15T04:40:19.273219+00:00,node_2,6.425995,OK,major,minor,40.44911940978494,5.53085248656279
run_0016,8,2023-11-15T04:40:19.429724+00:00,node_3,5.957862,OK,major,minor,40.44911940978494,5.53085248656279
run_0016,9,2023-11-15T04:40:39.035825+00:00,node_1,10.92961,OK,major,minor,40.44911940978494,5.53085248656279
run_0016,9,2023-11-15T04:40:38.910609+00:00,node_2,6.30494,OK,major,minor,40.44911940978494,5.53085248656279
run_0016,9,2023-11-15T04:40:38.909494+00:00,node_3,5.718769,OK,major,minor,40.44911940978494,5.53085248656279
run_0016,10,2023-11-15T04:40:59.072697+00:00,node_1,10.516008,OK,major,minor,40.44911940978494,5.53085248656279
run_0016,10,2023-11-15T04:40:58.742105+00:00,node_2,6.346078,OK,major,minor,40.44911940978494,5.53085248656279
run_0016,10,2023-11-15T04:40:58.773295+00:00,node_3,6.264435,OK,major,minor,40.44911940978494,5.53085248656279
run_0016,11,2023-11-15T04:41:19.136172+00:00,node_1,10.440195,OK,major,minor,40.44911940978494,5.53085248656279
run_0016,11,2023-11-15T04:41:19.184306+00:00,node_2,6.29961,OK,major,minor,40.44911940978494,5.53085248656279
run_0016,11,2023-11-15T04:41:19.053059+00:00,node_3,6.056843,OK,major,minor,40.44911940978494,5.53085248656279
run_0016,12,2023-11-15T04:41:39.344675+00:00,node_1,9.78837,OK,major,minor,40.44911940978494,5.53085248656279
run_0016,12,2023-11-15T04:41:39.256446+00:00,node_2,5.677326,OK,major,minor,40.44911940978494,5.53085248656279
run_0016,12,2023-11-15T04:41:39.114873+00:00,node_3,5.696893,OK,major,minor,40.44911940978494,5.53085248656279
run_0016,13,2023-11-15T04:41:58.820481+00:00,node_1,10.041831,OK,major,minor,40.44911940978494,5.53085248656279
run_0016,13,2023-11-15T04:41:59.111422+00:00,node_2,5.930698,OK,major,minor,40.44911940978494,5.53085248656279
run_0016,13,2023-11-15T04:41:59.209773+00:00,node_3,5.760899,OK,major,minor,40.44911940978494,5.53085248656279
run_0016,14,2023-11-15T04:42:19.414948+00:00,node_1,10.184326,OK,major,minor,40.44911940978494,5.53085248656279
run_0016,14,2023-11-15T04:42:19.150655+00:00,node_2,6.054333,OK,major,minor,40.44911940978494,5.53085248656279
run_0016,14,2023-11-15T04:42:19.203715+00:00,node_3,5.562984,OK,major,minor,40.44911940978494,5.53085248656279
run_0016,15,2023-11-15T04:42:39.112257+00:00,node_1,9.891846,OK,major,minor,40.44911940978494,5.53085248656279
run_0016,15,2023-11-15T04:42:39.062726+00:00,node_2,5.803429,OK,major,minor,40.44911940978494,5.53085248656279
run_0016,15,2023-11-15T04:42:39.115111+00:00,node_3,5.646846,OK,major,minor,40.44911940978494,5.53085248656279
run_0016,16,2023-11-15T04:42:59.207937+00:00,node_1,9.690039,OK,major,minor,40.44911940978494,5.53085248656279
run_0016,16,2023-11-15T04:42:59.223973+00:00,node_2,5.688029,OK,major,minor,40.44911940978494,5.53085248656279
run_0016,16,2023-11-15T04:42:58.910135+00:00,node_3,5.505299,OK,major,minor,40.44911940978494,5.53085248656279
run_0016,17,2023-11-15T04:43:19.583906+00:00,node_1,9.79098,OK,major,minor,40.44911940978494,5.53085248656279
run_0016,17,2023-11-15T04:43:19.542097+00:00,node_2,5.718956,OK,major,minor,40.44911940978494,5.53085248656279
run_0016,17,2023-11-15T04:43:19.309556+00:00,node_3,5.508105,OK,major,minor,40.44911940978494,5.53085248656279
run_0016,18,2023-11-15T04:43:39.453830+00:00,node_1,9.933399,OK,major,minor,40.44911940978494,5.53085248656279
run_0016,18,2023-11-15T04:43:39.368035+00:00,node_2,5.742744,OK,major,minor,40.44911940978494,5.53085248656279
run_0016,18,2023-11-15T04:43:39.144600+00:00,node_3,5.594025,OK,major,minor,40.44911940978494,5.53085248656279
run_0016,19,2023-11-15T04:43:59.317036+00:00,node_1,10.236999,OK,major,minor,40.44911940978494,5.53085248656279
run_0016,19,2023-11-15T04:43:59.447850+00:00,node_2,5.918695,OK,major,minor,40.44911940978494,5.53085248656279
run_0016,19,2023-11-15T04:43:59.511494+00:00,node_3,5.574897,OK,major,minor,40.44911940978494,5.53085248656279
run_0016,20,2023-11-15T04:44:19.473603+00:00,node_1,10.068957,OK,major,minor,40.44911940978494,5.53085248656279
run_0016,20,2023-11-15T04:44:19.578302+00:00,node_2,5.979315,OK,major,minor,40.44911940978494,5.53085248656279
run_0016,20,2023-11-15T04:44:19.374021+00:00,node_3,5.747102,OK,major,minor,40.44911940978494,5.53085248656279
run_0016,21,2023-11-15T04:44:39.619860+00:00,node_1,10.17765,OK,major,minor,40.44911940978494,5.53085248656279
run_0016,21,2023-11-15T04:44:39.306413+00:00,node_2,5.940669,OK,major,minor,40.44911940978494,5.53085248656279
run_0016,21,2023-11-15T04:44:39.302661+00:00,node_3,5.419232,OK,major,minor,40.44911940978494,5.53085248656279
run_0016,22,2023-11-15T04:44:59.370149+00:00,node_1,10.008491,OK,major,minor,40.44911940978494,5.53085248656279
run_0016,22,2023-11-15T04:44:59.596415+00:00,node_2,5.894188,OK,major,minor,40.44911940978494,5.53085248656279
run_0016,22,2023-11-15T04:44:59.367985+00:00,node_3,5.433904,OK,major,minor,40.44911940978494,5.53085248656279
run_0016,23,2023-11-15T04:45:19.347196+00:00,node_1,9.453984,OK,major,minor,40.44911940978494,5.53085248656279
run_0016,23,2023-11-15T04:45:19.468527+00:00,node_2,5.859338,OK,major,minor,40.44911940978494,5.53085248656279
run_0016,23,2023-11-15T04:45:19.192546+00:00,node_3,5.544082,OK,major,minor,40.44911940978494,5.53085248656279
run_0016,24,2023-11-15T04:45:39.469141+00:00,node_1,9.916146,OK,major,minor,40.44911940978494,5.53085248656279
run_0016,24,2023-11-15T04:45:39.343266+00:00,node_2,5.688562,OK,major,minor,40.44911940978494,5.53085248656279
run_0016,24,2023-11-15T04:45:39.371778+00:00,node_3,5.400635,OK,major,minor,40.44911940978494,5.53085248656279
run_0016,25,2023-11-15T04:45:59.730850+00:00,node_1,9.859499,OK,major,minor,40.44911940978494,5.53085248656279
run_0016,25,2023-11-15T04:45:59.741767+00:00,node_2,5.73839,OK,major,minor,40.44911940978494,5.53085248656279
run_0016,25,2023-11-15T04:45:59.483837+00:00,node_3,5.456613,OK,major,minor,40.44911940978494,5.53085248656279
run_0016,26,2023-11-15T04:46:19.491537+00:00,node_1,9.61573,OK,major,minor,40.44911940978494,5.53085248656279
run_0016,26,2023-11-15T04:46:19.678712+00:00,node_2,5.645476,OK,major,minor,40.44911940978494,5.53085248656279
run_0016,26,2023-11-15T04:46:19.707682+00:00,node_3,5.378428,OK,major,minor,40.44911940978494,5.53085248656279
run_0016,27,2023-11-15T04:46:39.565117+00:00,node_1,9.600416,OK,major,minor,40.44911940978494,5.53085248656279
run_0016,27,2023-11-15T04:46:39.847346+00:00,node_2,5.738202,OK,major,minor,40.44911940978494,5.53085248656279
run_0016,27,2023-11-15T04:46:39.772613+00:00,node_3,5.440909,OK,major,minor,40.44911940978494,5.53085248656279
run_0016,28,2023-11-15T04:46:59.795838+00:00,node_1,10.019813,OK,major,minor,40.44911940978494,5.53085248656279
run_0016,28,2023-11-15T04:47:00.045062+00:00,node_2,5.664686,OK,major,minor,40.44911940978494,5.53085248656279
run_0016,28,2023-11-15T04:47:00.020662+00:00,node_3,5.471546,OK,major,minor,40.44911940978494,5.53085248656279
run_0016,29,2023-11-15T04:47:20.000404+00:00,node_1,9.369729,OK,major,minor,40.44911940978494,5.53085248656279
run_0016,29,2023-11-15T04:47:20.302028+00:00,node_2,5.554816,OK,major,minor,40.44911940978494,5.53085248656279
run_0016,29,2023-11-15T04:47:19.966687+00:00,node_3,5.450544,OK,major,minor,40.44911940978494,5.53085248656279
run_0016,30,2023-11-15T04:47:39.795939+00:00,node_1,9.745157,OK,major,minor,40.44911940978494,5.53085248656279
run_0016,30,2023-11-15T04:47:39.886005+00:00,node_2,5.597193,OK,major,minor,40.44911940978494,5.53085248656279
run_0016,30,2023-11-15T04:47:39.822690+00:00,node_3,5.498571,OK,major,minor,40.44911940978494,5.53085248656279
run_0016,31,2023-11-15T04:48:00.134426+00:00,node_1,9.869057,OK,normal,normal,0.0,0.0
run_0016,31,2023-11-15T04:47:59.968288+00:00,node_2,9.557405,OK,normal,normal,0.0,0.0
run_0016,31,2023-11-15T04:48:00.216459+00:00,node_3,9.444258,OK,normal,normal,0.0,0.0
run_0016,32,2023-11-15T04:48:20.303212+00:00,node_1,9.696934,OK,normal,normal,0.0,0.0
run_0016,32,2023-11-15T04:48:20.142625+00:00,node_2,10.248425,OK,normal,normal,0.0,0.0
run_0016,32,2023-11-15T04:48:20.271288+00:00,node_3,9.544888,OK,normal,normal,0.0,0.0
run_0016,33,2023-11-15T04:48:40.022483+00:00,node_1,9.355982,OK,normal,normal,0.0,0.0
run_0016,33,2023-11-15T04:48:40.088824+00:00,node_2,9.632251,OK,normal,normal,0.0,0.0
run_0016,33,2023-11-15T04:48:40.133684+00:00,node_3,9.690385,OK,normal,normal,0.0,0.0
run_0016,34,2023-11-15T04:49:00.158380+00:00,node_1,9.922337,OK,normal,normal,0.0,0.0
run_0016,34,2023-11-15T04:48:59.884539+00:00,node_2,9.703255,OK,normal,normal,0.0,0.0
run_0016,34,2023-11-15T04:49:00.125129+00:00,node_3,9.74007,OK,normal,normal,0.0,0.0
run_0016,35,2023-11-15T04:49:19.968880+00:00,node_1,9.423345,OK,normal,normal,0.0,0.0
run_0016,35,2023-11-15T04:49:19.793451+00:00,node_2,9.568873,OK,normal,normal,0.0,0.0
run_0016,35,2023-11-15T04:49:19.824287+00:00,node_3,9.858951,OK,normal,normal,0.0,0.0
run_0017,0,2023-11-15T05:01:39.795684+00:00,node_1,10.080408,OK,normal,normal,0.0,0.0
run_0017,0,2023-11-15T05:01:39.670786+00:00,node_2,10.042916,OK,normal,normal,0.0,0.0
run_0017,0,2023-11-15T05:01:39.729391+00:00,node_3,9.819541,OK,normal,normal,0.0,0.0
run_0017,1,2023-11-15T05:01:59.890016+00:00,node_1,10.18478,OK,normal,normal,0.0,0.0
run_0017,1,2023-11-15T05:01:59.716149+00:00,node_2,10.034003,OK,normal,normal,0.0,0.0
run_0017,1,2023-11-15T05:01:59.774431+00:00,node_3,9.682986,OK,normal,normal,0.0,0.0
run_0017,2,2023-11-15T05:02:20.150793+00:00,node_1,9.883776,OK,normal,normal,0.0,0.0
run_0017,2,2023-11-15T05:02:20.171240+00:00,node_2,9.662438,OK,normal,normal,0.0,0.0
run_0017,2,2023-11-15T05:02:19.956935+00:00,node_3,10.121372,OK,normal,normal,0.0,0.0
run_0017,3,2023-11-15T05:02:40.100474+00:00,node_1,10.175211,OK,normal,normal,0.0,0.0
run_0017,3,2023-11-15T05:02:40.372380+00:00,node_2,9.825805,OK,normal,normal,0.0,0.0
run_0017,3,2023-11-15T05:02:40.158607+00:00,node_3,9.64577,OK,normal,normal,0.0,0.0
run_0017,4,2023-11-15T05:03:00.786307+00:00,node_1,10.024433,OK,normal,normal,0.0,0.0
run_0017,4,2023-11-15T05:03:00.621252+00:00,node_2,9.724021,OK,normal,normal,0.0,0.0
run_0017,4,2023-11-15T05:03:00.548686+00:00,node_3,9.72691,OK,normal,normal,0.0,0.0
run_0017,5,2023-11-15T05:03:20.751119+00:00,node_1,9.790209,OK,major,major,44.75488757115529,32.694313731097424
run_0017,5,2023-11-15T05:03:20.634561+00:00,node_2,5.547961,OK,major,major,44.75488757115529,32.694313731097424
run_0017,5,2023-11-15T05:03:20.667835+00:00,node_3,3.762102,OK,major,major,44.75488757115529,32.694313731097424
run_0017,6,2023-11-15T05:03:40.345582+00:00,node_1,9.982277,OK,major,major,44.75488757115529,32.694313731097424
run_0017,6,2023-11-15T05:03:40.573104+00:00,node_2,5.428118,OK,major,major,44.75488757115529,32.694313731097424
run_0017,6,2023-11-15T05:03:40.570243+00:00,node_3,3.701923,OK,major,major,44.75488757115529,32.694313731097424
run_0017,7,2023-11-15T05:04:00.782875+00:00,node_1,9.98074,OK,major,major,44.75488757115529,32.694313731097424
run_0017,7,2023-11-15T05:04:00.959264+00:00,node_2,5.443899,OK,major,major,44.75488757115529,32.694313731097424
run_0017,7,2023-11-15T05:04:00.882786+00:00,node_3,3.715408,OK,major,major,44.75488757115529,32.694313731097424
run_0017,8,2023-11-15T05:04:20.957431+00:00,node_1,9.872904,OK,major,major,44.75488757115529,32.694313731097424
run_0017,8,2023-11-15T05:04:20.879399+00:00,node_2,5.640151,OK,major,major,44.75488757115529,32.694313731097424
run_0017,8,2023-11-15T05:04:20.661799+00:00,node_3,3.563915,OK,major,major,44.75488757115529,32.694313731097424
run_0017,9,2023-11-15T05:04:40.997306+00:00,node_1,9.965747,OK,major,major,44.75488757115529,32.694313731097424
run_0017,9,2023-11-15T05:04:41.063189+00:00,node_2,5.726849,OK,major,major,44.75488757115529,32.694313731097424
run_0017,9,2023-11-15T05:04:41.026083+00:00,node_3,3.69048,OK,major,major,44.75488757115529,32.694313731097424
run_0017,10,2023-11-15T05:05:00.666260+00:00,node_1,9.972515,OK,major,major,44.75488757115529,32.694313731097424
run_0017,10,2023-11-15T05:05:00.689053+00:00,node_2,5.460995,OK,major,major,44.75488757115529,32.694313731097424
run_0017,10,2023-11-15T05:05:00.582886+00:00,node_3,3.659245,OK,major,major,44.75488757115529,32.694313731097424
run_0017,11,2023-11-15T05:05:20.882397+00:00,node_1,10.079097,OK,major,major,44.75488757115529,32.694313731097424
run_0017,11,2023-11-15T05:05:20.818798+00:00,node_2,5.463211,OK,major,major,44.75488757115529,32.694313731097424
run_0017,11,2023-11-15T05:05:20.831466+00:00,node_3,3.786685,OK,major,major,44.75488757115529,32.694313731097424
run_0017,12,2023-11-15T05:05:40.673278+00:00,node_1,7.835947,OK,major,major,44.75488757115529,32.694313731097424
run_0017,12,2023-11-15T05:05:40.647270+00:00,node_2,4.365904,OK,major,major,44.75488757115529,32.694313731097424
run_0017,12,2023-11-15T05:05:40.872389+00:00,node_3,3.013778,OK,major,major,44.75488757115529,32.694313731097424
run_0017,13,2023-11-15T05:06:00.662566+00:00,node_1,8.084336,OK,major,major,44.75488757115529,32.694313731097424
run_0017,13,2023-11-15T05:06:00.469291+00:00,node_2,4.38939,OK,major,major,44.75488757115529,32.694313731097424
run_0017,13,2023-11-15T05:06:00.605555+00:00,node_3,3.046163,OK,major,major,44.75488757115529,32.694313731097424
run_0017,14,2023-11-15T05:06:20.728244+00:00,node_1,8.070424,OK,major,major,44.75488757115529,32.694313731097424
run_0017,14,2023-11-15T05:06:20.794760+00:00,node_2,4.50052,OK,major,major,44.75488757115529,32.694313731097424
run_0017,14,2023-11-15T05:06:20.892128+00:00,node_3,3.069579,OK,major,major,44.75488757115529,32.694313731097424
run_0017,15,2023-11-15T05:06:41.044127+00:00,node_1,7.89045,OK,major,major,44.75488757115529,32.694313731097424
run_0017,15,2023-11-15T05:06:40.930544+00:00,node_2,4.388189,OK,major,major,44.75488757115529,32.694313731097424
run_0017,15,2023-11-15T05:06:41.106623+00:00,node_3,2.88991,OK,major,major,44.75488757115529,32.694313731097424
run_0017,16,2023-11-15T05:07:01.246885+00:00,node_1,8.008885,OK,major,major,44.75488757115529,32.694313731097424
run_0017,16,2023-11-15T05:07:01.103979+00:00,node_2,4.510143,OK,major,major,44.75488757115529,32.694313731097424
run_0017,16,2023-11-15T05:07:01.195536+00:00,node_3,2.946785,OK,major,major,44.75488757115529,32.694313731097424
run_0017,17,2023-11-15T05:07:21.179435+00:00,node_1,8.00442,OK,major,major,44.75488757115529,32.694313731097424
run_0017,17,2023-11-15T05:07:21.455062+00:00,node_2,4.495471,OK,major,major,44.75488757115529,32.694313731097424
run_0017,17,2023-11-15T05:07:21.246748+00:00,node_3,2.911726,OK,major,major,44.75488757115529,32.694313731097424
run_0017,18,2023-11-15T05:07:41.602571+00:00,node_1,7.724897,OK,major,major,44.75488757115529,32.694313731097424
run_0017,18,2023-11-15T05:07:41.439743+00:00,node_2,4.389412,OK,major,major,44.75488757115529,32.694313731097424
run_0017,18,2023-11-15T05:07:41.390186+00:00,node_3,2.975121,OK,major,major,44.75488757115529,32.694313731097424
run_0017,19,2023-11-15T05:08:01.460379+00:00,node_1,8.313963,OK,major,major,44.75488757115529,32.694313731097424
run_0017,19,2023-11-15T05:08:01.545624+00:00,node_2,4.496065,OK,major,major,44.75488757115529,32.694313731097424
run_0017,19,2023-11-15T05:08:01.537306+00:00,node_3,3.029131,OK,major,major,44.75488757115529,32.694313731097424
run_0017,20,2023-11-15T05:08:21.292397+00:00,node_1,7.73194,OK,major,major,44.75488757115529,32.694313731097424
run_0017,20,2023-11-15T05:08:21.327649+00:00,node_2,4.332262,OK,major,major,44.75488757115529,32.694313731097424
run_0017,20,2023-11-15T05:08:21.298478+00:00,node_3,3.004018,OK,major,major,44.75488757115529,32.694313731097424
run_0017,21,2023-11-15T05:08:41.783978+00:00,node_1,8.078661,OK,major,major,44.75488757115529,32.694313731097424
run_0017,21,2023-11-15T05:08:41.632554+00:00,node_2,4.286996,OK,major,major,44.75488757115529,32.694313731097424
run_0017,21,2023-11-15T05:08:41.773343+00:00,node_3,2.91914,OK,major,major,44.75488757115529,32.694313731097424
run_0017,22,2023-11-15T05:09:01.525191+00:00,node_1,8.266266,OK,major,major,44.75488757115529,32.694313731097424
run_0017,22,2023-11-15T05:09:01.688686+00:00,node_2,4.549925,OK,major,major,44.75488757115529,32.694313731097424
run_0017,22,2023-11-15T05:09:01.730899+00:00,node_3,2.960646,OK,major,major,44.75488757115529,32.694313731097424
run_0017,23,2023-11-15T05:09:21.534830+00:00,node_1,7.860049,OK,major,major,44.75488757115529,32.694313731097424
run_0017,23,2023-11-15T05:09:21.507858+00:00,node_2,4.438698,OK,major,major,44.75488757115529,32.694313731097424
run_0017,23,2023-11-15T05:09:21.789987+00:00,node_3,2.961968,OK,major,major,44.75488757115529,32.694313731097424
run_0017,24,2023-11-15T05:09:41.717648+00:00,node_1,9.391403,OK,major,major,44.75488757115529,32.694313731097424
run_0017,24,2023-11-15T05:09:42.042737+00:00,node_2,5.281676,OK,major,major,44.75488757115529,32.694313731097424
run_0017,24,2023-11-15T05:09:41.935888+00:00,node_3,3.364119,OK,major,major,44.75488757115529,32.694313731097424
run_0017,25,2023-11-15T05:10:01.494085+00:00,node_1,9.576043,OK,major,major,44.75488757115529,32.694313731097424
run_0017,25,2023-11-15T05:10:01.359849+00:00,node_2,5.145948,OK,major,major,44.75488757115529,32.694313731097424
run_0017,25,2023-11-15T05:10:01.554189+00:00,node_3,3.597515,OK,major,major,44.75488757115529,32.694313731097424
run_0017,26,2023-11-15T05:10:21.256681+00:00,node_1,9.17224,OK,major,major,44.75488757115529,32.694313731097424
run_0017,26,2023-11-15T05:10:21.527893+00:00,node_2,5.279091,OK,major,major,44.75488757115529,32.694313731097424
run_0017,26,2023-11-15T05:10:21.272566+00:00,node_3,3.459972,OK,major,major,44.75488757115529,32.694313731097424
run_0017,27,2023-11-15T05:10:40.967969+00:00,node_1,9.672975,OK,major,major,44.75488757115529,32.694313731097424
run_0017,27,2023-11-15T05:10:40.953979+00:00,node_2,5.400183,OK,major,major,44.75488757115529,32.694313731097424
run_0017,27,2023-11-15T05:10:41.025845+00:00,node_3,3.638895,OK,major,major,44.75488757115529,32.694313731097424
run_0017,28,2023-11-15T05:11:00.592490+00:00,node_1,9.100471,OK,major,major,44.75488757115529,32.694313731097424
run_0017,28,2023-11-15T05:11:00.542889+00:00,node_2,5.358615,OK,major,major,44.75488757115529,32.694313731097424
run_0017,28,2023-11-15T05:11:00.729681+00:00,node_3,3.410384,OK,major,major,44.75488757115529,32.694313731097424
run_0017,29,2023-11-15T05:11:20.516833+00:00,node_1,9.614448,OK,major,major,44.75488757115529,32.694313731097424
run_0017,29,2023-11-15T05:11:20.554155+00:00,node_2,5.07935,OK,major,major,44.75488757115529,32.694313731097424
run_0017,29,2023-11-15T05:11:20.439497+00:00,node_3,3.492309,OK,major,major,44.75488757115529,32.694313731097424
run_0017,30,2023-11-15T05:11:40.333590+00:00,node_1,9.40257,OK,major,major,44.75488757115529,32.694313731097424
run_0017,30,2023-11-15T05:11:40.325594+00:00,node_2,5.455729,OK,major,major,44.75488757115529,32.694313731097424
run_0017,30,2023-11-15T05:11:40.300581+00:00,node_3,3.56669,OK,major,major,44.75488757115529,32.694313731097424
run_0017,31,2023-11-15T05:12:00.059143+00:00,node_1,9.240834,OK,normal,normal,0.0,0.0
run_0017,31,2023-11-15T05:12:00.141346+00:00,node_2,9.554631,OK,normal,normal,0.0,0.0
run_0017,31,2023-11-15T05:12:00.050791+00:00,node_3,9.47757,OK,normal,normal,0.0,0.0
run_0017,32,2023-11-15T05:12:20.019554+00:00,node_1,9.236832,OK,normal,normal,0.0,0.0
run_0017,32,2023-11-15T05:12:20.070092+00:00,node_2,9.604109,OK,normal,normal,0.0,0.0
run_0017,32,2023-11-15T05:12:20.029290+00:00,node_3,9.720425,OK,normal,normal,0.0,0.0
run_0017,33,2023-11-15T05:12:39.964693+00:00,node_1,9.740305,OK,normal,normal,0.0,0.0
run_0017,33,2023-11-15T05:12:39.934209+00:00,node_2,9.599409,OK,normal,normal,0.0,0.0
run_0017,33,2023-11-15T05:12:39.897853+00:00,node_3,9.411688,OK,normal,normal,0.0,0.0
run_0017,34,2023-11-15T05:12:59.997711+00:00,node_1,9.744428,OK,normal,normal,0.0,0.0
run_0017,34,2023-11-15T05:12:59.963064+00:00,node_2,9.350447,OK,normal,normal,0.0,0.0
run_0017,34,2023-11-15T05:13:00.046650+00:00,node_3,9.295294,OK,normal,normal,0.0,0.0
run_0017,35,2023-11-15T05:13:19.877588+00:00,node_1,8.908397,OK,normal,normal,0.0,0.0
run_0017,35,2023-11-15T05:13:19.515415+00:00,node_2,9.505415,OK,normal,normal,0.0,0.0
run_0017,35,2023-11-15T05:13:19.840087+00:00,node_3,9.265834,OK,normal,normal,0.0,0.0
run_0018,0,2023-11-15T05:25:39.587466+00:00,node_1,11.408004,OK,normal,normal,0.0,0.0
run_0018,0,2023-11-15T05:25:39.773876+00:00,node_2,11.970976,OK,normal,normal,0.0,0.0
run_0018,0,2023-11-15T05:25:39.650013+00:00,node_3,11.868762,OK,normal,normal,0.0,0.0
run_0018,1,2023-11-15T05:25:59.641002+00:00,node_1,11.770931,OK,normal,normal,0.0,0.0
run_0018,1,2023-11-15T05:25:59.588279+00:00,node_2,12.150091,OK,normal,normal,0.0,0.0
run_0018,1,2023-11-15T05:25:59.486727+00:00,node_3,11.671192,OK,normal,normal,0.0,0.0
run_0018,2,2023-11-15T05:26:20.036370+00:00,node_1,11.410961,OK,normal,normal,0.0,0.0
run_0018,2,2023-11-15T05:26:19.878519+00:00,node_2,12.086433,OK,normal,normal,0.0,0.0
run_0018,2,2023-11-15T05:26:19.831536+00:00,node_3,11.970831,OK,normal,normal,0.0,0.0
run_0018,3,2023-11-15T05:26:40.317906+00:00,node_1,11.513391,OK,normal,normal,0.0,0.0
run_0018,3,2023-11-15T05:26:40.543757+00:00,node_2,12.113531,OK,normal,normal,0.0,0.0
run_0018,3,2023-11-15T05:26:40.314319+00:00,node_3,12.04035,OK,normal,normal,0.0,0.0
run_0018,4,2023-11-15T05:26:59.914892+00:00,node_1,12.228186,OK,normal,normal,0.0,0.0
run_0018,4,2023-11-15T05:27:00.145919+00:00,node_2,11.927389,OK,normal,normal,0.0,0.0
run_0018,4,2023-11-15T05:26:59.969665+00:00,node_3,11.941728,OK,normal,normal,0.0,0.0
run_0018,5,2023-11-15T05:27:20.146843+00:00,node_1,11.636932,OK,normal,normal,0,0
run_0018,5,2023-11-15T05:27:20.211339+00:00,node_2,11.431794,OK,normal,normal,0,0
run_0018,5,2023-11-15T05:27:20.003672+00:00,node_3,11.927123,OK,normal,normal,0,0
run_0018,6,2023-11-15T05:27:39.595714+00:00,node_1,12.317789,OK,normal,normal,0,0
run_0018,6,2023-11-15T05:27:39.842201+00:00,node_2,11.16623,OK,normal,normal,0,0
run_0018,6,2023-11-15T05:27:39.629233+00:00,node_3,11.975446,OK,normal,normal,0,0
run_0018,7,2023-11-15T05:27:59.779947+00:00,node_1,11.642512,OK,normal,normal,0,0
run_0018,7,2023-11-15T05:27:59.788396+00:00,node_2,11.621013,OK,normal,normal,0,0
run_0018,7,2023-11-15T05:27:59.532600+00:00,node_3,12.123531,OK,normal,normal,0,0
run_0018,8,2023-11-15T05:28:19.518743+00:00,node_1,11.870965,OK,normal,normal,0,0
run_0018,8,2023-11-15T05:28:19.372203+00:00,node_2,11.80196,OK,normal,normal,0,0
run_0018,8,2023-11-15T05:28:19.502526+00:00,node_3,11.53827,OK,normal,normal,0,0
run_0018,9,2023-11-15T05:28:39.204700+00:00,node_1,12.247698,OK,normal,normal,0,0
run_0018,9,2023-11-15T05:28:39.471352+00:00,node_2,12.145995,OK,normal,normal,0,0
run_0018,9,2023-11-15T05:28:39.584659+00:00,node_3,11.82983,OK,normal,normal,0,0
run_0018,10,2023-11-15T05:28:59.601225+00:00,node_1,12.058432,OK,normal,normal,0,0
run_0018,10,2023-11-15T05:28:59.713472+00:00,node_2,12.213,OK,normal,normal,0,0
run_0018,10,2023-11-15T05:28:59.689598+00:00,node_3,11.931043,OK,normal,normal,0,0
run_0018,11,2023-11-15T05:29:19.475967+00:00,node_1,11.897075,OK,normal,normal,0,0
run_0018,11,2023-11-15T05:29:19.513866+00:00,node_2,11.519336,OK,normal,normal,0,0
run_0018,11,2023-11-15T05:29:19.507955+00:00,node_3,12.125014,OK,normal,normal,0,0
run_0018,12,2023-11-15T05:29:39.357175+00:00,node_1,8.923873,OK,normal,normal,0,0
run_0018,12,2023-11-15T05:29:39.617885+00:00,node_2,8.479897,OK,normal,normal,0,0
run_0018,12,2023-11-15T05:29:39.289993+00:00,node_3,8.67592,OK,normal,normal,0,0
run_0018,13,2023-11-15T05:29:59.051134+00:00,node_1,8.911753,OK,normal,normal,0,0
run_0018,13,2023-11-15T05:29:58.972848+00:00,node_2,8.805035,OK,normal,normal,0,0
run_0018,13,2023-11-15T05:29:59.000144+00:00,node_3,8.966016,OK,normal,normal,0,0
run_0018,14,2023-11-15T05:30:19.694368+00:00,node_1,8.404926,OK,normal,normal,0,0
run_0018,14,2023-11-15T05:30:19.362163+00:00,node_2,8.53728,OK,normal,normal,0,0
run_0018,14,2023-11-15T05:30:19.656748+00:00,node_3,8.528981,OK,normal,normal,0,0
run_0018,15,2023-11-15T05:30:39.244525+00:00,node_1,8.361559,OK,normal,normal,0,0
run_0018,15,2023-11-15T05:30:39.296359+00:00,node_2,9.068583,OK,normal,normal,0,0
run_0018,15,2023-11-15T05:30:39.119432+00:00,node_3,8.653422,OK,normal,normal,0,0
run_0018,16,2023-11-15T05:30:59.360740+00:00,node_1,8.723391,OK,normal,normal,0,0
run_0018,16,2023-11-15T05:30:59.353019+00:00,node_2,8.825242,OK,normal,normal,0,0
run_0018,16,2023-11-15T05:30:59.299614+00:00,node_3,9.064352,OK,normal,normal,0,0
run_0018,17,2023-11-15T05:31:19.161228+00:00,node_1,8.814547,OK,normal,normal,0,0
run_0018,17,2023-11-15T05:31:18.874409+00:00,node_2,8.672469,OK,normal,normal,0,0
run_0018,17,2023-11-15T05:31:19.232628+00:00,node_3,8.919528,OK,normal,normal,0,0
run_0018,18,2023-11-15T05:31:39.033552+00:00,node_1,8.752807,OK,normal,normal,0,0
run_0018,18,2023-11-15T05:31:38.858940+00:00,node_2,8.62824,OK,normal,normal,0,0
run_0018,18,2023-11-15T05:31:38.719666+00:00,node_3,8.665955,OK,normal,normal,0,0
run_0018,19,2023-11-15T05:31:59.242127+00:00,node_1,9.008165,OK,normal,normal,0,0
run_0018,19,2023-11-15T05:31:58.906251+00:00,node_2,8.776562,OK,normal,normal,0,0
run_0018,19,2023-11-15T05:31:59.105621+00:00,node_3,8.737746,OK,normal,normal,0,0
run_0018,20,2023-11-15T05:32:18.737102+00:00,node_1,8.746612,OK,normal,normal,0,0
run_0018,20,2023-11-15T05:32:18.943403+00:00,node_2,8.400895,OK,normal,normal,0,0
run_0018,20,2023-11-15T05:32:18.784135+00:00,node_3,8.369439,OK,normal,normal,0,0
run_0018,21,2023-11-15T05:32:39.043758+00:00,node_1,8.67762,OK,normal,normal,0,0
run_0018,21,2023-11-15T05:32:39.012028+00:00,node_2,9.033053,OK,normal,normal,0,0
run_0018,21,2023-11-15T05:32:39.175224+00:00,node_3,8.79011,OK,normal,normal,0,0
run_0018,22,2023-11-15T05:32:59.063677+00:00,node_1,8.546108,OK,normal,normal,0,0
run_0018,22,2023-11-15T05:32:59.255181+00:00,node_2,9.105122,OK,normal,normal,0,0
run_0018,22,2023-11-15T05:32:59.289252+00:00,node_3,8.7252,OK,normal,normal,0,0
run_0018,23,2023-11-15T05:33:19.570634+00:00,node_1,8.890961,OK,normal,normal,0,0
run_0018,23,2023-11-15T05:33:19.446655+00:00,node_2,8.422888,OK,normal,normal,0,0
run_0018,23,2023-11-15T05:33:19.624238+00:00,node_3,8.417907,OK,normal,normal,0,0
run_0018,24,2023-11-15T05:33:40.038245+00:00,node_1,8.259294,OK,normal,normal,0,0
run_0018,24,2023-11-15T05:33:39.932794+00:00,node_2,8.241224,OK,normal,normal,0,0
run_0018,24,2023-11-15T05:33:39.855529+00:00,node_3,8.284358,OK,normal,normal,0,0
run_0018,25,2023-11-15T05:34:00.079538+00:00,node_1,8.211273,OK,normal,normal,0,0
run_0018,25,2023-11-15T05:34:00.229964+00:00,node_2,8.591429,OK,normal,normal,0,0
run_0018,25,2023-11-15T05:33:59.991811+00:00,node_3,8.530206,OK,normal,normal,0,0
run_0018,26,2023-11-15T05:34:19.886001+00:00,node_1,8.053709,OK,normal,normal,0,0
run_0018,26,2023-11-15T05:34:19.813401+00:00,node_2,8.495514,OK,normal,normal,0,0
run_0018,26,2023-11-15T05:34:19.903884+00:00,node_3,8.406583,OK,normal,normal,0,0
run_0018,27,2023-11-15T05:34:39.972526+00:00,node_1,8.268346,OK,normal,normal,0,0
run_0018,27,2023-11-15T05:34:39.974834+00:00,node_2,8.399759,OK,normal,normal,0,0
run_0018,27,2023-11-15T05:34:40.004983+00:00,node_3,8.251628,OK,normal,normal,0,0
run_0018,28,2023-11-15T05:35:00.474622+00:00,node_1,8.095367,OK,normal,normal,0,0
run_0018,28,2023-11-15T05:35:00.435130+00:00,node_2,8.352822,OK,normal,normal,0,0
run_0018,28,2023-11-15T05:35:00.573318+00:00,node_3,8.241985,OK,normal,normal,0,0
run_0018,29,2023-11-15T05:35:20.021381+00:00,node_1,8.53196,OK,normal,normal,0,0
run_0018,29,2023-11-15T05:35:20.113412+00:00,node_2,8.419197,OK,normal,normal,0,0
run_0018,29,2023-11-15T05:35:19.885108+00:00,node_3,8.371832,OK,normal,normal,0,0
run_0018,30,2023-11-15T05:35:39.888171+00:00,node_1,8.380583,OK,normal,normal,0,0
run_0018,30,2023-11-15T05:35:39.807110+00:00,node_2,8.269858,OK,normal,normal,0,0
run_0018,30,2023-11-15T05:35:39.897813+00:00,node_3,8.418808,OK,normal,normal,0,0
run_0018,31,2023-11-15T05:35:59.343987+00:00,node_1,8.185812,OK,normal,normal,0.0,0.0
run_0018,31,2023-11-15T05:35:59.580366+00:00,node_2,8.270169,OK,normal,normal,0.0,0.0
run_0018,31,2023-11-15T05:35:59.648635+00:00,node_3,8.071061,OK,normal,normal,0.0,0.0
run_0018,32,2023-11-15T05:36:19.628863+00:00,node_1,8.616339,OK,normal,normal,0.0,0.0
run_0018,32,2023-11-15T05:36:19.715717+00:00,node_2,8.450045,OK,normal,normal,0.0,0.0
run_0018,32,2023-11-15T05:36:19.704167+00:00,node_3,8.506608,OK,normal,normal,0.0,0.0
run_0018,33,2023-11-15T05:36:39.529439+00:00,node_1,8.344469,OK,normal,normal,0.0,0.0
run_0018,33,2023-11-15T05:36:39.694307+00:00,node_2,8.083082,OK,normal,normal,0.0,0.0
run_0018,33,2023-11-15T05:36:39.648409+00:00,node_3,8.456664,OK,normal,normal,0.0,0.0
run_0018,34,2023-11-15T05:37:00.152431+00:00,node_1,8.333495,OK,normal,normal,0.0,0.0
run_0018,34,2023-11-15T05:36:59.819737+00:00,node_2,8.125931,OK,normal,normal,0.0,0.0
run_0018,34,2023-11-15T05:37:00.008271+00:00,node_3,8.180685,OK,normal,normal,0.0,0.0
run_0018,35,2023-11-15T05:37:19.679266+00:00,node_1,8.363709,OK,normal,normal,0.0,0.0
run_0018,35,2023-11-15T05:37:19.741529+00:00,node_2,8.461729,OK,normal,normal,0.0,0.0
run_0018,35,2023-11-15T05:37:19.727589+00:00,node_3,8.240312,OK,normal,normal,0.0,0.0
run_0019,0,2023-11-15T05:49:40.222472+00:00,node_1,9.619736,OK,normal,normal,0.0,0.0
run_0019,0,2023-11-15T05:49:40.401348+00:00,node_2,9.134877,OK,normal,normal,0.0,0.0
run_0019,0,2023-11-15T05:49:40.463505+00:00,node_3,9.649164,OK,normal,normal,0.0,0.0
run_0019,1,2023-11-15T05:50:00.075758+00:00,node_1,9.714816,OK,normal,normal,0.0,0.0
run_0019,1,2023-11-15T05:50:00.173515+00:00,node_2,9.578236,OK,normal,normal,0.0,0.0
run_0019,1,2023-11-15T05:50:00.333206+00:00,node_3,9.689248,OK,normal,normal,0.0,0.0
run_0019,2,2023-11-15T05:50:20.324264+00:00,node_1,10.011971,OK,normal,normal,0.0,0.0
run_0019,2,2023-11-15T05:50:20.379178+00:00,node_2,9.618489,OK,normal,normal,0.0,0.0
run_0019,2,2023-11-15T05:50:20.334630+00:00,node_3,9.806531,OK,normal,normal,0.0,0.0
run_0019,3,2023-11-15T05:50:40.703449+00:00,node_1,9.64889,OK,normal,normal,0.0,0.0
run_0019,3,2023-11-15T05:50:40.549418+00:00,node_2,9.849502,OK,normal,normal,0.0,0.0
run_0019,3,2023-11-15T05:50:40.609261+00:00,node_3,9.698692,OK,normal,normal,0.0,0.0
run_0019,4,2023-11-15T05:51:00.320155+00:00,node_1,9.394101,OK,normal,normal,0.0,0.0
run_0019,4,2023-11-15T05:51:00.373183+00:00,node_2,9.62751,OK,normal,normal,0.0,0.0
run_0019,4,2023-11-15T05:51:00.617024+00:00,node_3,9.256207,OK,normal,normal,0.0,0.0
run_0019,5,2023-11-15T05:51:20.579438+00:00,node_1,10.037582,OK,normal,minor,0,10.230868641318317
run_0019,5,2023-11-15T05:51:20.370377+00:00,node_2,9.569958,OK,normal,minor,0,10.230868641318317
run_0019,5,2023-11-15T05:51:20.561618+00:00,node_3,8.673078,OK,normal,minor,0,10.230868641318317
run_0019,6,2023-11-15T05:51:40.190650+00:00,node_1,9.507571,OK,normal,minor,0,10.230868641318317
run_0019,6,2023-11-15T05:51:40.301638+00:00,node_2,9.599398,OK,normal,minor,0,10.230868641318317
run_0019,6,2023-11-15T05:51:40.239690+00:00,node_3,8.33268,OK,normal,minor,0,10.230868641318317
run_0019,7,2023-11-15T05:52:00.186193+00:00,node_1,9.580035,OK,normal,minor,0,10.230868641318317
run_0019,7,2023-11-15T05:52:00.283149+00:00,node_2,9.683218,OK,normal,minor,0,10.230868641318317
run_0019,7,2023-11-15T05:52:00.182779+00:00,node_3,8.477795,OK,normal,minor,0,10.230868641318317
run_0019,8,2023-11-15T05:52:20.384958+00:00,node_1,9.172756,OK,normal,minor,0,10.230868641318317
run_0019,8,2023-11-15T05:52:20.327935+00:00,node_2,9.71389,OK,normal,minor,0,10.230868641318317
run_0019,8,2023-11-15T05:52:20.358675+00:00,node_3,8.762371,OK,normal,minor,0,10.230868641318317
run_0019,9,2023-11-15T05:52:40.722825+00:00,node_1,9.661402,OK,normal,minor,0,10.230868641318317
run_0019,9,2023-11-15T05:52:40.901214+00:00,node_2,9.782064,OK,normal,minor,0,10.230868641318317
run_0019,9,2023-11-15T05:52:40.840595+00:00,node_3,8.487503,OK,normal,minor,0,10.230868641318317
run_0019,10,2023-11-15T05:53:01.016619+00:00,node_1,10.195035,OK,normal,minor,0,10.230868641318317
run_0019,10,2023-11-15T05:53:00.870303+00:00,node_2,10.024543,OK,normal,minor,0,10.230868641318317
run_0019,10,2023-11-15T05:53:01.072883+00:00,node_3,8.920075,OK,normal,minor,0,10.230868641318317
run_0019,11,2023-11-15T05:53:21.039889+00:00,node_1,9.55823,OK,normal,minor,0,10.230868641318317
run_0019,11,2023-11-15T05:53:20.878800+00:00,node_2,9.632305,OK,normal,minor,0,10.230868641318317
run_0019,11,2023-11-15T05:53:20.979669+00:00,node_3,8.565611,OK,normal,minor,0,10.230868641318317
run_0019,12,2023-11-15T05:53:41.063371+00:00,node_1,10.652569,OK,normal,minor,0,10.230868641318317
run_0019,12,2023-11-15T05:53:41.249601+00:00,node_2,10.442044,OK,normal,minor,0,10.230868641318317
run_0019,12,2023-11-15T05:53:41.368783+00:00,node_3,9.354585,OK,normal,minor,0,10.230868641318317
run_0019,13,2023-11-15T05:54:01.007443+00:00,node_1,10.273938,OK,normal,minor,0,10.230868641318317
run_0019,13,2023-11-15T05:54:00.784441+00:00,node_2,10.367505,OK,normal,minor,0,10.230868641318317
run_0019,13,2023-11-15T05:54:00.911631+00:00,node_3,9.07608,OK,normal,minor,0,10.230868641318317
run_0019,14,2023-11-15T05:54:20.351260+00:00,node_1,9.866956,OK,normal,minor,0,10.230868641318317
run_0019,14,2023-11-15T05:54:20.334467+00:00,node_2,10.235065,OK,normal,minor,0,10.230868641318317
run_0019,14,2023-11-15T05:54:20.490088+00:00,node_3,9.561756,OK,normal,minor,0,10.230868641318317
run_0019,15,2023-11-15T05:54:40.440959+00:00,node_1,9.961871,OK,normal,minor,0,10.230868641318317
run_0019,15,2023-11-15T05:54:40.450778+00:00,node_2,10.527408,OK,normal,minor,0,10.230868641318317
run_0019,15,2023-11-15T05:54:40.491724+00:00,node_3,9.319863,OK,normal,minor,0,10.230868641318317
run_0019,16,2023-11-15T05:55:00.252051+00:00,node_1,10.207858,OK,normal,minor,0,10.230868641318317
run_0019,16,2023-11-15T05:55:00.094612+00:00,node_2,10.075331,OK,normal,minor,0,10.230868641318317
run_0019,16,2023-11-15T05:55:00.423706+00:00,node_3,9.057351,OK,normal,minor,0,10.230868641318317
run_0019,17,2023-11-15T05:55:20.040573+00:00,node_1,10.493879,OK,normal,minor,0,10.230868641318317
run_0019,17,2023-11-15T05:55:20.250449+00:00,node_2,10.644328,OK,normal,minor,0,10.230868641318317
run_0019,17,2023-11-15T05:55:20.247734+00:00,node_3,9.297291,OK,normal,minor,0,10.230868641318317
run_0019,18,2023-11-15T05:55:39.619349+00:00,node_1,10.227037,OK,normal,minor,0,10.230868641318317
run_0019,18,2023-11-15T05:55:39.952616+00:00,node_2,10.702712,OK,normal,minor,0,10.230868641318317
run_0019,18,2023-11-15T05:55:39.641811+00:00,node_3,9.289322,OK,normal,minor,0,10.230868641318317
run_0019,19,2023-11-15T05:55:59.560004+00:00,node_1,10.21094,OK,normal,minor,0,10.230868641318317
run_0019,19,2023-11-15T05:55:59.773632+00:00,node_2,10.223087,OK,normal,minor,0,10.230868641318317
run_0019,19,2023-11-15T05:55:59.571782+00:00,node_3,9.256829,OK,normal,minor,0,10.230868641318317
run_0019,20,2023-11-15T05:56:20.066296+00:00,node_1,10.4907,OK,normal,minor,0,10.230868641318317
run_0019,20,2023-11-15T05:56:20.258540+00:00,node_2,10.592202,OK,normal,minor,0,10.230868641318317
run_0019,20,2023-11-15T05:56:19.958816+00:00,node_3,9.229841,OK,normal,minor,0,10.230868641318317
run_0019,21,2023-11-15T05:56:40.177855+00:00,node_1,10.586895,OK,normal,minor,0,10.230868641318317
run_0019,21,2023-11-15T05:56:40.096260+00:00,node_2,10.274232,OK,normal,minor,0,10.230868641318317
run_0019,21,2023-11-15T05:56:40.209002+00:00,node_3,9.191301,OK,normal,minor,0,10.230868641318317
run_0019,22,2023-11-15T05:57:00.343823+00:00,node_1,10.339047,OK,normal,minor,0,10.230868641318317
run_0019,22,2023-11-15T05:57:00.176799+00:00,node_2,10.195391,OK,normal,minor,0,10.230868641318317
run_0019,22,2023-11-15T05:57:00.308274+00:00,node_3,9.086111,OK,normal,minor,0,10.230868641318317
run_0019,23,2023-11-15T05:57:20.676167+00:00,node_1,10.361798,OK,normal,minor,0,10.230868641318317
run_0019,23,2023-11-15T05:57:20.482966+00:00,node_2,10.84377,OK,normal,minor,0,10.230868641318317
run_0019,23,2023-11-15T05:57:20.331885+00:00,node_3,9.57075,OK,normal,minor,0,10.230868641318317
run_0019,24,2023-11-15T05:57:40.728550+00:00,node_1,9.175176,OK,normal,minor,0,10.230868641318317
run_0019,24,2023-11-15T05:57:40.968170+00:00,node_2,9.084129,OK,normal,minor,0,10.230868641318317
run_0019,24,2023-11-15T05:57:40.826448+00:00,node_3,8.071017,OK,normal,minor,0,10.230868641318317
run_0019,25,2023-11-15T05:58:00.936568+00:00,node_1,9.592513,OK,normal,minor,0,10.230868641318317
run_0019,25,2023-11-15T05:58:00.897538+00:00,node_2,9.197762,OK,normal,minor,0,10.230868641318317
run_0019,25,2023-11-15T05:58:00.977868+00:00,node_3,8.301642,OK,normal,minor,0,10.230868641318317
run_0019,26,2023-11-15T05:58:20.646139+00:00,node_1,9.428257,OK,normal,minor,0,10.230868641318317
run_0019,26,2023-11-15T05:58:20.717884+00:00,node_2,9.490671,OK,normal,minor,0,10.230868641318317
run_0019,26,2023-11-15T05:58:20.690325+00:00,node_3,8.251792,OK,normal,minor,0,10.230868641318317
run_0019,27,2023-11-15T05:58:40.948794+00:00,node_1,9.350913,OK,normal,minor,0,10.230868641318317
run_0019,27,2023-11-15T05:58:40.791682+00:00,node_2,9.197627,OK,normal,minor,0,10.230868641318317
run_0019,27,2023-11-15T05:58:40.722830+00:00,node_3,8.046252,OK,normal,minor,0,10.230868641318317
run_0019,28,2023-11-15T05:59:01.095224+00:00,node_1,9.318661,OK,normal,minor,0,10.230868641318317
run_0019,28,2023-11-15T05:59:00.920455+00:00,node_2,9.457711,OK,normal,minor,0,10.230868641318317
run_0019,28,2023-11-15T05:59:01.042776+00:00,node_3,8.196621,OK,normal,minor,0,10.230868641318317
run_0019,29,2023-11-15T05:59:21.150993+00:00,node_1,9.601928,OK,normal,minor,0,10.230868641318317
run_0019,29,2023-11-15T05:59:21.202001+00:00,node_2,9.085747,OK,normal,minor,0,10.230868641318317
run_0019,29,2023-11-15T05:59:21.143412+00:00,node_3,8.724538,OK,normal,minor,0,10.230868641318317
run_0019,30,2023-11-15T05:59:41.015814+00:00,node_1,9.307544,OK,normal,minor,0,10.230868641318317
run_0019,30,2023-11-15T05:59:41.103516+00:00,node_2,9.112921,OK,normal,minor,0,10.230868641318317
run_0019,30,2023-11-15T05:59:41.073152+00:00,node_3,8.329456,OK,normal,minor,0,10.230868641318317
run_0019,31,2023-11-15T06:00:01.186882+00:00,node_1,9.257102,OK,normal,normal,0.0,0.0
run_0019,31,2023-11-15T06:00:01.114382+00:00,node_2,9.017537,OK,normal,normal,0.0,0.0
run_0019,31,2023-11-15T06:00:01.169967+00:00,node_3,9.381814,OK,normal,normal,0.0,0.0
run_0019,32,2023-11-15T06:00:21.443844+00:00,node_1,9.233486,OK,normal,normal,0.0,0.0
run_0019,32,2023-11-15T06:00:21.387408+00:00,node_2,8.914193,OK,normal,normal,0.0,0.0
run_0019,32,2023-11-15T06:00:21.681088+00:00,node_3,9.149587,OK,normal,normal,0.0,0.0
run_0019,33,2023-11-15T06:00:41.955735+00:00,node_1,9.373617,OK,normal,normal,0.0,0.0
run_0019,33,2023-11-15T06:00:42.158447+00:00,node_2,8.972567,OK,normal,normal,0.0,0.0
run_0019,33,2023-11-15T06:00:41.995662+00:00,node_3,9.544111,OK,normal,normal,0.0,0.0
run_0019,34,2023-11-15T06:01:01.660680+00:00,node_1,8.894089,OK,normal,normal,0.0,0.0
run_0019,34,2023-11-15T06:01:01.843907+00:00,node_2,8.897702,OK,normal,normal,0.0,0.0
run_0019,34,2023-11-15T06:01:01.539607+00:00,node_3,8.774327,OK,normal,normal,0.0,0.0
run_0019,35,2023-11-15T06:01:21.860956+00:00,node_1,9.322259,OK,normal,normal,0.0,0.0
run_0019,35,2023-11-15T06:01:21.546619+00:00,node_2,9.029088,OK,normal,normal,0.0,0.0
run_0019,35,2023-11-15T06:01:21.781131+00:00,node_3,9.171349,OK,normal,normal,0.0,0.0
run_0020,0,2023-11-15T06:13:39.865680+00:00,node_1,8.092834,OK,normal,normal,0.0,0.0
run_0020,0,2023-11-15T06:13:39.957833+00:00,node_2,7.878614,OK,normal,normal,0.0,0.0
run_0020,0,2023-11-15T06:13:40.072761+00:00,node_3,8.032954,OK,normal,normal,0.0,0.0
run_0020,1,2023-11-15T06:14:00.244630+00:00,node_1,8.060824,OK,normal,normal,0.0,0.0
run_0020,1,2023-11-15T06:14:00.334584+00:00,node_2,8.210135,OK,normal,normal,0.0,0.0
run_0020,1,2023-11-15T06:14:00.299312+00:00,node_3,8.049037,OK,normal,normal,0.0,0.0
run_0020,2,2023-11-15T06:14:20.101575+00:00,node_1,8.170948,OK,normal,normal,0.0,0.0
run_0020,2,2023-11-15T06:14:20.463574+00:00,node_2,8.16367,OK,normal,normal,0.0,0.0
run_0020,2,2023-11-15T06:14:20.388010+00:00,node_3,8.070671,OK,normal,normal,0.0,0.0
run_0020,3,2023-11-15T06:14:40.066976+00:00,node_1,7.745582,OK,normal,normal,0.0,0.0
run_0020,3,2023-11-15T06:14:40.132315+00:00,node_2,8.193175,OK,normal,normal,0.0,0.0
run_0020,3,2023-11-15T06:14:39.931874+00:00,node_3,8.12612,OK,normal,normal,0.0,0.0
run_0020,4,2023-11-15T06:15:00.058325+00:00,node_1,8.057772,OK,normal,normal,0.0,0.0
run_0020,4,2023-11-15T06:14:59.966115+00:00,node_2,8.349345,OK,normal,normal,0.0,0.0
run_0020,4,2023-11-15T06:14:59.699049+00:00,node_3,8.198749,OK,normal,normal,0.0,0.0
run_0020,5,2023-11-15T06:15:19.813564+00:00,node_1,8.063986,OK,normal,major,0,31.94817922929594
run_0020,5,2023-11-15T06:15:19.646009+00:00,node_2,8.05334,OK,normal,major,0,31.94817922929594
run_0020,5,2023-11-15T06:15:19.665641+00:00,node_3,5.385764,OK,normal,major,0,31.94817922929594
run_0020,6,2023-11-15T06:15:39.827153+00:00,node_1,8.064554,OK,normal,major,0,31.94817922929594
run_0020,6,2023-11-15T06:15:39.720366+00:00,node_2,8.120793,OK,normal,major,0,31.94817922929594
run_0020,6,2023-11-15T06:15:39.682034+00:00,node_3,5.437513,OK,normal,major,0,31.94817922929594
run_0020,7,2023-11-15T06:15:59.500536+00:00,node_1,8.145772,OK,normal,major,0,31.94817922929594
run_0020,7,2023-11-15T06:15:59.379651+00:00,node_2,8.207367,OK,normal,major,0,31.94817922929594
run_0020,7,2023-11-15T06:15:59.475200+00:00,node_3,5.453398,OK,normal,major,0,31.94817922929594
run_0020,8,2023-11-15T06:16:19.149751+00:00,node_1,8.019116,OK,normal,major,0,31.94817922929594
run_0020,8,2023-11-15T06:16:19.449584+00:00,node_2,8.072112,OK,normal,major,0,31.94817922929594
run_0020,8,2023-11-15T06:16:19.078541+00:00,node_3,5.527664,OK,normal,major,0,31.94817922929594
run_0020,9,2023-11-15T06:16:39.595642+00:00,node_1,7.928216,OK,normal,major,0,31.94817922929594
run_0020,9,2023-11-15T06:16:39.526001+00:00,node_2,7.873716,OK,normal,major,0,31.94817922929594
run_0020,9,2023-11-15T06:16:39.296137+00:00,node_3,5.393857,OK,normal,major,0,31.94817922929594
run_0020,10,2023-11-15T06:16:59.323463+00:00,node_1,7.865887,OK,normal,major,0,31.94817922929594
run_0020,10,2023-11-15T06:16:59.609651+00:00,node_2,8.108823,OK,normal,major,0,31.94817922929594
run_0020,10,2023-11-15T06:16:59.312523+00:00,node_3,5.502212,OK,normal,major,0,31.94817922929594
run_0020,11,2023-11-15T06:17:19.353813+00:00,node_1,8.254917,OK,normal,major,0,31.94817922929594
run_0020,11,2023-11-15T06:17:19.200816+00:00,node_2,7.976242,OK,normal,major,0,31.94817922929594
run_0020,11,2023-11-15T06:17:19.363498+00:00,node_3,5.595,OK,normal,major,0,31.94817922929594
run_0020,12,2023-11-15T06:17:39.301116+00:00,node_1,11.176057,OK,normal,major,0,31.94817922929594
run_0020,12,2023-11-15T06:17:39.330793+00:00,node_2,10.613155,OK,normal,major,0,31.94817922929594
run_0020,12,2023-11-15T06:17:39.274051+00:00,node_3,7.487731,OK,normal,major,0,31.94817922929594
run_0020,13,2023-11-15T06:17:58.879256+00:00,node_1,10.729308,OK,normal,major,0,31.94817922929594
run_0020,13,2023-11-15T06:17:58.846081+00:00,node_2,10.639107,OK,normal,major,0,31.94817922929594
run_0020,13,2023-11-15T06:17:59.048190+00:00,node_3,7.403831,OK,normal,major,0,31.94817922929594
run_0020,14,2023-11-15T06:18:19.103649+00:00,node_1,11.039506,OK,normal,major,0,31.94817922929594
run_0020,14,2023-11-15T06:18:18.827779+00:00,node_2,11.082783,OK,normal,major,0,31.94817922929594
run_0020,14,2023-11-15T06:18:18.814700+00:00,node_3,7.578135,OK,normal,major,0,31.94817922929594
run_0020,15,2023-11-15T06:18:39.267240+00:00,node_1,10.718316,OK,normal,major,0,31.94817922929594
run_0020,15,2023-11-15T06:18:39.359501+00:00,node_2,10.677284,OK,normal,major,0,31.94817922929594
run_0020,15,2023-11-15T06:18:39.102566+00:00,node_3,7.466831,OK,normal,major,0,31.94817922929594
run_0020,16,2023-11-15T06:18:59.394736+00:00,node_1,11.36406,OK,normal,major,0,31.94817922929594
run_0020,16,2023-11-15T06:18:59.170399+00:00,node_2,10.941776,OK,normal,major,0,31.94817922929594
run_0020,16,2023-11-15T06:18:59.352187+00:00,node_3,7.647352,OK,normal,major,0,31.94817922929594
run_0020,17,2023-11-15T06:19:19.473971+00:00,node_1,10.776833,OK,normal,major,0,31.94817922929594
run_0020,17,2023-11-15T06:19:19.662983+00:00,node_2,10.938709,OK,normal,major,0,31.94817922929594
run_0020,17,2023-11-15T06:19:19.426096+00:00,node_3,7.471351,OK,normal,major,0,31.94817922929594
run_0020,18,2023-11-15T06:19:39.672743+00:00,node_1,11.225972,OK,normal,major,0,31.94817922929594
run_0020,18,2023-11-15T06:19:39.898932+00:00,node_2,11.123232,OK,normal,major,0,31.94817922929594
run_0020,18,2023-11-15T06:19:39.936217+00:00,node_3,7.626256,OK,normal,major,0,31.94817922929594
run_0020,19,2023-11-15T06:19:59.301800+00:00,node_1,10.722122,OK,normal,major,0,31.94817922929594
run_0020,19,2023-11-15T06:19:59.490185+00:00,node_2,11.357103,OK,normal,major,0,31.94817922929594
run_0020,19,2023-11-15T06:19:59.308500+00:00,node_3,7.741728,OK,normal,major,0,31.94817922929594
run_0020,20,2023-11-15T06:20:19.246966+00:00,node_1,11.156506,OK,normal,major,0,31.94817922929594
run_0020,20,2023-11-15T06:20:19.347970+00:00,node_2,11.045652,OK,normal,major,0,31.94817922929594
run_0020,20,2023-11-15T06:20:19.062092+00:00,node_3,7.300071,OK,normal,major,0,31.94817922929594
run_0020,21,2023-11-15T06:20:39.337183+00:00,node_1,11.286584,OK,normal,major,0,31.94817922929594
run_0020,21,2023-11-15T06:20:39.680387+00:00,node_2,11.356886,OK,normal,major,0,31.94817922929594
run_0020,21,2023-11-15T06:20:39.440006+00:00,node_3,7.281857,OK,normal,major,0,31.94817922929594
run_0020,22,2023-11-15T06:20:59.126046+00:00,node_1,10.976614,OK,normal,major,0,31.94817922929594
run_0020,22,2023-11-15T06:20:59.260570+00:00,node_2,10.847771,OK,normal,major,0,31.94817922929594
run_0020,22,2023-11-15T06:20:59.034910+00:00,node_3,7.467907,OK,normal,major,0,31.94817922929594
run_0020,23,2023-11-15T06:21:19.163579+00:00,node_1,11.260897,OK,normal,major,0,31.94817922929594
run_0020,23,2023-11-15T06:21:18.842389+00:00,node_2,10.471126,OK,normal,major,0,31.94817922929594
run_0020,23,2023-11-15T06:21:18.888521+00:00,node_3,7.481245,OK,normal,major,0,31.94817922929594
run_0020,24,2023-11-15T06:21:38.982138+00:00,node_1,11.000496,OK,normal,major,0,31.94817922929594
run_0020,24,2023-11-15T06:21:38.948200+00:00,node_2,10.878969,OK,normal,major,0,31.94817922929594
run_0020,24,2023-11-15T06:21:38.958117+00:00,node_3,7.341952,OK,normal,major,0,31.94817922929594
run_0020,25,2023-11-15T06:21:58.971536+00:00,node_1,10.949184,OK,normal,major,0,31.94817922929594
run_0020,25,2023-11-15T06:21:58.632056+00:00,node_2,10.879776,OK,normal,major,0,31.94817922929594
run_0020,25,2023-11-15T06:21:58.882600+00:00,node_3,7.45562,OK,normal,major,0,31.94817922929594
run_0020,26,2023-11-15T06:22:18.872722+00:00,node_1,10.801992,OK,normal,major,0,31.94817922929594
run_0020,26,2023-11-15T06:22:18.981631+00:00,node_2,10.916781,OK,normal,major,0,31.94817922929594
run_0020,26,2023-11-15T06:22:18.866278+00:00,node_3,7.471676,OK,normal,major,0,31.94817922929594
run_0020,27,2023-11-15T06:22:39.238654+00:00,node_1,10.862747,OK,normal,major,0,31.94817922929594
run_0020,27,2023-11-15T06:22:39.150262+00:00,node_2,10.815138,OK,normal,major,0,31.94817922929594
run_0020,27,2023-11-15T06:22:39.458842+00:00,node_3,7.279195,OK,normal,major,0,31.94817922929594
run_0020,28,2023-11-15T06:22:59.502450+00:00,node_1,10.701088,OK,normal,major,0,31.94817922929594
run_0020,28,2023-11-15T06:22:59.278183+00:00,node_2,10.682901,OK,normal,major,0,31.94817922929594
run_0020,28,2023-11-15T06:22:59.366379+00:00,node_3,7.395357,OK,normal,major,0,31.94817922929594
run_0020,29,2023-11-15T06:23:19.007188+00:00,node_1,11.050185,OK,normal,major,0,31.94817922929594
run_0020,29,2023-11-15T06:23:19.162106+00:00,node_2,11.235921,OK,normal,major,0,31.94817922929594
run_0020,29,2023-11-15T06:23:18.796849+00:00,node_3,7.629577,OK,normal,major,0,31.94817922929594
run_0020,30,2023-11-15T06:23:39.547395+00:00,node_1,11.043646,OK,normal,major,0,31.94817922929594
run_0020,30,2023-11-15T06:23:39.441211+00:00,node_2,11.05363,OK,normal,major,0,31.94817922929594
run_0020,30,2023-11-15T06:23:39.262538+00:00,node_3,7.569009,OK,normal,major,0,31.94817922929594
run_0020,31,2023-11-15T06:23:59.637723+00:00,node_1,10.713502,OK,normal,normal,0.0,0.0
run_0020,31,2023-11-15T06:23:59.512256+00:00,node_2,10.624349,OK,normal,normal,0.0,0.0
run_0020,31,2023-11-15T06:23:59.563192+00:00,node_3,10.664908,OK,normal,normal,0.0,0.0
run_0020,32,2023-11-15T06:24:19.552681+00:00,node_1,10.808651,OK,normal,normal,0.0,0.0
run_0020,32,2023-11-15T06:24:19.444390+00:00,node_2,10.880294,OK,normal,normal,0.0,0.0
run_0020,32,2023-11-15T06:24:19.496829+00:00,node_3,10.932582,OK,normal,normal,0.0,0.0
run_0020,33,2023-11-15T06:24:38.980459+00:00,node_1,10.897977,OK,normal,normal,0.0,0.0
run_0020,33,2023-11-15T06:24:39.106221+00:00,node_2,10.563585,OK,normal,normal,0.0,0.0
run_0020,33,2023-11-15T06:24:39.224849+00:00,node_3,10.372171,OK,normal,normal,0.0,0.0
run_0020,34,2023-11-15T06:24:58.705964+00:00,node_1,10.753092,OK,normal,normal,0.0,0.0
run_0020,34,2023-11-15T06:24:58.992450+00:00,node_2,10.785263,OK,normal,normal,0.0,0.0
run_0020,34,2023-11-15T06:24:58.756130+00:00,node_3,10.489297,OK,normal,normal,0.0,0.0
run_0020,35,2023-11-15T06:25:18.942478+00:00,node_1,10.80366,OK,normal,normal,0.0,0.0
run_0020,35,2023-11-15T06:25:19.186064+00:00,node_2,10.926908,OK,normal,normal,0.0,0.0
run_0020,35,2023-11-15T06:25:18.817671+00:00,node_3,10.621972,OK,normal,normal,0.0,0.0
run_0021,0,2023-11-15T06:37:40.111869+00:00,node_1,9.623683,OK,normal,normal,0.0,0.0
run_0021,0,2023-11-15T06:37:39.964317+00:00,node_2,9.521911,OK,normal,normal,0.0,0.0
run_0021,0,2023-11-15T06:37:39.821520+00:00,node_3,9.852435,OK,normal,normal,0.0,0.0
run_0021,1,2023-11-15T06:38:00.210314+00:00,node_1,9.477144,OK,normal,normal,0.0,0.0
run_0021,1,2023-11-15T06:38:00.169188+00:00,node_2,9.361555,OK,normal,normal,0.0,0.0
run_0021,1,2023-11-15T06:38:00.130668+00:00,node_3,9.222089,OK,normal,normal,0.0,0.0
run_0021,2,2023-11-15T06:38:20.421661+00:00,node_1,9.431126,OK,normal,normal,0.0,0.0
run_0021,2,2023-11-15T06:38:20.364890+00:00,node_2,9.742132,OK,normal,normal,0.0,0.0
run_0021,2,2023-11-15T06:38:20.614898+00:00,node_3,9.386982,OK,normal,normal,0.0,0.0
run_0021,3,2023-11-15T06:38:40.414945+00:00,node_1,9.526849,OK,normal,normal,0.0,0.0
run_0021,3,2023-11-15T06:38:40.090931+00:00,node_2,9.380306,OK,normal,normal,0.0,0.0
run_0021,3,2023-11-15T06:38:40.436708+00:00,node_3,9.767172,OK,normal,normal,0.0,0.0
run_0021,4,2023-11-15T06:39:00.096123+00:00,node_1,9.644826,OK,normal,normal,0.0,0.0
run_0021,4,2023-11-15T06:39:00.052222+00:00,node_2,9.423171,OK,normal,normal,0.0,0.0
run_0021,4,2023-11-15T06:39:00.212409+00:00,node_3,9.765479,OK,normal,normal,0.0,0.0
run_0021,5,2023-11-15T06:39:20.149166+00:00,node_1,9.47997,OK,minor,normal,8.145591978197864,0
run_0021,5,2023-11-15T06:39:20.157648+00:00,node_2,8.766274,OK,minor,normal,8.145591978197864,0
run_0021,5,2023-11-15T06:39:20.211565+00:00,node_3,8.767811,OK,minor,normal,8.145591978197864,0
run_0021,6,2023-11-15T06:39:40.424544+00:00,node_1,9.213698,OK,minor,normal,8.145591978197864,0
run_0021,6,2023-11-15T06:39:40.712202+00:00,node_2,8.582412,OK,minor,normal,8.145591978197864,0
run_0021,6,2023-11-15T06:39:40.468991+00:00,node_3,8.396536,OK,minor,normal,8.145591978197864,0
run_0021,7,2023-11-15T06:40:00.270159+00:00,node_1,9.250342,OK,minor,normal,8.145591978197864,0
run_0021,7,2023-11-15T06:40:00.431244+00:00,node_2,8.606083,OK,minor,normal,8.145591978197864,0
run_0021,7,2023-11-15T06:40:00.536098+00:00,node_3,8.491681,OK,minor,normal,8.145591978197864,0
run_0021,8,2023-11-15T06:40:20.276165+00:00,node_1,9.337167,OK,minor,normal,8.145591978197864,0
run_0021,8,2023-11-15T06:40:20.416628+00:00,node_2,8.39085,OK,minor,normal,8.145591978197864,0
run_0021,8,2023-11-15T06:40:20.437921+00:00,node_3,8.688097,OK,minor,normal,8.145591978197864,0
run_0021,9,2023-11-15T06:40:40.528927+00:00,node_1,9.552056,OK,minor,normal,8.145591978197864,0
run_0021,9,2023-11-15T06:40:40.427591+00:00,node_2,8.661318,OK,minor,normal,8.145591978197864,0
run_0021,9,2023-11-15T06:40:40.167219+00:00,node_3,8.789045,OK,minor,normal,8.145591978197864,0
run_0021,10,2023-11-15T06:41:00.432693+00:00,node_1,9.640796,OK,minor,normal,8.145591978197864,0
run_0021,10,2023-11-15T06:41:00.489681+00:00,node_2,8.871823,OK,minor,normal,8.145591978197864,0
run_0021,10,2023-11-15T06:41:00.724046+00:00,node_3,8.573197,OK,minor,normal,8.145591978197864,0
run_0021,11,2023-11-15T06:41:20.700179+00:00,node_1,9.788119,OK,minor,normal,8.145591978197864,0
run_0021,11,2023-11-15T06:41:20.687935+00:00,node_2,8.622715,OK,minor,normal,8.145591978197864,0
run_0021,11,2023-11-15T06:41:20.777000+00:00,node_3,8.660233,OK,minor,normal,8.145591978197864,0
run_0021,12,2023-11-15T06:41:40.770930+00:00,node_1,11.089836,OK,minor,normal,8.145591978197864,0
run_0021,12,2023-11-15T06:41:40.574779+00:00,node_2,10.37334,OK,minor,normal,8.145591978197864,0
run_0021,12,2023-11-15T06:41:40.874444+00:00,node_3,9.943689,OK,minor,normal,8.145591978197864,0
run_0021,13,2023-11-15T06:42:00.896452+00:00,node_1,11.012785,OK,minor,normal,8.145591978197864,0
run_0021,13,2023-11-15T06:42:00.856854+00:00,node_2,9.809678,OK,minor,normal,8.145591978197864,0
run_0021,13,2023-11-15T06:42:00.909811+00:00,node_3,9.788654,OK,minor,normal,8.145591978197864,0
run_0021,14,2023-11-15T06:42:20.843868+00:00,node_1,10.960366,OK,minor,normal,8.145591978197864,0
run_0021,14,2023-11-15T06:42:20.904881+00:00,node_2,10.323179,OK,minor,normal,8.145591978197864,0
run_0021,14,2023-11-15T06:42:20.958926+00:00,node_3,10.338748,OK,minor,normal,8.145591978197864,0
run_0021,15,2023-11-15T06:42:40.721117+00:00,node_1,10.985926,OK,minor,normal,8.145591978197864,0
run_0021,15,2023-11-15T06:42:40.898110+00:00,node_2,9.882437,OK,minor,normal,8.145591978197864,0
run_0021,15,2023-11-15T06:42:40.742272+00:00,node_3,10.349258,OK,minor,normal,8.145591978197864,0
run_0021,16,2023-11-15T06:43:00.797446+00:00,node_1,11.082027,OK,minor,normal,8.145591978197864,0
run_0021,16,2023-11-15T06:43:00.906343+00:00,node_2,10.183475,OK,minor,normal,8.145591978197864,0
run_0021,16,2023-11-15T06:43:00.944609+00:00,node_3,10.498665,OK,minor,normal,8.145591978197864,0
run_0021,17,2023-11-15T06:43:20.733329+00:00,node_1,10.98777,OK,minor,normal,8.145591978197864,0
run_0021,17,2023-11-15T06:43:20.991001+00:00,node_2,10.289018,OK,minor,normal,8.145591978197864,0
run_0021,17,2023-11-15T06:43:20.933054+00:00,node_3,10.251041,OK,minor,normal,8.145591978197864,0
run_0021,18,2023-11-15T06:43:40.604711+00:00,node_1,10.679613,OK,minor,normal,8.145591978197864,0
run_0021,18,2023-11-15T06:43:40.443946+00:00,node_2,10.683705,OK,minor,normal,8.145591978197864,0
run_0021,18,2023-11-15T06:43:40.651014+00:00,node_3,10.277345,OK,minor,normal,8.145591978197864,0
run_0021,19,2023-11-15T06:44:00.849485+00:00,node_1,10.963017,OK,minor,normal,8.145591978197864,0
run_0021,19,2023-11-15T06:44:01.081376+00:00,node_2,10.192638,OK,minor,normal,8.145591978197864,0
run_0021,19,2023-11-15T06:44:00.993805+00:00,node_3,10.113052,OK,minor,normal,8.145591978197864,0
run_0021,20,2023-11-15T06:44:20.789733+00:00,node_1,11.354964,OK,minor,normal,8.145591978197864,0
run_0021,20,2023-11-15T06:44:20.796429+00:00,node_2,9.883687,OK,minor,normal,8.145591978197864,0
run_0021,20,2023-11-15T06:44:20.789181+00:00,node_3,10.157096,OK,minor,normal,8.145591978197864,0
run_0021,21,2023-11-15T06:44:40.266917+00:00,node_1,10.970691,OK,minor,normal,8.145591978197864,0
run_0021,21,2023-11-15T06:44:40.451736+00:00,node_2,10.289519,OK,minor,normal,8.145591978197864,0
run_0021,21,2023-11-15T06:44:40.373986+00:00,node_3,10.001322,OK,minor,normal,8.145591978197864,0
run_0021,22,2023-11-15T06:45:00.474416+00:00,node_1,11.282635,OK,minor,normal,8.145591978197864,0
run_0021,22,2023-11-15T06:45:00.592495+00:00,node_2,10.444336,OK,minor,normal,8.145591978197864,0
run_0021,22,2023-11-15T06:45:00.518428+00:00,node_3,10.62611,OK,minor,normal,8.145591978197864,0
run_0021,23,2023-11-15T06:45:20.867774+00:00,node_1,11.000982,OK,minor,normal,8.145591978197864,0
run_0021,23,2023-11-15T06:45:20.761385+00:00,node_2,10.055918,OK,minor,normal,8.145591978197864,0
run_0021,23,2023-11-15T06:45:20.873616+00:00,node_3,10.282174,OK,minor,normal,8.145591978197864,0
run_0021,24,2023-11-15T06:45:41.120383+00:00,node_1,11.958832,OK,minor,normal,8.145591978197864,0
run_0021,24,2023-11-15T06:45:41.034163+00:00,node_2,11.333873,OK,minor,normal,8.145591978197864,0
run_0021,24,2023-11-15T06:45:41.128426+00:00,node_3,10.795458,OK,minor,normal,8.145591978197864,0
run_0021,25,2023-11-15T06:46:01.237137+00:00,node_1,11.693625,OK,minor,normal,8.145591978197864,0
run_0021,25,2023-11-15T06:46:01.045323+00:00,node_2,10.932596,OK,minor,normal,8.145591978197864,0
run_0021,25,2023-11-15T06:46:01.305009+00:00,node_3,11.132158,OK,minor,normal,8.145591978197864,0
run_0021,26,2023-11-15T06:46:21.158681+00:00,node_1,11.640436,OK,minor,normal,8.145591978197864,0
run_0021,26,2023-11-15T06:46:21.175815+00:00,node_2,10.98061,OK,minor,normal,8.145591978197864,0
run_0021,26,2023-11-15T06:46:20.969090+00:00,node_3,10.622019,OK,minor,normal,8.145591978197864,0
run_0021,27,2023-11-15T06:46:41.523377+00:00,node_1,11.840929,OK,minor,normal,8.145591978197864,0
run_0021,27,2023-11-15T06:46:41.550393+00:00,node_2,10.848425,OK,minor,normal,8.145591978197864,0
run_0021,27,2023-11-15T06:46:41.560650+00:00,node_3,10.925273,OK,minor,normal,8.145591978197864,0
run_0021,28,2023-11-15T06:47:01.461892+00:00,node_1,11.536904,OK,minor,normal,8.145591978197864,0
run_0021,28,2023-11-15T06:47:01.628655+00:00,node_2,11.330315,OK,minor,normal,8.145591978197864,0
run_0021,28,2023-11-15T06:47:01.675575+00:00,node_3,10.938727,OK,minor,normal,8.145591978197864,0
run_0021,29,2023-11-15T06:47:21.563204+00:00,node_1,11.873893,OK,minor,normal,8.145591978197864,0
run_0021,29,2023-11-15T06:47:21.606009+00:00,node_2,11.028499,OK,minor,normal,8.145591978197864,0
run_0021,29,2023-11-15T06:47:21.555642+00:00,node_3,10.410959,OK,minor,normal,8.145591978197864,0
run_0021,30,2023-11-15T06:47:41.606688+00:00,node_1,11.945905,OK,minor,normal,8.145591978197864,0
run_0021,30,2023-11-15T06:47:41.292257+00:00,node_2,10.772753,OK,minor,normal,8.145591978197864,0
run_0021,30,2023-11-15T06:47:41.302156+00:00,node_3,10.49828,OK,minor,normal,8.145591978197864,0
run_0021,31,2023-11-15T06:48:01.449028+00:00,node_1,11.365689,OK,normal,normal,0.0,0.0
run_0021,31,2023-11-15T06:48:01.520080+00:00,node_2,11.457158,OK,normal,normal,0.0,0.0
run_0021,31,2023-11-15T06:48:01.427484+00:00,node_3,11.853691,OK,normal,normal,0.0,0.0
run_0021,32,2023-11-15T06:48:21.453098+00:00,node_1,11.519107,OK,normal,normal,0.0,0.0
run_0021,32,2023-11-15T06:48:21.395150+00:00,node_2,11.67528,OK,normal,normal,0.0,0.0
run_0021,32,2023-11-15T06:48:21.437906+00:00,node_3,11.129005,OK,normal,normal,0.0,0.0
run_0021,33,2023-11-15T06:48:41.080640+00:00,node_1,11.694351,OK,normal,normal,0.0,0.0
run_0021,33,2023-11-15T06:48:41.296180+00:00,node_2,11.532268,OK,normal,normal,0.0,0.0
run_0021,33,2023-11-15T06:48:41.055834+00:00,node_3,11.234344,OK,normal,normal,0.0,0.0
run_0021,34,2023-11-15T06:49:01.285868+00:00,node_1,12.229606,OK,normal,normal,0.0,0.0
run_0021,34,2023-11-15T06:49:01.287209+00:00,node_2,11.973521,OK,normal,normal,0.0,0.0
run_0021,34,2023-11-15T06:49:01.277210+00:00,node_3,11.673278,OK,normal,normal,0.0,0.0
run_0021,35,2023-11-15T06:49:21.415302+00:00,node_1,11.285477,OK,normal,normal,0.0,0.0
run_0021,35,2023-11-15T06:49:21.093153+00:00,node_2,11.820502,OK,normal,normal,0.0,0.0
run_0021,35,2023-11-15T06:49:21.186065+00:00,node_3,11.986251,OK,normal,normal,0.0,0.0
run_0022,0,2023-11-15T07:01:40.156350+00:00,node_1,8.488296,OK,normal,normal,0.0,0.0
run_0022,0,2023-11-15T07:01:40.260292+00:00,node_2,8.286862,OK,normal,normal,0.0,0.0
run_0022,0,2023-11-15T07:01:40.051084+00:00,node_3,8.236931,OK,normal,normal,0.0,0.0
run_0022,1,2023-11-15T07:02:00.462083+00:00,node_1,8.336356,OK,normal,normal,0.0,0.0
run_0022,1,2023-11-15T07:02:00.504449+00:00,node_2,8.68736,OK,normal,normal,0.0,0.0
run_0022,1,2023-11-15T07:02:00.662499+00:00,node_3,8.688284,OK,normal,normal,0.0,0.0
run_0022,2,2023-11-15T07:02:20.254200+00:00,node_1,8.278125,OK,normal,normal,0.0,0.0
run_0022,2,2023-11-15T07:02:20.195510+00:00,node_2,8.506589,OK,normal,normal,0.0,0.0
run_0022,2,2023-11-15T07:02:20.337862+00:00,node_3,8.518084,OK,normal,normal,0.0,0.0
run_0022,3,2023-11-15T07:02:40.599918+00:00,node_1,8.587726,OK,normal,normal,0.0,0.0
run_0022,3,2023-11-15T07:02:40.545951+00:00,node_2,8.47674,OK,normal,normal,0.0,0.0
run_0022,3,2023-11-15T07:02:40.693862+00:00,node_3,8.378463,OK,normal,normal,0.0,0.0
run_0022,4,2023-11-15T07:03:00.860576+00:00,node_1,8.183619,OK,normal,normal,0.0,0.0
run_0022,4,2023-11-15T07:03:00.589635+00:00,node_2,8.424674,OK,normal,normal,0.0,0.0
run_0022,4,2023-11-15T07:03:00.699280+00:00,node_3,8.488728,OK,normal,normal,0.0,0.0
run_0022,5,2023-11-15T07:03:20.729737+00:00,node_1,8.314672,OK,minor,minor,8.679201541105128,14.472435084524966
run_0022,5,2023-11-15T07:03:20.653305+00:00,node_2,8.079432,OK,minor,minor,8.679201541105128,14.472435084524966
run_0022,5,2023-11-15T07:03:20.372212+00:00,node_3,6.682908,OK,minor,minor,8.679201541105128,14.472435084524966
run_0022,6,2023-11-15T07:03:40.314812+00:00,node_1,8.328436,OK,minor,minor,8.679201541105128,14.472435084524966
run_0022,6,2023-11-15T07:03:40.380758+00:00,node_2,7.403539,OK,minor,minor,8.679201541105128,14.472435084524966
run_0022,6,2023-11-15T07:03:40.389128+00:00,node_3,6.809511,OK,minor,minor,8.679201541105128,14.472435084524966
run_0022,7,2023-11-15T07:04:00.316325+00:00,node_1,8.315971,OK,minor,minor,8.679201541105128,14.472435084524966
run_0022,7,2023-11-15T07:04:00.177336+00:00,node_2,7.679475,OK,minor,minor,8.679201541105128,14.472435084524966
run_0022,7,2023-11-15T07:04:00.021885+00:00,node_3,6.563924,OK,minor,minor,8.679201541105128,14.472435084524966
run_0022,8,2023-11-15T07:04:20.007312+00:00,node_1,8.517904,OK,minor,minor,8.679201541105128,14.472435084524966
run_0022,8,2023-11-15T07:04:20.029135+00:00,node_2,7.874171,OK,minor,minor,8.679201541105128,14.472435084524966
run_0022,8,2023-11-15T07:04:19.771810+00:00,node_3,6.421443,OK,minor,minor,8.679201541105128,14.472435084524966
run_0022,9,2023-11-15T07:04:40.065693+00:00,node_1,8.201189,OK,minor,minor,8.679201541105128,14.472435084524966
run_0022,9,2023-11-15T07:04:40.086406+00:00,node_2,7.52067,OK,minor,minor,8.679201541105128,14.472435084524966
run_0022,9,2023-11-15T07:04:40.358015+00:00,node_3,6.783392,OK,minor,minor,8.679201541105128,14.472435084524966
run_0022,10,2023-11-15T07:05:00.434098+00:00,node_1,8.803724,OK,minor,minor,8.679201541105128,14.472435084524966
run_0022,10,2023-11-15T07:05:00.230578+00:00,node_2,7.793392,OK,minor,minor,8.679201541105128,14.472435084524966
run_0022,10,2023-11-15T07:05:00.263074+00:00,node_3,6.59883,OK,minor,minor,8.679201541105128,14.472435084524966
run_0022,11,2023-11-15T07:05:19.974391+00:00,node_1,8.721655,OK,minor,minor,8.679201541105128,14.472435084524966
run_0022,11,2023-11-15T07:05:19.816136+00:00,node_2,8.063975,OK,minor,minor,8.679201541105128,14.472435084524966
run_0022,11,2023-11-15T07:05:19.942428+00:00,node_3,6.573987,OK,minor,minor,8.679201541105128,14.472435084524966
run_0022,12,2023-11-15T07:05:40.313794+00:00,node_1,9.834633,OK,minor,minor,8.679201541105128,14.472435084524966
run_0022,12,2023-11-15T07:05:40.314312+00:00,node_2,9.007363,OK,minor,minor,8.679201541105128,14.472435084524966
run_0022,12,2023-11-15T07:05:40.039305+00:00,node_3,7.689835,OK,minor,minor,8.679201541105128,14.472435084524966
run_0022,13,2023-11-15T07:06:00.058037+00:00,node_1,9.87728,OK,minor,minor,8.679201541105128,14.472435084524966
run_0022,13,2023-11-15T07:06:00.090330+00:00,node_2,8.807344,OK,minor,minor,8.679201541105128,14.472435084524966
run_0022,13,2023-11-15T07:05:59.912085+00:00,node_3,7.590233,OK,minor,minor,8.679201541105128,14.472435084524966
run_0022,14,2023-11-15T07:06:20.065610+00:00,node_1,9.95276,OK,minor,minor,8.679201541105128,14.472435084524966
run_0022,14,2023-11-15T07:06:19.768694+00:00,node_2,8.869494,OK,minor,minor,8.679201541105128,14.472435084524966
run_0022,14,2023-11-15T07:06:20.030834+00:00,node_3,7.425872,OK,minor,minor,8.679201541105128,14.472435084524966
run_0022,15,2023-11-15T07:06:40.283308+00:00,node_1,10.033544,OK,minor,minor,8.679201541105128,14.472435084524966
run_0022,15,2023-11-15T07:06:39.935246+00:00,node_2,9.052956,OK,minor,minor,8.679201541105128,14.472435084524966
run_0022,15,2023-11-15T07:06:40.235100+00:00,node_3,7.607055,OK,minor,minor,8.679201541105128,14.472435084524966
run_0022,16,2023-11-15T07:07:00.268134+00:00,node_1,9.929512,OK,minor,minor,8.679201541105128,14.472435084524966
run_0022,16,2023-11-15T07:07:00.292921+00:00,node_2,9.398703,OK,minor,minor,8.679201541105128,14.472435084524966
run_0022,16,2023-11-15T07:07:00.410810+00:00,node_3,7.635565,OK,minor,minor,8.679201541105128,14.472435084524966
run_0022,17,2023-11-15T07:07:20.273345+00:00,node_1,9.60127,OK,minor,minor,8.679201541105128,14.472435084524966
run_0022,17,2023-11-15T07:07:19.909857+00:00,node_2,8.932584,OK,minor,minor,8.679201541105128,14.472435084524966
run_0022,17,2023-11-15T07:07:20.147842+00:00,node_3,7.678509,OK,minor,minor,8.679201541105128,14.472435084524966
run_0022,18,2023-11-15T07:07:40.129681+00:00,node_1,9.981403,OK,minor,minor,8.679201541105128,14.472435084524966
run_0022,18,2023-11-15T07:07:39.820125+00:00,node_2,8.941007,OK,minor,minor,8.679201541105128,14.472435084524966
run_0022,18,2023-11-15T07:07:40.134941+00:00,node_3,7.855571,OK,minor,minor,8.679201541105128,14.472435084524966
run_0022,19,2023-11-15T07:08:00.106510+00:00,node_1,10.241827,OK,minor,minor,8.679201541105128,14.472435084524966
run_0022,19,2023-11-15T07:08:00.342357+00:00,node_2,9.174477,OK,minor,minor,8.679201541105128,14.472435084524966
run_0022,19,2023-11-15T07:08:00.302959+00:00,node_3,7.683372,OK,minor,minor,8.679201541105128,14.472435084524966
run_0022,20,2023-11-15T07:08:20.060356+00:00,node_1,9.882115,OK,minor,minor,8.679201541105128,14.472435084524966
run_0022,20,2023-11-15T07:08:19.790330+00:00,node_2,8.897072,OK,minor,minor,8.679201541105128,14.472435084524966
run_0022,20,2023-11-15T07:08:20.004023+00:00,node_3,7.900697,OK,minor,minor,8.679201541105128,14.472435084524966
run_0022,21,2023-11-15T07:08:40.357623+00:00,node_1,9.846224,OK,minor,minor,8.679201541105128,14.472435084524966
run_0022,21,2023-11-15T07:08:40.172686+00:00,node_2,8.763578,OK,minor,minor,8.679201541105128,14.472435084524966
run_0022,21,2023-11-15T07:08:40.306054+00:00,node_3,7.707608,OK,minor,minor,8.679201541105128,14.472435084524966
run_0022,22,2023-11-15T07:09:00.422660+00:00,node_1,9.746949,OK,minor,minor,8.679201541105128,14.472435084524966
run_0022,22,2023-11-15T07:09:00.437663+00:00,node_2,9.172143,OK,minor,minor,8.679201541105128,14.472435084524966
run_0022,22,2023-11-15T07:09:00.341945+00:00,node_3,7.730231,OK,minor,minor,8.679201541105128,14.472435084524966
run_0022,23,2023-11-15T07:09:20.653066+00:00,node_1,10.166242,OK,minor,minor,8.679201541105128,14.472435084524966
run_0022,23,2023-11-15T07:09:20.576185+00:00,node_2,8.942884,OK,minor,minor,8.679201541105128,14.472435084524966
run_0022,23,2023-11-15T07:09:20.764125+00:00,node_3,7.743003,OK,minor,minor,8.679201541105128,14.472435084524966
run_0022,24,2023-11-15T07:09:40.719947+00:00,node_1,8.948107,OK,minor,minor,8.679201541105128,14.472435084524966
run_0022,24,2023-11-15T07:09:40.402423+00:00,node_2,7.780315,OK,minor,minor,8.679201541105128,14.472435084524966
run_0022,24,2023-11-15T07:09:40.413944+00:00,node_3,6.738639,OK,minor,minor,8.679201541105128,14.472435084524966
run_0022,25,2023-11-15T07:10:00.057201+00:00,node_1,8.751317,OK,minor,minor,8.679201541105128,14.472435084524966
run_0022,25,2023-11-15T07:10:00.120759+00:00,node_2,7.765777,OK,minor,minor,8.679201541105128,14.472435084524966
run_0022,25,2023-11-15T07:10:00.121351+00:00,node_3,6.575028,OK,minor,minor,8.679201541105128,14.472435084524966
run_0022,26,2023-11-15T07:10:19.949454+00:00,node_1,8.557008,OK,minor,minor,8.679201541105128,14.472435084524966
run_0022,26,2023-11-15T07:10:19.842006+00:00,node_2,7.845293,OK,minor,minor,8.679201541105128,14.472435084524966
run_0022,26,2023-11-15T07:10:19.718139+00:00,node_3,6.738776,OK,minor,minor,8.679201541105128,14.472435084524966
run_0022,27,2023-11-15T07:10:40.168226+00:00,node_1,8.782682,OK,minor,minor,8.679201541105128,14.472435084524966
run_0022,27,2023-11-15T07:10:40.092257+00:00,node_2,7.703089,OK,minor,minor,8.679201541105128,14.472435084524966
run_0022,27,2023-11-15T07:10:40.372915+00:00,node_3,6.50253,OK,minor,minor,8.679201541105128,14.472435084524966
run_0022,28,2023-11-15T07:11:00.582115+00:00,node_1,8.704761,OK,minor,minor,8.679201541105128,14.472435084524966
run_0022,28,2023-11-15T07:11:00.325835+00:00,node_2,7.590221,OK,minor,minor,8.679201541105128,14.472435084524966
run_0022,28,2023-11-15T07:11:00.497053+00:00,node_3,6.530799,OK,minor,minor,8.679201541105128,14.472435084524966
run_0022,29,2023-11-15T07:11:20.078829+00:00,node_1,8.686503,OK,minor,minor,8.679201541105128,14.472435084524966
run_0022,29,2023-11-15T07:11:20.274302+00:00,node_2,7.741137,OK,minor,minor,8.679201541105128,14.472435084524966
run_0022,29,2023-11-15T07:11:20.128736+00:00,node_3,6.452846,OK,minor,minor,8.679201541105128,14.472435084524966
run_0022,30,2023-11-15T07:11:40.021650+00:00,node_1,8.159036,OK,minor,minor,8.679201541105128,14.472435084524966
run_0022,30,2023-11-15T07:11:40.035358+00:00,node_2,7.611935,OK,minor,minor,8.679201541105128,14.472435084524966
run_0022,30,2023-11-15T07:11:39.998421+00:00,node_3,6.412445,OK,minor,minor,8.679201541105128,14.472435084524966
run_0022,31,2023-11-15T07:11:59.583784+00:00,node_1,8.624733,OK,normal,normal,0.0,0.0
run_0022,31,2023-11-15T07:11:59.661122+00:00,node_2,8.93842,OK,normal,normal,0.0,0.0
run_0022,31,2023-11-15T07:11:59.836879+00:00,node_3,8.525236,OK,normal,normal,0.0,0.0
run_0022,32,2023-11-15T07:12:20.013227+00:00,node_1,8.604771,OK,normal,normal,0.0,0.0
run_0022,32,2023-11-15T07:12:19.882592+00:00,node_2,8.548887,OK,normal,normal,0.0,0.0
run_0022,32,2023-11-15T07:12:19.886818+00:00,node_3,8.616342,OK,normal,normal,0.0,0.0
run_0022,33,2023-11-15T07:12:39.595715+00:00,node_1,8.69127,OK,normal,normal,0.0,0.0
run_0022,33,2023-11-15T07:12:39.658594+00:00,node_2,8.780649,OK,normal,normal,0.0,0.0
run_0022,33,2023-11-15T07:12:39.548766+00:00,node_3,8.532614,OK,normal,normal,0.0,0.0
run_0022,34,2023-11-15T07:12:59.096115+00:00,node_1,8.349402,OK,normal,normal,0.0,0.0
run_0022,34,2023-11-15T07:12:59.360983+00:00,node_2,8.710351,OK,normal,normal,0.0,0.0
run_0022,34,2023-11-15T07:12:59.467541+00:00,node_3,8.468351,OK,normal,normal,0.0,0.0
run_0022,35,2023-11-15T07:13:19.576361+00:00,node_1,8.351336,OK,normal,normal,0.0,0.0
run_0022,35,2023-11-15T07:13:19.549080+00:00,node_2,8.516955,OK,normal,normal,0.0,0.0
run_0022,35,2023-11-15T07:13:19.591055+00:00,node_3,8.744697,OK,normal,normal,0.0,0.0
run_0023,0,2023-11-15T07:25:40.094755+00:00,node_1,10.182795,OK,normal,normal,0.0,0.0
run_0023,0,2023-11-15T07:25:39.935519+00:00,node_2,9.924021,OK,normal,normal,0.0,0.0
run_0023,0,2023-11-15T07:25:40.113189+00:00,node_3,10.250336,OK,normal,normal,0.0,0.0
run_0023,1,2023-11-15T07:25:59.730219+00:00,node_1,10.081295,OK,normal,normal,0.0,0.0
run_0023,1,2023-11-15T07:25:59.707856+00:00,node_2,10.193246,OK,normal,normal,0.0,0.0
run_0023,1,2023-11-15T07:25:59.702896+00:00,node_3,10.314766,OK,normal,normal,0.0,0.0
run_0023,2,2023-11-15T07:26:20.279258+00:00,node_1,10.312817,OK,normal,normal,0.0,0.0
run_0023,2,2023-11-15T07:26:20.059629+00:00,node_2,10.02901,OK,normal,normal,0.0,0.0
run_0023,2,2023-11-15T07:26:20.226825+00:00,node_3,10.012785,OK,normal,normal,0.0,0.0
run_0023,3,2023-11-15T07:26:40.603948+00:00,node_1,9.905955,OK,normal,normal,0.0,0.0
run_0023,3,2023-11-15T07:26:40.647927+00:00,node_2,10.279911,OK,normal,normal,0.0,0.0
run_0023,3,2023-11-15T07:26:40.558851+00:00,node_3,9.840884,OK,normal,normal,0.0,0.0
run_0023,4,2023-11-15T07:27:00.187718+00:00,node_1,9.824132,OK,normal,normal,0.0,0.0
run_0023,4,2023-11-15T07:27:00.176441+00:00,node_2,10.217011,OK,normal,normal,0.0,0.0
run_0023,4,2023-11-15T07:27:00.302474+00:00,node_3,10.407015,OK,normal,normal,0.0,0.0
run_0023,5,2023-11-15T07:27:20.549913+00:00,node_1,10.241577,OK,minor,major,9.879014956348074,42.85725821940316
run_0023,5,2023-11-15T07:27:20.673911+00:00,node_2,9.491245,OK,minor,major,9.879014956348074,42.85725821940316
run_0023,5,2023-11-15T07:27:20.594536+00:00,node_3,5.241931,OK,minor,major,9.879014956348074,42.85725821940316
run_0023,6,2023-11-15T07:27:40.818919+00:00,node_1,10.104799,OK,minor,major,9.879014956348074,42.85725821940316
run_0023,6,2023-11-15T07:27:40.841728+00:00,node_2,8.911941,OK,minor,major,9.879014956348074,42.85725821940316
run_0023,6,2023-11-15T07:27:40.883091+00:00,node_3,5.291848,OK,minor,major,9.879014956348074,42.85725821940316
run_0023,7,2023-11-15T07:28:00.618381+00:00,node_1,10.253575,OK,minor,major,9.879014956348074,42.85725821940316
run_0023,7,2023-11-15T07:28:00.660182+00:00,node_2,9.206261,OK,minor,major,9.879014956348074,42.85725821940316
run_0023,7,2023-11-15T07:28:00.875765+00:00,node_3,5.152012,OK,minor,major,9.879014956348074,42.85725821940316
run_0023,8,2023-11-15T07:28:20.982673+00:00,node_1,9.803185,OK,minor,major,9.879014956348074,42.85725821940316
run_0023,8,2023-11-15T07:28:20.948659+00:00,node_2,8.903867,OK,minor,major,9.879014956348074,42.85725821940316
run_0023,8,2023-11-15T07:28:20.656393+00:00,node_3,5.244696,OK,minor,major,9.879014956348074,42.85725821940316
run_0023,9,2023-11-15T07:28:40.675687+00:00,node_1,9.819684,OK,minor,major,9.879014956348074,42.85725821940316
run_0023,9,2023-11-15T07:28:40.338898+00:00,node_2,9.081408,OK,minor,major,9.879014956348074,42.85725821940316
run_0023,9,2023-11-15T07:28:40.548704+00:00,node_3,5.155915,OK,minor,major,9.879014956348074,42.85725821940316
run_0023,10,2023-11-15T07:29:00.710279+00:00,node_1,10.091358,OK,minor,major,9.879014956348074,42.85725821940316
run_0023,10,2023-11-15T07:29:00.886450+00:00,node_2,8.954674,OK,minor,major,9.879014956348074,42.85725821940316
run_0023,10,2023-11-15T07:29:00.633147+00:00,node_3,5.284488,OK,minor,major,9.879014956348074,42.85725821940316
run_0023,11,2023-11-15T07:29:21.050542+00:00,node_1,10.202709,OK,minor,major,9.879014956348074,42.85725821940316
run_0023,11,2023-11-15T07:29:21.018717+00:00,node_2,8.940448,OK,minor,major,9.879014956348074,42.85725821940316
run_0023,11,2023-11-15T07:29:20.809230+00:00,node_3,5.256261,OK,minor,major,9.879014956348074,42.85725821940316
run_0023,12,2023-11-15T07:29:41.107394+00:00,node_1,9.347892,OK,minor,major,9.879014956348074,42.85725821940316
run_0023,12,2023-11-15T07:29:41.224418+00:00,node_2,8.437155,OK,minor,major,9.879014956348074,42.85725821940316
run_0023,12,2023-11-15T07:29:41.019064+00:00,node_3,4.734147,OK,minor,major,9.879014956348074,42.85725821940316
run_0023,13,2023-11-15T07:30:01.481933+00:00,node_1,9.401019,OK,minor,major,9.879014956348074,42.85725821940316
run_0023,13,2023-11-15T07:30:01.344727+00:00,node_2,8.273197,OK,minor,major,9.879014956348074,42.85725821940316
run_0023,13,2023-11-15T07:30:01.502182+00:00,node_3,4.869528,OK,minor,major,9.879014956348074,42.85725821940316
run_0023,14,2023-11-15T07:30:21.455145+00:00,node_1,9.401296,OK,minor,major,9.879014956348074,42.85725821940316
run_0023,14,2023-11-15T07:30:21.774369+00:00,node_2,8.751475,OK,minor,major,9.879014956348074,42.85725821940316
run_0023,14,2023-11-15T07:30:21.430823+00:00,node_3,4.844152,OK,minor,major,9.879014956348074,42.85725821940316
run_0023,15,2023-11-15T07:30:41.273342+00:00,node_1,9.398729,OK,minor,major,9.879014956348074,42.85725821940316
run_0023,15,2023-11-15T07:30:41.505341+00:00,node_2,8.501783,OK,minor,major,9.879014956348074,42.85725821940316
run_0023,15,2023-11-15T07:30:41.609760+00:00,node_3,4.714599,OK,minor,major,9.879014956348074,42.85725821940316
run_0023,16,2023-11-15T07:31:01.159148+00:00,node_1,9.095029,OK,minor,major,9.879014956348074,42.85725821940316
run_0023,16,2023-11-15T07:31:01.055804+00:00,node_2,8.25788,OK,minor,major,9.879014956348074,42.85725821940316
run_0023,16,2023-11-15T07:31:01.167351+00:00,node_3,4.795044,OK,minor,major,9.879014956348074,42.85725821940316
run_0023,17,2023-11-15T07:31:21.301584+00:00,node_1,9.632389,OK,minor,major,9.879014956348074,42.85725821940316
run_0023,17,2023-11-15T07:31:21.149008+00:00,node_2,8.561395,OK,minor,major,9.879014956348074,42.85725821940316
run_0023,17,2023-11-15T07:31:21.306072+00:00,node_3,4.824937,OK,minor,major,9.879014956348074,42.85725821940316
run_0023,18,2023-11-15T07:31:41.315897+00:00,node_1,9.379251,OK,minor,major,9.879014956348074,42.85725821940316
run_0023,18,2023-11-15T07:31:41.377116+00:00,node_2,8.478814,OK,minor,major,9.879014956348074,42.85725821940316
run_0023,18,2023-11-15T07:31:41.453197+00:00,node_3,4.682802,OK,minor,major,9.879014956348074,42.85725821940316
run_0023,19,2023-11-15T07:32:01.443990+00:00,node_1,9.412727,OK,minor,major,9.879014956348074,42.85725821940316
run_0023,19,2023-11-15T07:32:01.613417+00:00,node_2,8.573246,OK,minor,major,9.879014956348074,42.85725821940316
run_0023,19,2023-11-15T07:32:01.619399+00:00,node_3,4.841177,OK,minor,major,9.879014956348074,42.85725821940316
run_0023,20,2023-11-15T07:32:21.061310+00:00,node_1,9.416945,OK,minor,major,9.879014956348074,42.85725821940316
run_0023,20,2023-11-15T07:32:21.327001+00:00,node_2,8.304208,OK,minor,major,9.879014956348074,42.85725821940316
run_0023,20,2023-11-15T07:32:21.088193+00:00,node_3,4.825843,OK,minor,major,9.879014956348074,42.85725821940316
run_0023,21,2023-11-15T07:32:40.743031+00:00,node_1,9.158059,OK,minor,major,9.879014956348074,42.85725821940316
run_0023,21,2023-11-15T07:32:41.041277+00:00,node_2,8.517314,OK,minor,major,9.879014956348074,42.85725821940316
run_0023,21,2023-11-15T07:32:40.690672+00:00,node_3,4.696238,OK,minor,major,9.879014956348074,42.85725821940316
run_0023,22,2023-11-15T07:33:00.436241+00:00,node_1,9.504003,OK,minor,major,9.879014956348074,42.85725821940316
run_0023,22,2023-11-15T07:33:00.344352+00:00,node_2,8.634572,OK,minor,major,9.879014956348074,42.85725821940316
run_0023,22,2023-11-15T07:33:00.413636+00:00,node_3,4.848868,OK,minor,major,9.879014956348074,42.85725821940316
run_0023,23,2023-11-15T07:33:20.806094+00:00,node_1,9.36406,OK,minor,major,9.879014956348074,42.85725821940316
run_0023,23,2023-11-15T07:33:20.841675+00:00,node_2,8.520889,OK,minor,major,9.879014956348074,42.85725821940316
run_0023,23,2023-11-15T07:33:20.735037+00:00,node_3,4.745069,OK,minor,major,9.879014956348074,42.85725821940316
run_0023,24,2023-11-15T07:33:40.824486+00:00,node_1,10.501668,OK,minor,major,9.879014956348074,42.85725821940316
run_0023,24,2023-11-15T07:33:40.796310+00:00,node_2,9.286056,OK,minor,major,9.879014956348074,42.85725821940316
run_0023,24,2023-11-15T07:33:40.718436+00:00,node_3,5.193116,OK,minor,major,9.879014956348074,42.85725821940316
run_0023,25,2023-11-15T07:34:00.637814+00:00,node_1,10.597829,OK,minor,major,9.879014956348074,42.85725821940316
run_0023,25,2023-11-15T07:34:00.593333+00:00,node_2,9.285125,OK,minor,major,9.879014956348074,42.85725821940316
run_0023,25,2023-11-15T07:34:00.640052+00:00,node_3,5.381306,OK,minor,major,9.879014956348074,42.85725821940316
run_0023,26,2023-11-15T07:34:20.164735+00:00,node_1,10.677633,OK,minor,major,9.879014956348074,42.85725821940316
run_0023,26,2023-11-15T07:34:20.184736+00:00,node_2,9.306783,OK,minor,major,9.879014956348074,42.85725821940316
run_0023,26,2023-11-15T07:34:20.209530+00:00,node_3,5.457998,OK,minor,major,9.879014956348074,42.85725821940316
run_0023,27,2023-11-15T07:34:40.188921+00:00,node_1,10.456072,OK,minor,major,9.879014956348074,42.85725821940316
run_0023,27,2023-11-15T07:34:40.361804+00:00,node_2,9.16178,OK,minor,major,9.879014956348074,42.85725821940316
run_0023,27,2023-11-15T07:34:40.185207+00:00,node_3,5.397479,OK,minor,major,9.879014956348074,42.85725821940316
run_0023,28,2023-11-15T07:35:00.418858+00:00,node_1,10.304929,OK,minor,major,9.879014956348074,42.85725821940316
run_0023,28,2023-11-15T07:35:00.649818+00:00,node_2,9.362942,OK,minor,major,9.879014956348074,42.85725821940316
run_0023,28,2023-11-15T07:35:00.713317+00:00,node_3,5.316556,OK,minor,major,9.879014956348074,42.85725821940316
run_0023,29,2023-11-15T07:35:20.361053+00:00,node_1,10.63864,OK,minor,major,9.879014956348074,42.85725821940316
run_0023,29,2023-11-15T07:35:20.443183+00:00,node_2,9.556477,OK,minor,major,9.879014956348074,42.85725821940316
run_0023,29,2023-11-15T07:35:20.303095+00:00,node_3,5.33628,OK,minor,major,9.879014956348074,42.85725821940316
run_0023,30,2023-11-15T07:35:40.005463+00:00,node_1,10.637714,OK,minor,major,9.879014956348074,42.85725821940316
run_0023,30,2023-11-15T07:35:40.385759+00:00,node_2,9.527929,OK,minor,major,9.879014956348074,42.85725821940316
run_0023,30,2023-11-15T07:35:40.110655+00:00,node_3,5.477862,OK,minor,major,9.879014956348074,42.85725821940316
run_0023,31,2023-11-15T07:36:00.213941+00:00,node_1,10.291046,OK,normal,normal,0.0,0.0
run_0023,31,2023-11-15T07:36:00.333714+00:00,node_2,10.829362,OK,normal,normal,0.0,0.0
run_0023,31,2023-11-15T07:36:00.064324+00:00,node_3,10.556179,OK,normal,normal,0.0,0.0
run_0023,32,2023-11-15T07:36:20.372851+00:00,node_1,10.370603,OK,normal,normal,0.0,0.0
run_0023,32,2023-11-15T07:36:20.462615+00:00,node_2,10.517895,OK,normal,normal,0.0,0.0
run_0023,32,2023-11-15T07:36:20.459697+00:00,node_3,10.227877,OK,normal,normal,0.0,0.0
run_0023,33,2023-11-15T07:36:40.841634+00:00,node_1,10.175583,OK,normal,normal,0.0,0.0
run_0023,33,2023-11-15T07:36:40.755526+00:00,node_2,10.136731,OK,normal,normal,0.0,0.0
run_0023,33,2023-11-15T07:36:40.737995+00:00,node_3,10.211312,OK,normal,normal,0.0,0.0
run_0023,34,2023-11-15T07:37:00.643651+00:00,node_1,10.40897,OK,normal,normal,0.0,0.0
run_0023,34,2023-11-15T07:37:00.677416+00:00,node_2,10.379723,OK,normal,normal,0.0,0.0
run_0023,34,2023-11-15T07:37:00.606693+00:00,node_3,10.011686,OK,normal,normal,0.0,0.0
run_0023,35,2023-11-15T07:37:20.785899+00:00,node_1,10.116119,OK,normal,normal,0.0,0.0
run_0023,35,2023-11-15T07:37:20.776263+00:00,node_2,10.228269,OK,normal,normal,0.0,0.0
run_0023,35,2023-11-15T07:37:20.712765+00:00,node_3,9.974629,OK,normal,normal,0.0,0.0
run_0024,0,2023-11-15T07:49:40.078224+00:00,node_1,8.752183,OK,normal,normal,0.0,0.0
run_0024,0,2023-11-15T07:49:39.923241+00:00,node_2,8.759324,OK,normal,normal,0.0,0.0
run_0024,0,2023-11-15T07:49:40.037817+00:00,node_3,8.61456,OK,normal,normal,0.0,0.0
run_0024,1,2023-11-15T07:50:00.236871+00:00,node_1,8.880412,OK,normal,normal,0.0,0.0
run_0024,1,2023-11-15T07:50:00.263088+00:00,node_2,8.923173,OK,normal,normal,0.0,0.0
run_0024,1,2023-11-15T07:50:00.447221+00:00,node_3,8.651346,OK,normal,normal,0.0,0.0
run_0024,2,2023-11-15T07:50:20.717840+00:00,node_1,8.503473,OK,normal,normal,0.0,0.0
run_0024,2,2023-11-15T07:50:20.819888+00:00,node_2,8.376239,OK,normal,normal,0.0,0.0
run_0024,2,2023-11-15T07:50:20.484404+00:00,node_3,8.439795,OK,normal,normal,0.0,0.0
run_0024,3,2023-11-15T07:50:40.551666+00:00,node_1,8.568292,OK,normal,normal,0.0,0.0
run_0024,3,2023-11-15T07:50:40.464446+00:00,node_2,8.413927,OK,normal,normal,0.0,0.0
run_0024,3,2023-11-15T07:50:40.491975+00:00,node_3,8.492963,OK,normal,normal,0.0,0.0
run_0024,4,2023-11-15T07:51:00.262657+00:00,node_1,8.573912,OK,normal,normal,0.0,0.0
run_0024,4,2023-11-15T07:51:00.385730+00:00,node_2,8.433003,OK,normal,normal,0.0,0.0
run_0024,4,2023-11-15T07:51:00.270056+00:00,node_3,8.568746,OK,normal,normal,0.0,0.0
run_0024,5,2023-11-15T07:51:19.889693+00:00,node_1,8.618047,OK,major,normal,39.02610887683176,0
run_0024,5,2023-11-15T07:51:19.911882+00:00,node_2,5.150382,OK,major,normal,39.02610887683176,0
run_0024,5,2023-11-15T07:51:20.092773+00:00,node_3,5.272639,OK,major,normal,39.02610887683176,0
run_0024,6,2023-11-15T07:51:39.692862+00:00,node_1,8.802901,OK,major,normal,39.02610887683176,0
run_0024,6,2023-11-15T07:51:39.612469+00:00,node_2,5.039622,OK,major,normal,39.02610887683176,0
run_0024,6,2023-11-15T07:51:39.504483+00:00,node_3,5.216194,OK,major,normal,39.02610887683176,0
run_0024,7,2023-11-15T07:51:59.300624+00:00,node_1,8.47916,OK,major,normal,39.02610887683176,0
run_0024,7,2023-11-15T07:51:59.461418+00:00,node_2,5.09581,OK,major,normal,39.02610887683176,0
run_0024,7,2023-11-15T07:51:59.214619+00:00,node_3,5.195194,OK,major,normal,39.02610887683176,0
run_0024,8,2023-11-15T07:52:19.699618+00:00,node_1,8.367159,OK,major,normal,39.02610887683176,0
run_0024,8,2023-11-15T07:52:19.640434+00:00,node_2,5.201969,OK,major,normal,39.02610887683176,0
run_0024,8,2023-11-15T07:52:19.511299+00:00,node_3,5.092106,OK,major,normal,39.02610887683176,0
run_0024,9,2023-11-15T07:52:39.735697+00:00,node_1,8.975603,OK,major,normal,39.02610887683176,0
run_0024,9,2023-11-15T07:52:39.801389+00:00,node_2,5.403911,OK,major,normal,39.02610887683176,0
run_0024,9,2023-11-15T07:52:39.755876+00:00,node_3,5.201513,OK,major,normal,39.02610887683176,0
run_0024,10,2023-11-15T07:53:00.101429+00:00,node_1,8.500948,OK,major,normal,39.02610887683176,0
run_0024,10,2023-11-15T07:53:00.304401+00:00,node_2,5.234515,OK,major,normal,39.02610887683176,0
run_0024,10,2023-11-15T07:52:59.915786+00:00,node_3,5.113828,OK,major,normal,39.02610887683176,0
run_0024,11,2023-11-15T07:53:20.598169+00:00,node_1,8.446076,OK,major,normal,39.02610887683176,0
run_0024,11,2023-11-15T07:53:20.515257+00:00,node_2,5.076261,OK,major,normal,39.02610887683176,0
run_0024,11,2023-11-15T07:53:20.496438+00:00,node_3,5.206677,OK,major,normal,39.02610887683176,0
run_0024,12,2023-11-15T07:53:40.390892+00:00,node_1,7.972622,OK,major,normal,39.02610887683176,0
run_0024,12,2023-11-15T07:53:40.326497+00:00,node_2,4.959992,OK,major,normal,39.02610887683176,0
run_0024,12,2023-11-15T07:53:40.493228+00:00,node_3,5.027221,OK,major,normal,39.02610887683176,0
run_0024,13,2023-11-15T07:54:00.477170+00:00,node_1,8.205106,OK,major,normal,39.02610887683176,0
run_0024,13,2023-11-15T07:54:00.231257+00:00,node_2,4.895491,OK,major,normal,39.02610887683176,0
run_0024,13,2023-11-15T07:54:00.198747+00:00,node_3,5.089484,OK,major,normal,39.02610887683176,0
run_0024,14,2023-11-15T07:54:20.689567+00:00,node_1,8.180494,OK,major,normal,39.02610887683176,0
run_0024,14,2023-11-15T07:54:20.536164+00:00,node_2,4.91729,OK,major,normal,39.02610887683176,0
run_0024,14,2023-11-15T07:54:20.302708+00:00,node_3,5.065247,OK,major,normal,39.02610887683176,0
run_0024,15,2023-11-15T07:54:40.640446+00:00,node_1,8.177167,OK,major,normal,39.02610887683176,0
run_0024,15,2023-11-15T07:54:40.615100+00:00,node_2,5.1236,OK,major,normal,39.02610887683176,0
run_0024,15,2023-11-15T07:54:40.807942+00:00,node_3,4.911241,OK,major,normal,39.02610887683176,0
run_0024,16,2023-11-15T07:55:00.927396+00:00,node_1,7.990751,OK,major,normal,39.02610887683176,0
run_0024,16,2023-11-15T07:55:00.624853+00:00,node_2,4.983429,OK,major,normal,39.02610887683176,0
run_0024,16,2023-11-15T07:55:00.945308+00:00,node_3,4.970442,OK,major,normal,39.02610887683176,0
run_0024,17,2023-11-15T07:55:21.074877+00:00,node_1,8.027126,OK,major,normal,39.02610887683176,0
run_0024,17,2023-11-15T07:55:20.820639+00:00,node_2,5.031345,OK,major,normal,39.02610887683176,0
run_0024,17,2023-11-15T07:55:21.056951+00:00,node_3,4.900383,OK,major,normal,39.02610887683176,0
run_0024,18,2023-11-15T07:55:41.281888+00:00,node_1,8.264398,OK,major,normal,39.02610887683176,0
run_0024,18,2023-11-15T07:55:40.915301+00:00,node_2,4.977548,OK,major,normal,39.02610887683176,0
run_0024,18,2023-11-15T07:55:41.019843+00:00,node_3,5.06429,OK,major,normal,39.02610887683176,0
run_0024,19,2023-11-15T07:56:01.489885+00:00,node_1,8.226741,OK,major,normal,39.02610887683176,0
run_0024,19,2023-11-15T07:56:01.338211+00:00,node_2,4.941688,OK,major,normal,39.02610887683176,0
run_0024,19,2023-11-15T07:56:01.442031+00:00,node_3,5.138854,OK,major,normal,39.02610887683176,0
run_0024,20,2023-11-15T07:56:21.417694+00:00,node_1,8.509836,OK,major,normal,39.02610887683176,0
run_0024,20,2023-11-15T07:56:21.463356+00:00,node_2,5.005058,OK,major,normal,39.02610887683176,0
run_0024,20,2023-11-15T07:56:21.293342+00:00,node_3,5.047496,OK,major,normal,39.02610887683176,0
run_0024,21,2023-11-15T07:56:41.651554+00:00,node_1,8.04452,OK,major,normal,39.02610887683176,0
run_0024,21,2023-11-15T07:56:41.703794+00:00,node_2,4.896143,OK,major,normal,39.02610887683176,0
run_0024,21,2023-11-15T07:56:41.656896+00:00,node_3,4.852482,OK,major,normal,39.02610887683176,0
run_0024,22,2023-11-15T07:57:01.186978+00:00,node_1,8.246458,OK,major,normal,39.02610887683176,0
run_0024,22,2023-11-15T07:57:01.292361+00:00,node_2,4.947859,OK,major,normal,39.02610887683176,0
run_0024,22,2023-11-15T07:57:01.396029+00:00,node_3,4.977928,OK,major,normal,39.02610887683176,0
run_0024,23,2023-11-15T07:57:21.113804+00:00,node_1,7.653811,OK,major,normal,39.02610887683176,0
run_0024,23,2023-11-15T07:57:21.060656+00:00,node_2,4.879971,OK,major,normal,39.02610887683176,0
run_0024,23,2023-11-15T07:57:21.018180+00:00,node_3,4.933911,OK,major,normal,39.02610887683176,0
run_0024,24,2023-11-15T07:57:41.562426+00:00,node_1,10.565644,OK,major,normal,39.02610887683176,0
run_0024,24,2023-11-15T07:57:41.296536+00:00,node_2,6.087799,OK,major,normal,39.02610887683176,0
run_0024,24,2023-11-15T07:57:41.458991+00:00,node_3,6.63887,OK,major,normal,39.02610887683176,0
run_0024,25,2023-11-15T07:58:01.513712+00:00,node_1,10.777024,OK,major,normal,39.02610887683176,0
run_0024,25,2023-11-15T07:58:01.328216+00:00,node_2,6.436831,OK,major,normal,39.02610887683176,0
run_0024,25,2023-11-15T07:58:01.339736+00:00,node_3,6.516699,OK,major,normal,39.02610887683176,0
run_0024,26,2023-11-15T07:58:20.993047+00:00,node_1,10.662054,OK,major,normal,39.02610887683176,0
run_0024,26,2023-11-15T07:58:21.155557+00:00,node_2,6.673622,OK,major,normal,39.02610887683176,0
run_0024,26,2023-11-15T07:58:20.933847+00:00,node_3,6.493195,OK,major,normal,39.02610887683176,0
run_0024,27,2023-11-15T07:58:40.548193+00:00,node_1,10.698136,OK,major,normal,39.02610887683176,0
run_0024,27,2023-11-15T07:58:40.615858+00:00,node_2,6.419447,OK,major,normal,39.02610887683176,0
run_0024,27,2023-11-15T07:58:40.747095+00:00,node_3,6.413216,OK,major,normal,39.02610887683176,0
run_0024,28,2023-11-15T07:59:00.598060+00:00,node_1,10.398102,OK,major,normal,39.02610887683176,0
run_0024,28,2023-11-15T07:59:00.634217+00:00,node_2,6.510859,OK,major,normal,39.02610887683176,0
run_0024,28,2023-11-15T07:59:00.519669+00:00,node_3,6.490747,OK,major,normal,39.02610887683176,0
run_0024,29,2023-11-15T07:59:20.675066+00:00,node_1,10.12181,OK,major,normal,39.02610887683176,0
run_0024,29,2023-11-15T07:59:20.614906+00:00,node_2,6.323736,OK,major,normal,39.02610887683176,0
run_0024,29,2023-11-15T07:59:20.596340+00:00,node_3,6.328606,OK,major,normal,39.02610887683176,0
run_0024,30,2023-11-15T07:59:40.158506+00:00,node_1,10.606489,OK,major,normal,39.02610887683176,0
run_0024,30,2023-11-15T07:59:40.084209+00:00,node_2,6.496393,OK,major,normal,39.02610887683176,0
run_0024,30,2023-11-15T07:59:40.400841+00:00,node_3,6.42475,OK,major,normal,39.02610887683176,0
run_0024,31,2023-11-15T08:00:00.013045+00:00,node_1,10.825016,OK,normal,normal,0.0,0.0
run_0024,31,2023-11-15T08:00:00.104696+00:00,node_2,10.44974,OK,normal,normal,0.0,0.0
run_0024,31,2023-11-15T08:00:00.139311+00:00,node_3,10.316665,OK,normal,normal,0.0,0.0
run_0024,32,2023-11-15T08:00:19.903224+00:00,node_1,10.418082,OK,normal,normal,0.0,0.0
run_0024,32,2023-11-15T08:00:19.816961+00:00,node_2,10.579113,OK,normal,normal,0.0,0.0
run_0024,32,2023-11-15T08:00:19.981459+00:00,node_3,10.560291,OK,normal,normal,0.0,0.0
run_0024,33,2023-11-15T08:00:40.342378+00:00,node_1,10.40084,OK,normal,normal,0.0,0.0
run_0024,33,2023-11-15T08:00:40.098621+00:00,node_2,10.60258,OK,normal,normal,0.0,0.0
run_0024,33,2023-11-15T08:00:40.044336+00:00,node_3,10.319028,OK,normal,normal,0.0,0.0
run_0024,34,2023-11-15T08:00:59.965262+00:00,node_1,10.508505,OK,normal,normal,0.0,0.0
run_0024,34,2023-11-15T08:00:59.904441+00:00,node_2,10.672031,OK,normal,normal,0.0,0.0
run_0024,34,2023-11-15T08:00:59.752010+00:00,node_3,10.825324,OK,normal,normal,0.0,0.0
run_0024,35,2023-11-15T08:01:19.683562+00:00,node_1,10.335121,OK,normal,normal,0.0,0.0
run_0024,35,2023-11-15T08:01:19.710968+00:00,node_2,10.606501,OK,normal,normal,0.0,0.0
run_0024,35,2023-11-15T08:01:19.760640+00:00,node_3,10.504089,OK,normal,normal,0.0,0.0
run_0025,0,2023-11-15T08:13:39.650172+00:00,node_1,8.734271,OK,normal,normal,0.0,0.0
run_0025,0,2023-11-15T08:13:39.669867+00:00,node_2,8.358998,OK,normal,normal,0.0,0.0
run_0025,0,2023-11-15T08:13:39.849783+00:00,node_3,8.408533,OK,normal,normal,0.0,0.0
run_0025,1,2023-11-15T08:13:59.993242+00:00,node_1,8.528775,OK,normal,normal,0.0,0.0
run_0025,1,2023-11-15T08:14:00.229185+00:00,node_2,8.767037,OK,normal,normal,0.0,0.0
run_0025,1,2023-11-15T08:14:00.051700+00:00,node_3,8.972235,OK,normal,normal,0.0,0.0
run_0025,2,2023-11-15T08:14:20.289272+00:00,node_1,8.116441,OK,normal,normal,0.0,0.0
run_0025,2,2023-11-15T08:14:20.434593+00:00,node_2,8.444084,OK,normal,normal,0.0,0.0
run_0025,2,2023-11-15T08:14:20.295809+00:00,node_3,8.711476,OK,normal,normal,0.0,0.0
run_0025,3,2023-11-15T08:14:40.300000+00:00,node_1,8.825596,OK,normal,normal,0.0,0.0
run_0025,3,2023-11-15T08:14:39.985803+00:00,node_2,8.763318,OK,normal,normal,0.0,0.0
run_0025,3,2023-11-15T08:14:40.073534+00:00,node_3,8.639743,OK,normal,normal,0.0,0.0
run_0025,4,2023-11-15T08:15:00.062377+00:00,node_1,8.508565,OK,normal,normal,0.0,0.0
run_0025,4,2023-11-15T08:15:00.064576+00:00,node_2,8.726685,OK,normal,normal,0.0,0.0
run_0025,4,2023-11-15T08:14:59.850670+00:00,node_3,8.49682,OK,normal,normal,0.0,0.0
run_0025,5,2023-11-15T08:15:19.545431+00:00,node_1,8.675803,OK,major,minor,47.13054775095428,12.754956643702437
run_0025,5,2023-11-15T08:15:19.632169+00:00,node_2,4.627408,OK,major,minor,47.13054775095428,12.754956643702437
run_0025,5,2023-11-15T08:15:19.593700+00:00,node_3,3.988145,OK,major,minor,47.13054775095428,12.754956643702437
run_0025,6,2023-11-15T08:15:39.596362+00:00,node_1,8.579642,OK,major,minor,47.13054775095428,12.754956643702437
run_0025,6,2023-11-15T08:15:39.938641+00:00,node_2,4.571869,OK,major,minor,47.13054775095428,12.754956643702437
run_0025,6,2023-11-15T08:15:39.872022+00:00,node_3,4.001797,OK,major,minor,47.13054775095428,12.754956643702437
run_0025,7,2023-11-15T08:15:59.464939+00:00,node_1,8.557486,OK,major,minor,47.13054775095428,12.754956643702437
run_0025,7,2023-11-15T08:15:59.464739+00:00,node_2,4.643599,OK,major,minor,47.13054775095428,12.754956643702437
run_0025,7,2023-11-15T08:15:59.727323+00:00,node_3,3.793522,OK,major,minor,47.13054775095428,12.754956643702437
run_0025,8,2023-11-15T08:16:19.733926+00:00,node_1,8.55484,OK,major,minor,47.13054775095428,12.754956643702437
run_0025,8,2023-11-15T08:16:19.683275+00:00,node_2,4.53359,OK,major,minor,47.13054775095428,12.754956643702437
run_0025,8,2023-11-15T08:16:19.623843+00:00,node_3,4.012984,OK,major,minor,47.13054775095428,12.754956643702437
run_0025,9,2023-11-15T08:16:40.065075+00:00,node_1,8.74911,OK,major,minor,47.13054775095428,12.754956643702437
run_0025,9,2023-11-15T08:16:39.770182+00:00,node_2,4.687227,OK,major,minor,47.13054775095428,12.754956643702437
run_0025,9,2023-11-15T08:16:40.082072+00:00,node_3,4.029199,OK,major,minor,47.13054775095428,12.754956643702437
run_0025,10,2023-11-15T08:17:00.098030+00:00,node_1,8.806908,OK,major,minor,47.13054775095428,12.754956643702437
run_0025,10,2023-11-15T08:17:00.046148+00:00,node_2,4.361238,OK,major,minor,47.13054775095428,12.754956643702437
run_0025,10,2023-11-15T08:16:59.966806+00:00,node_3,3.836489,OK,major,minor,47.13054775095428,12.754956643702437
run_0025,11,2023-11-15T08:17:20.356985+00:00,node_1,8.854983,OK,major,minor,47.13054775095428,12.754956643702437
run_0025,11,2023-11-15T08:17:20.359395+00:00,node_2,4.553413,OK,major,minor,47.13054775095428,12.754956643702437
run_0025,11,2023-11-15T08:17:20.390291+00:00,node_3,3.990575,OK,major,minor,47.13054775095428,12.754956643702437
run_0025,12,2023-11-15T08:17:40.354915+00:00,node_1,11.852003,OK,major,minor,47.13054775095428,12.754956643702437
run_0025,12,2023-11-15T08:17:40.348301+00:00,node_2,6.127226,OK,major,minor,47.13054775095428,12.754956643702437
run_0025,12,2023-11-15T08:17:40.525798+00:00,node_3,5.510412,OK,major,minor,47.13054775095428,12.754956643702437
run_0025,13,2023-11-15T08:18:00.722834+00:00,node_1,11.660971,OK,major,minor,47.13054775095428,12.754956643702437
run_0025,13,2023-11-15T08:18:00.672950+00:00,node_2,6.16273,OK,major,minor,47.13054775095428,12.754956643702437
run_0025,13,2023-11-15T08:18:00.801203+00:00,node_3,5.46767,OK,major,minor,47.13054775095428,12.754956643702437
run_0025,14,2023-11-15T08:18:20.856297+00:00,node_1,11.88662,OK,major,minor,47.13054775095428,12.754956643702437
run_0025,14,2023-11-15T08:18:20.710560+00:00,node_2,6.414036,OK,major,minor,47.13054775095428,12.754956643702437
run_0025,14,2023-11-15T08:18:20.783729+00:00,node_3,5.375956,OK,major,minor,47.13054775095428,12.754956643702437
run_0025,15,2023-11-15T08:18:40.580719+00:00,node_1,11.786376,OK,major,minor,47.13054775095428,12.754956643702437
run_0025,15,2023-11-15T08:18:40.832519+00:00,node_2,6.439765,OK,major,minor,47.13054775095428,12.754956643702437
run_0025,15,2023-11-15T08:18:40.607962+00:00,node_3,5.392469,OK,major,minor,47.13054775095428,12.754956643702437
run_0025,16,2023-11-15T08:19:00.676563+00:00,node_1,12.019364,OK,major,minor,47.13054775095428,12.754956643702437
run_0025,16,2023-11-15T08:19:00.684862+00:00,node_2,6.203097,OK,major,minor,47.13054775095428,12.754956643702437
run_0025,16,2023-11-15T08:19:00.747211+00:00,node_3,5.590809,OK,major,minor,47.13054775095428,12.754956643702437
run_0025,17,2023-11-15T08:19:20.761444+00:00,node_1,11.916649,OK,major,minor,47.13054775095428,12.754956643702437
run_0025,17,2023-11-15T08:19:20.511469+00:00,node_2,6.211378,OK,major,minor,47.13054775095428,12.754956643702437
run_0025,17,2023-11-15T08:19:20.533159+00:00,node_3,5.536341,OK,major,minor,47.13054775095428,12.754956643702437
run_0025,18,2023-11-15T08:19:40.892968+00:00,node_1,11.988445,OK,major,minor,47.13054775095428,12.754956643702437
run_0025,18,2023-11-15T08:19:40.870276+00:00,node_2,6.105554,OK,major,minor,47.13054775095428,12.754956643702437
run_0025,18,2023-11-15T08:19:40.926569+00:00,node_3,5.446576,OK,major,minor,47.13054775095428,12.754956643702437
run_0025,19,2023-11-15T08:20:00.314776+00:00,node_1,11.972097,OK,major,minor,47.13054775095428,12.754956643702437
run_0025,19,2023-11-15T08:20:00.355740+00:00,node_2,6.33841,OK,major,minor,47.13054775095428,12.754956643702437
run_0025,19,2023-11-15T08:20:00.560880+00:00,node_3,5.56596,OK,major,minor,47.13054775095428,12.754956643702437
run_0025,20,2023-11-15T08:20:20.780684+00:00,node_1,12.280259,OK,major,minor,47.13054775095428,12.754956643702437
run_0025,20,2023-11-15T08:20:20.677414+00:00,node_2,6.495337,OK,major,minor,47.13054775095428,12.754956643702437
run_0025,20,2023-11-15T08:20:20.746438+00:00,node_3,5.457998,OK,major,minor,47.13054775095428,12.754956643702437
run_0025,21,2023-11-15T08:20:40.301564+00:00,node_1,12.312917,OK,major,minor,47.13054775095428,12.754956643702437
run_0025,21,2023-11-15T08:20:40.220294+00:00,node_2,6.17026,OK,major,minor,47.13054775095428,12.754956643702437
run_0025,21,2023-11-15T08:20:40.250436+00:00,node_3,5.51406,OK,major,minor,47.13054775095428,12.754956643702437
run_0025,22,2023-11-15T08:21:00.025628+00:00,node_1,11.794812,OK,major,minor,47.13054775095428,12.754956643702437
run_0025,22,2023-11-15T08:21:00.265570+00:00,node_2,6.168371,OK,major,minor,47.13054775095428,12.754956643702437
run_0025,22,2023-11-15T08:21:00.155691+00:00,node_3,5.466626,OK,major,minor,47.13054775095428,12.754956643702437
run_0025,23,2023-11-15T08:21:20.267580+00:00,node_1,11.56049,OK,major,minor,47.13054775095428,12.754956643702437
run_0025,23,2023-11-15T08:21:20.103806+00:00,node_2,6.08908,OK,major,minor,47.13054775095428,12.754956643702437
run_0025,23,2023-11-15T08:21:20.053714+00:00,node_3,5.523566,OK,major,minor,47.13054775095428,12.754956643702437
run_0025,24,2023-11-15T08:21:40.418059+00:00,node_1,11.086716,OK,major,minor,47.13054775095428,12.754956643702437
run_0025,24,2023-11-15T08:21:40.246019+00:00,node_2,5.622915,OK,major,minor,47.13054775095428,12.754956643702437
run_0025,24,2023-11-15T08:21:40.572022+00:00,node_3,5.068721,OK,major,minor,47.13054775095428,12.754956643702437
run_0025,25,2023-11-15T08:21:59.938354+00:00,node_1,10.502112,OK,major,minor,47.13054775095428,12.754956643702437
run_0025,25,2023-11-15T08:21:59.963773+00:00,node_2,5.590105,OK,major,minor,47.13054775095428,12.754956643702437
run_0025,25,2023-11-15T08:22:00.113883+00:00,node_3,5.061787,OK,major,minor,47.13054775095428,12.754956643702437
run_0025,26,2023-11-15T08:22:20.146652+00:00,node_1,10.876902,OK,major,minor,47.13054775095428,12.754956643702437
run_0025,26,2023-11-15T08:22:20.213564+00:00,node_2,5.775046,OK,major,minor,47.13054775095428,12.754956643702437
run_0025,26,2023-11-15T08:22:19.964609+00:00,node_3,4.938642,OK,major,minor,47.13054775095428,12.754956643702437
run_0025,27,2023-11-15T08:22:40.283158+00:00,node_1,10.598602,OK,major,minor,47.13054775095428,12.754956643702437
run_0025,27,2023-11-15T08:22:40.092634+00:00,node_2,5.76141,OK,major,minor,47.13054775095428,12.754956643702437
run_0025,27,2023-11-15T08:22:40.150176+00:00,node_3,4.929945,OK,major,minor,47.13054775095428,12.754956643702437
run_0025,28,2023-11-15T08:22:59.867665+00:00,node_1,11.079863,OK,major,minor,47.13054775095428,12.754956643702437
run_0025,28,2023-11-15T08:22:59.728776+00:00,node_2,5.792166,OK,major,minor,47.13054775095428,12.754956643702437
run_0025,28,2023-11-15T08:22:59.908214+00:00,node_3,4.969032,OK,major,minor,47.13054775095428,12.754956643702437
run_0025,29,2023-11-15T08:23:19.387375+00:00,node_1,10.583999,OK,major,minor,47.13054775095428,12.754956643702437
run_0025,29,2023-11-15T08:23:19.426225+00:00,node_2,5.971174,OK,major,minor,47.13054775095428,12.754956643702437
run_0025,29,2023-11-15T08:23:19.405914+00:00,node_3,5.064294,OK,major,minor,47.13054775095428,12.754956643702437
run_0025,30,2023-11-15T08:23:39.647767+00:00,node_1,10.891802,OK,major,minor,47.13054775095428,12.754956643702437
run_0025,30,2023-11-15T08:23:39.604699+00:00,node_2,5.836818,OK,major,minor,47.13054775095428,12.754956643702437
run_0025,30,2023-11-15T08:23:39.503168+00:00,node_3,5.151294,OK,major,minor,47.13054775095428,12.754956643702437
run_0025,31,2023-11-15T08:23:59.156454+00:00,node_1,10.718867,OK,normal,normal,0.0,0.0
run_0025,31,2023-11-15T08:23:59.180922+00:00,node_2,11.165227,OK,normal,normal,0.0,0.0
run_0025,31,2023-11-15T08:23:59.211220+00:00,node_3,10.585195,OK,normal,normal,0.0,0.0
run_0025,32,2023-11-15T08:24:19.316194+00:00,node_1,10.587488,OK,normal,normal,0.0,0.0
run_0025,32,2023-11-15T08:24:19.275700+00:00,node_2,11.068177,OK,normal,normal,0.0,0.0
run_0025,32,2023-11-15T08:24:19.348644+00:00,node_3,10.647367,OK,normal,normal,0.0,0.0
run_0025,33,2023-11-15T08:24:38.920650+00:00,node_1,10.880406,OK,normal,normal,0.0,0.0
run_0025,33,2023-11-15T08:24:39.105405+00:00,node_2,10.535683,OK,normal,normal,0.0,0.0
run_0025,33,2023-11-15T08:24:39.259183+00:00,node_3,11.037137,OK,normal,normal,0.0,0.0
run_0025,34,2023-11-15T08:24:59.493370+00:00,node_1,10.834342,OK,normal,normal,0.0,0.0
run_0025,34,2023-11-15T08:24:59.380977+00:00,node_2,10.638516,OK,normal,normal,0.0,0.0
run_0025,34,2023-11-15T08:24:59.478580+00:00,node_3,11.125066,OK,normal,normal,0.0,0.0
run_0025,35,2023-11-15T08:25:19.691766+00:00,node_1,11.100638,OK,normal,normal,0.0,0.0
run_0025,35,2023-11-15T08:25:19.727758+00:00,node_2,10.868764,OK,normal,normal,0.0,0.0
run_0025,35,2023-11-15T08:25:19.661070+00:00,node_3,10.892461,OK,normal,normal,0.0,0.0
run_0026,0,2023-11-15T08:37:39.842989+00:00,node_1,11.673387,OK,normal,normal,0.0,0.0
run_0026,0,2023-11-15T08:37:39.870974+00:00,node_2,11.727323,OK,normal,normal,0.0,0.0
run_0026,0,2023-11-15T08:37:39.880720+00:00,node_3,12.286539,OK,normal,normal,0.0,0.0
run_0026,1,2023-11-15T08:37:59.586690+00:00,node_1,11.620236,OK,normal,normal,0.0,0.0
run_0026,1,2023-11-15T08:37:59.407650+00:00,node_2,11.735636,OK,normal,normal,0.0,0.0
run_0026,1,2023-11-15T08:37:59.672176+00:00,node_3,11.556065,OK,normal,normal,0.0,0.0
run_0026,2,2023-11-15T08:38:19.428797+00:00,node_1,11.788536,OK,normal,normal,0.0,0.0
run_0026,2,2023-11-15T08:38:19.504165+00:00,node_2,11.698365,OK,normal,normal,0.0,0.0
run_0026,2,2023-11-15T08:38:19.526265+00:00,node_3,11.723501,OK,normal,normal,0.0,0.0
run_0026,3,2023-11-15T08:38:39.289965+00:00,node_1,11.311299,OK,normal,normal,0.0,0.0
run_0026,3,2023-11-15T08:38:39.498150+00:00,node_2,11.944166,OK,normal,normal,0.0,0.0
run_0026,3,2023-11-15T08:38:39.262139+00:00,node_3,11.7503,OK,normal,normal,0.0,0.0
run_0026,4,2023-11-15T08:38:59.549607+00:00,node_1,11.76379,OK,normal,normal,0.0,0.0
run_0026,4,2023-11-15T08:38:59.386338+00:00,node_2,11.836478,OK,normal,normal,0.0,0.0
run_0026,4,2023-11-15T08:38:59.658406+00:00,node_3,12.298152,OK,normal,normal,0.0,0.0
run_0026,5,2023-11-15T08:39:19.643692+00:00,node_1,11.822792,OK,major,major,39.21538164755965,34.838782939807466
run_0026,5,2023-11-15T08:39:19.759826+00:00,node_2,7.146331,OK,major,major,39.21538164755965,34.838782939807466
run_0026,5,2023-11-15T08:39:19.634520+00:00,node_3,4.765392,OK,major,major,39.21538164755965,34.838782939807466
run_0026,6,2023-11-15T08:39:39.957592+00:00,node_1,11.640555,OK,major,major,39.21538164755965,34.838782939807466
run_0026,6,2023-11-15T08:39:40.084375+00:00,node_2,7.190083,OK,major,major,39.21538164755965,34.838782939807466
run_0026,6,2023-11-15T08:39:39.900824+00:00,node_3,4.670254,OK,major,major,39.21538164755965,34.838782939807466
run_0026,7,2023-11-15T08:40:00.228156+00:00,node_1,11.464194,OK,major,major,39.21538164755965,34.838782939807466
run_0026,7,2023-11-15T08:40:00.127998+00:00,node_2,7.161832,OK,major,major,39.21538164755965,34.838782939807466
run_0026,7,2023-11-15T08:40:00.095081+00:00,node_3,4.478983,OK,major,major,39.21538164755965,34.838782939807466
run_0026,8,2023-11-15T08:40:19.920529+00:00,node_1,11.892917,OK,major,major,39.21538164755965,34.838782939807466
run_0026,8,2023-11-15T08:40:19.709099+00:00,node_2,7.380745,OK,major,major,39.21538164755965,34.838782939807466
run_0026,8,2023-11-15T08:40:19.650238+00:00,node_3,4.653425,OK,major,major,39.21538164755965,34.838782939807466
run_0026,9,2023-11-15T08:40:39.627890+00:00,node_1,11.817609,OK,major,major,39.21538164755965,34.838782939807466
run_0026,9,2023-11-15T08:40:39.903944+00:00,node_2,7.175129,OK,major,major,39.21538164755965,34.838782939807466
run_0026,9,2023-11-15T08:40:39.869799+00:00,node_3,4.615774,OK,major,major,39.21538164755965,34.838782939807466
run_0026,10,2023-11-15T08:40:59.981662+00:00,node_1,11.919791,OK,major,major,39.21538164755965,34.838782939807466
run_0026,10,2023-11-15T08:41:00.040212+00:00,node_2,7.302021,OK,major,major,39.21538164755965,34.838782939807466
run_0026,10,2023-11-15T08:40:59.891209+00:00,node_3,4.711309,OK,major,major,39.21538164755965,34.838782939807466
run_0026,11,2023-11-15T08:41:19.629407+00:00,node_1,11.498142,OK,major,major,39.21538164755965,34.838782939807466
run_0026,11,2023-11-15T08:41:19.650534+00:00,node_2,7.137883,OK,major,major,39.21538164755965,34.838782939807466
run_0026,11,2023-11-15T08:41:19.741941+00:00,node_3,4.682434,OK,major,major,39.21538164755965,34.838782939807466
run_0026,12,2023-11-15T08:41:39.760112+00:00,node_1,9.549343,OK,major,major,39.21538164755965,34.838782939807466
run_0026,12,2023-11-15T08:41:39.461010+00:00,node_2,5.7544,OK,major,major,39.21538164755965,34.838782939807466
run_0026,12,2023-11-15T08:41:39.521502+00:00,node_3,3.706165,OK,major,major,39.21538164755965,34.838782939807466
run_0026,13,2023-11-15T08:41:59.316030+00:00,node_1,9.100226,OK,major,major,39.21538164755965,34.838782939807466
run_0026,13,2023-11-15T08:41:59.615491+00:00,node_2,5.407316,OK,major,major,39.21538164755965,34.838782939807466
run_0026,13,2023-11-15T08:41:59.343889+00:00,node_3,3.666893,OK,major,major,39.21538164755965,34.838782939807466
run_0026,14,2023-11-15T08:42:19.921059+00:00,node_1,9.103372,OK,major,major,39.21538164755965,34.838782939807466
run_0026,14,2023-11-15T08:42:19.920021+00:00,node_2,5.614927,OK,major,major,39.21538164755965,34.838782939807466
run_0026,14,2023-11-15T08:42:19.775351+00:00,node_3,3.539367,OK,major,major,39.21538164755965,34.838782939807466
run_0026,15,2023-11-15T08:42:40.091437+00:00,node_1,9.479999,OK,major,major,39.21538164755965,34.838782939807466
run_0026,15,2023-11-15T08:42:39.994229+00:00,node_2,5.752059,OK,major,major,39.21538164755965,34.838782939807466
run_0026,15,2023-11-15T08:42:39.984830+00:00,node_3,3.796405,OK,major,major,39.21538164755965,34.838782939807466
run_0026,16,2023-11-15T08:42:59.891700+00:00,node_1,9.4179,OK,major,major,39.21538164755965,34.838782939807466
run_0026,16,2023-11-15T08:42:59.903252+00:00,node_2,5.900068,OK,major,major,39.21538164755965,34.838782939807466
run_0026,16,2023-11-15T08:43:00.015424+00:00,node_3,3.758313,OK,major,major,39.21538164755965,34.838782939807466
run_0026,17,2023-11-15T08:43:19.751698+00:00,node_1,9.224625,OK,major,major,39.21538164755965,34.838782939807466
run_0026,17,2023-11-15T08:43:19.622437+00:00,node_2,5.932805,OK,major,major,39.21538164755965,34.838782939807466
run_0026,17,2023-11-15T08:43:19.564460+00:00,node_3,3.797173,OK,major,major,39.21538164755965,34.838782939807466
run_0026,18,2023-11-15T08:43:39.506530+00:00,node_1,9.788467,OK,major,major,39.21538164755965,34.838782939807466
run_0026,18,2023-11-15T08:43:39.398776+00:00,node_2,6.095636,OK,major,major,39.21538164755965,34.838782939807466
run_0026,18,2023-11-15T08:43:39.378550+00:00,node_3,3.783462,OK,major,major,39.21538164755965,34.838782939807466
run_0026,19,2023-11-15T08:43:59.773208+00:00,node_1,9.326035,OK,major,major,39.21538164755965,34.838782939807466
run_0026,19,2023-11-15T08:43:59.391659+00:00,node_2,5.778509,OK,major,major,39.21538164755965,34.838782939807466
run_0026,19,2023-11-15T08:43:59.720955+00:00,node_3,3.725048,OK,major,major,39.21538164755965,34.838782939807466
run_0026,20,2023-11-15T08:44:19.609850+00:00,node_1,9.794126,OK,major,major,39.21538164755965,34.838782939807466
run_0026,20,2023-11-15T08:44:19.522138+00:00,node_2,5.790416,OK,major,major,39.21538164755965,34.838782939807466
run_0026,20,2023-11-15T08:44:19.534999+00:00,node_3,3.725433,OK,major,major,39.21538164755965,34.838782939807466
run_0026,21,2023-11-15T08:44:39.510593+00:00,node_1,9.627518,OK,major,major,39.21538164755965,34.838782939807466
run_0026,21,2023-11-15T08:44:39.361642+00:00,node_2,6.042678,OK,major,major,39.21538164755965,34.838782939807466
run_0026,21,2023-11-15T08:44:39.410635+00:00,node_3,3.763687,OK,major,major,39.21538164755965,34.838782939807466
run_0026,22,2023-11-15T08:44:59.477846+00:00,node_1,9.678854,OK,major,major,39.21538164755965,34.838782939807466
run_0026,22,2023-11-15T08:44:59.813867+00:00,node_2,5.664927,OK,major,major,39.21538164755965,34.838782939807466
run_0026,22,2023-11-15T08:44:59.535666+00:00,node_3,3.704629,OK,major,major,39.21538164755965,34.838782939807466
run_0026,23,2023-11-15T08:45:19.392343+00:00,node_1,9.381654,OK,major,major,39.21538164755965,34.838782939807466
run_0026,23,2023-11-15T08:45:19.203261+00:00,node_2,5.830252,OK,major,major,39.21538164755965,34.838782939807466
run_0026,23,2023-11-15T08:45:19.217815+00:00,node_3,3.817157,OK,major,major,39.21538164755965,34.838782939807466
run_0026,24,2023-11-15T08:45:39.094297+00:00,node_1,10.887321,OK,major,major,39.21538164755965,34.838782939807466
run_0026,24,2023-11-15T08:45:39.129397+00:00,node_2,6.552835,OK,major,major,39.21538164755965,34.838782939807466
run_0026,24,2023-11-15T08:45:39.238841+00:00,node_3,4.142343,OK,major,major,39.21538164755965,34.838782939807466
run_0026,25,2023-11-15T08:45:59.394366+00:00,node_1,10.173917,OK,major,major,39.21538164755965,34.838782939807466
run_0026,25,2023-11-15T08:45:59.219092+00:00,node_2,6.435564,OK,major,major,39.21538164755965,34.838782939807466
run_0026,25,2023-11-15T08:45:59.408141+00:00,node_3,4.142565,OK,major,major,39.21538164755965,34.838782939807466
run_0026,26,2023-11-15T08:46:19.334731+00:00,node_1,10.473908,OK,major,major,39.21538164755965,34.838782939807466
run_0026,26,2023-11-15T08:46:19.459072+00:00,node_2,6.463328,OK,major,major,39.21538164755965,34.838782939807466
run_0026,26,2023-11-15T08:46:19.455052+00:00,node_3,4.126335,OK,major,major,39.21538164755965,34.838782939807466
run_0026,27,2023-11-15T08:46:39.228391+00:00,node_1,10.469486,OK,major,major,39.21538164755965,34.838782939807466
run_0026,27,2023-11-15T08:46:39.249579+00:00,node_2,6.350565,OK,major,major,39.21538164755965,34.838782939807466
run_0026,27,2023-11-15T08:46:39.178862+00:00,node_3,4.164503,OK,major,major,39.21538164755965,34.838782939807466
run_0026,28,2023-11-15T08:46:59.544565+00:00,node_1,10.28519,OK,major,major,39.21538164755965,34.838782939807466
run_0026,28,2023-11-15T08:46:59.323546+00:00,node_2,6.744139,OK,major,major,39.21538164755965,34.838782939807466
run_0026,28,2023-11-15T08:46:59.370109+00:00,node_3,4.077016,OK,major,major,39.21538164755965,34.838782939807466
run_0026,29,2023-11-15T08:47:19.302658+00:00,node_1,10.372383,OK,major,major,39.21538164755965,34.838782939807466
run_0026,29,2023-11-15T08:47:19.513371+00:00,node_2,6.513346,OK,major,major,39.21538164755965,34.838782939807466
run_0026,29,2023-11-15T08:47:19.364819+00:00,node_3,4.10304,OK,major,major,39.21538164755965,34.838782939807466
run_0026,30,2023-11-15T08:47:39.525064+00:00,node_1,10.999192,OK,major,major,39.21538164755965,34.838782939807466
run_0026,30,2023-11-15T08:47:39.511561+00:00,node_2,6.28372,OK,major,major,39.21538164755965,34.838782939807466
run_0026,30,2023-11-15T08:47:39.514748+00:00,node_3,4.154858,OK,major,major,39.21538164755965,34.838782939807466
run_0026,31,2023-11-15T08:47:59.453832+00:00,node_1,10.471068,OK,normal,normal,0.0,0.0
run_0026,31,2023-11-15T08:47:59.609272+00:00,node_2,11.053992,OK,normal,normal,0.0,0.0
run_0026,31,2023-11-15T08:47:59.627461+00:00,node_3,10.680161,OK,normal,normal,0.0,0.0
run_0026,32,2023-11-15T08:48:19.697056+00:00,node_1,10.379904,OK,normal,normal,0.0,0.0
run_0026,32,2023-11-15T08:48:19.755728+00:00,node_2,10.489456,OK,normal,normal,0.0,0.0
run_0026,32,2023-11-15T08:48:19.895579+00:00,node_3,10.334379,OK,normal,normal,0.0,0.0
run_0026,33,2023-11-15T08:48:40.045840+00:00,node_1,10.668939,OK,normal,normal,0.0,0.0
run_0026,33,2023-11-15T08:48:40.022545+00:00,node_2,10.874655,OK,normal,normal,0.0,0.0
run_0026,33,2023-11-15T08:48:40.148479+00:00,node_3,10.504488,OK,normal,normal,0.0,0.0
run_0026,34,2023-11-15T08:49:00.134810+00:00,node_1,10.76698,OK,normal,normal,0.0,0.0
run_0026,34,2023-11-15T08:49:00.189984+00:00,node_2,10.606183,OK,normal,normal,0.0,0.0
run_0026,34,2023-11-15T08:49:00.066304+00:00,node_3,10.711806,OK,normal,normal,0.0,0.0
run_0026,35,2023-11-15T08:49:20.059701+00:00,node_1,10.718443,OK,normal,normal,0.0,0.0
run_0026,35,2023-11-15T08:49:19.963613+00:00,node_2,10.550914,OK,normal,normal,0.0,0.0
run_0026,35,2023-11-15T08:49:20.019818+00:00,node_3,10.397209,OK,normal,normal,0.0,0.0
run_0027,0,2023-11-15T09:01:40.044932+00:00,node_1,12.280746,OK,normal,normal,0.0,0.0
run_0027,0,2023-11-15T09:01:39.996903+00:00,node_2,11.703988,OK,normal,normal,0.0,0.0
run_0027,0,2023-11-15T09:01:39.928361+00:00,node_3,11.6868,OK,normal,normal,0.0,0.0
run_0027,1,2023-11-15T09:01:59.991854+00:00,node_1,11.555408,OK,normal,normal,0.0,0.0
run_0027,1,2023-11-15T09:01:59.914787+00:00,node_2,11.629979,OK,normal,normal,0.0,0.0
run_0027,1,2023-11-15T09:02:00.221386+00:00,node_3,11.59608,OK,normal,normal,0.0,0.0
run_0027,2,2023-11-15T09:02:19.826115+00:00,node_1,11.578661,OK,normal,normal,0.0,0.0
run_0027,2,2023-11-15T09:02:19.906263+00:00,node_2,11.855725,OK,normal,normal,0.0,0.0
run_0027,2,2023-11-15T09:02:20.163431+00:00,node_3,12.125572,OK,normal,normal,0.0,0.0
run_0027,3,2023-11-15T09:02:40.076900+00:00,node_1,11.409787,OK,normal,normal,0.0,0.0
run_0027,3,2023-11-15T09:02:39.880647+00:00,node_2,11.717421,OK,normal,normal,0.0,0.0
run_0027,3,2023-11-15T09:02:39.840261+00:00,node_3,11.858296,OK,normal,normal,0.0,0.0
run_0027,4,2023-11-15T09:02:59.872399+00:00,node_1,11.506904,OK,normal,normal,0.0,0.0
run_0027,4,2023-11-15T09:02:59.903997+00:00,node_2,11.686394,OK,normal,normal,0.0,0.0
run_0027,4,2023-11-15T09:02:59.606168+00:00,node_3,11.739337,OK,normal,normal,0.0,0.0
run_0027,5,2023-11-15T09:03:19.878167+00:00,node_1,11.720546,OK,normal,normal,0,0
run_0027,5,2023-11-15T09:03:20.063992+00:00,node_2,12.024108,OK,normal,normal,0,0
run_0027,5,2023-11-15T09:03:19.973779+00:00,node_3,11.790851,OK,normal,normal,0,0
run_0027,6,2023-11-15T09:03:40.186718+00:00,node_1,11.683694,OK,normal,normal,0,0
run_0027,6,2023-11-15T09:03:40.414714+00:00,node_2,11.287293,OK,normal,normal,0,0
run_0027,6,2023-11-15T09:03:40.341675+00:00,node_3,12.051276,OK,normal,normal,0,0
run_0027,7,2023-11-15T09:04:00.390626+00:00,node_1,11.475801,OK,normal,normal,0,0
run_0027,7,2023-11-15T09:04:00.407800+00:00,node_2,11.519162,OK,normal,normal,0,0
run_0027,7,2023-11-15T09:04:00.550497+00:00,node_3,11.883968,OK,normal,normal,0,0
run_0027,8,2023-11-15T09:04:20.581921+00:00,node_1,11.198677,OK,normal,normal,0,0
run_0027,8,2023-11-15T09:04:20.638163+00:00,node_2,11.280437,OK,normal,normal,0,0
run_0027,8,2023-11-15T09:04:20.806082+00:00,node_3,11.447814,OK,normal,normal,0,0
run_0027,9,2023-11-15T09:04:41.041967+00:00,node_1,11.883712,OK,normal,normal,0,0
run_0027,9,2023-11-15T09:04:40.853591+00:00,node_2,11.38407,OK,normal,normal,0,0
run_0027,9,2023-11-15T09:04:41.172889+00:00,node_3,11.730049,OK,normal,normal,0,0
run_0027,10,2023-11-15T09:05:01.288537+00:00,node_1,11.666374,OK,normal,normal,0,0
run_0027,10,2023-11-15T09:05:01.274665+00:00,node_2,12.090621,OK,normal,normal,0,0
run_0027,10,2023-11-15T09:05:01.322177+00:00,node_3,11.874145,OK,normal,normal,0,0
run_0027,11,2023-11-15T09:05:21.262413+00:00,node_1,11.823424,OK,normal,normal,0,0
run_0027,11,2023-11-15T09:05:21.602203+00:00,node_2,11.126294,OK,normal,normal,0,0
run_0027,11,2023-11-15T09:05:21.624614+00:00,node_3,11.918298,OK,normal,normal,0,0
run_0027,12,2023-11-15T09:05:41.593576+00:00,node_1,11.404945,OK,normal,normal,0,0
run_0027,12,2023-11-15T09:05:41.744302+00:00,node_2,11.74946,OK,normal,normal,0,0
run_0027,12,2023-11-15T09:05:41.858266+00:00,node_3,11.865183,OK,normal,normal,0,0
run_0027,13,2023-11-15T09:06:01.639794+00:00,node_1,11.977525,OK,normal,normal,0,0
run_0027,13,2023-11-15T09:06:01.869169+00:00,node_2,11.516243,OK,normal,normal,0,0
run_0027,13,2023-11-15T09:06:01.586475+00:00,node_3,11.463007,OK,normal,normal,0,0
run_0027,14,2023-11-15T09:06:21.572644+00:00,node_1,11.897694,OK,normal,normal,0,0
run_0027,14,2023-11-15T09:06:21.740182+00:00,node_2,11.73849,OK,normal,normal,0,0
run_0027,14,2023-11-15T09:06:21.512056+00:00,node_3,12.095709,OK,normal,normal,0,0
run_0027,15,2023-11-15T09:06:41.795785+00:00,node_1,11.461069,OK,normal,normal,0,0
run_0027,15,2023-11-15T09:06:41.512349+00:00,node_2,11.895986,OK,normal,normal,0,0
run_0027,15,2023-11-15T09:06:41.527250+00:00,node_3,11.414703,OK,normal,normal,0,0
run_0027,16,2023-11-15T09:07:01.459543+00:00,node_1,11.555613,OK,normal,normal,0,0
run_0027,16,2023-11-15T09:07:01.441417+00:00,node_2,11.238117,OK,normal,normal,0,0
run_0027,16,2023-11-15T09:07:01.681954+00:00,node_3,11.593733,OK,normal,normal,0,0
run_0027,17,2023-11-15T09:07:21.943065+00:00,node_1,11.529598,OK,normal,normal,0,0
run_0027,17,2023-11-15T09:07:21.989770+00:00,node_2,11.531179,OK,normal,normal,0,0
run_0027,17,2023-11-15T09:07:21.997194+00:00,node_3,11.563806,OK,normal,normal,0,0
run_0027,18,2023-11-15T09:07:41.950570+00:00,node_1,11.322855,OK,normal,normal,0,0
run_0027,18,2023-11-15T09:07:41.654389+00:00,node_2,11.590231,OK,normal,normal,0,0
run_0027,18,2023-11-15T09:07:41.643185+00:00,node_3,11.44758,OK,normal,normal,0,0
run_0027,19,2023-11-15T09:08:01.577272+00:00,node_1,11.048899,OK,normal,normal,0,0
run_0027,19,2023-11-15T09:08:01.620757+00:00,node_2,11.736763,OK,normal,normal,0,0
run_0027,19,2023-11-15T09:08:01.661052+00:00,node_3,11.78957,OK,normal,normal,0,0
run_0027,20,2023-11-15T09:08:21.555200+00:00,node_1,11.625018,OK,normal,normal,0,0
run_0027,20,2023-11-15T09:08:21.468816+00:00,node_2,11.973527,OK,normal,normal,0,0
run_0027,20,2023-11-15T09:08:21.486968+00:00,node_3,11.137967,OK,normal,normal,0,0
run_0027,21,2023-11-15T09:08:41.725047+00:00,node_1,11.353639,OK,normal,normal,0,0
run_0027,21,2023-11-15T09:08:41.699717+00:00,node_2,11.640847,OK,normal,normal,0,0
run_0027,21,2023-11-15T09:08:41.668641+00:00,node_3,11.900701,OK,normal,normal,0,0
run_0027,22,2023-11-15T09:09:01.400094+00:00,node_1,11.552651,OK,normal,normal,0,0
run_0027,22,2023-11-15T09:09:01.258509+00:00,node_2,11.37999,OK,normal,normal,0,0
run_0027,22,2023-11-15T09:09:01.466301+00:00,node_3,11.844283,OK,normal,normal,0,0
run_0027,23,2023-11-15T09:09:21.564751+00:00,node_1,11.279226,OK,normal,normal,0,0
run_0027,23,2023-11-15T09:09:21.839934+00:00,node_2,11.674612,OK,normal,normal,0,0
run_0027,23,2023-11-15T09:09:21.723803+00:00,node_3,11.618811,OK,normal,normal,0,0
run_0027,24,2023-11-15T09:09:41.574504+00:00,node_1,11.214638,OK,normal,normal,0,0
run_0027,24,2023-11-15T09:09:41.754974+00:00,node_2,11.381672,OK,normal,normal,0,0
run_0027,24,2023-11-15T09:09:41.508065+00:00,node_3,11.225183,OK,normal,normal,0,0
run_0027,25,2023-11-15T09:10:01.630973+00:00,node_1,11.004277,OK,normal,normal,0,0
run_0027,25,2023-11-15T09:10:01.804949+00:00,node_2,11.403294,OK,normal,normal,0,0
run_0027,25,2023-11-15T09:10:01.766670+00:00,node_3,11.270812,OK,normal,normal,0,0
run_0027,26,2023-11-15T09:10:22.393884+00:00,node_1,10.866278,OK,normal,normal,0,0
run_0027,26,2023-11-15T09:10:22.268618+00:00,node_2,11.016642,OK,normal,normal,0,0
run_0027,26,2023-11-15T09:10:22.393584+00:00,node_3,11.219233,OK,normal,normal,0,0
run_0027,27,2023-11-15T09:10:42.316846+00:00,node_1,11.414686,OK,normal,normal,0,0
run_0027,27,2023-11-15T09:10:42.546131+00:00,node_2,11.168538,OK,normal,normal,0,0
run_0027,27,2023-11-15T09:10:42.361139+00:00,node_3,11.145802,OK,normal,normal,0,0
run_0027,28,2023-11-15T09:11:02.230379+00:00,node_1,11.000036,OK,normal,normal,0,0
run_0027,28,2023-11-15T09:11:02.091363+00:00,node_2,11.484291,OK,normal,normal,0,0
run_0027,28,2023-11-15T09:11:01.973828+00:00,node_3,11.055846,OK,normal,normal,0,0
run_0027,29,2023-11-15T09:11:21.676328+00:00,node_1,11.103863,OK,normal,normal,0,0
run_0027,29,2023-11-15T09:11:21.912527+00:00,node_2,11.332457,OK,normal,normal,0,0
run_0027,29,2023-11-15T09:11:21.622052+00:00,node_3,11.694154,OK,normal,normal,0,0
run_0027,30,2023-11-15T09:11:42.194559+00:00,node_1,11.062003,OK,normal,normal,0,0
run_0027,30,2023-11-15T09:11:41.970010+00:00,node_2,11.524637,OK,normal,normal,0,0
run_0027,30,2023-11-15T09:11:42.135829+00:00,node_3,11.702967,OK,normal,normal,0,0
run_0027,31,2023-11-15T09:12:02.211807+00:00,node_1,11.781879,OK,normal,normal,0.0,0.0
run_0027,31,2023-11-15T09:12:02.399992+00:00,node_2,12.014466,OK,normal,normal,0.0,0.0
run_0027,31,2023-11-15T09:12:02.377310+00:00,node_3,11.684524,OK,normal,normal,0.0,0.0
run_0027,32,2023-11-15T09:12:22.529332+00:00,node_1,11.090409,OK,normal,normal,0.0,0.0
run_0027,32,2023-11-15T09:12:22.790929+00:00,node_2,11.246845,OK,normal,normal,0.0,0.0
run_0027,32,2023-11-15T09:12:22.897557+00:00,node_3,11.560827,OK,normal,normal,0.0,0.0
run_0027,33,2023-11-15T09:12:42.956103+00:00,node_1,11.475518,OK,normal,normal,0.0,0.0
run_0027,33,2023-11-15T09:12:42.983931+00:00,node_2,10.997177,OK,normal,normal,0.0,0.0
run_0027,33,2023-11-15T09:12:42.898097+00:00,node_3,10.949991,OK,normal,normal,0.0,0.0
run_0027,34,2023-11-15T09:13:02.506145+00:00,node_1,11.087203,OK,normal,normal,0.0,0.0
run_0027,34,2023-11-15T09:13:02.725662+00:00,node_2,11.468712,OK,normal,normal,0.0,0.0
run_0027,34,2023-11-15T09:13:02.662045+00:00,node_3,11.439786,OK,normal,normal,0.0,0.0
run_0027,35,2023-11-15T09:13:22.186057+00:00,node_1,11.097294,OK,normal,normal,0.0,0.0
run_0027,35,2023-11-15T09:13:22.149005+00:00,node_2,11.19276,OK,normal,normal,0.0,0.0
run_0027,35,2023-11-15T09:13:22.270243+00:00,node_3,10.872762,OK,normal,normal,0.0,0.0
run_0028,0,2023-11-15T09:25:40.452251+00:00,node_1,8.175244,OK,normal,normal,0.0,0.0
run_0028,0,2023-11-15T09:25:40.341671+00:00,node_2,8.468301,OK,normal,normal,0.0,0.0
run_0028,0,2023-11-15T09:25:40.451983+00:00,node_3,8.296721,OK,normal,normal,0.0,0.0
run_0028,1,2023-11-15T09:26:00.403455+00:00,node_1,8.161147,OK,normal,normal,0.0,0.0
run_0028,1,2023-11-15T09:26:00.419150+00:00,node_2,8.19055,OK,normal,normal,0.0,0.0
run_0028,1,2023-11-15T09:26:00.504227+00:00,node_3,8.099336,OK,normal,normal,0.0,0.0
run_0028,2,2023-11-15T09:26:20.508012+00:00,node_1,8.503404,OK,normal,normal,0.0,0.0
run_0028,2,2023-11-15T09:26:20.485255+00:00,node_2,8.00251,OK,normal,normal,0.0,0.0
run_0028,2,2023-11-15T09:26:20.487563+00:00,node_3,8.193815,OK,normal,normal,0.0,0.0
run_0028,3,2023-11-15T09:26:40.541601+00:00,node_1,8.4878,OK,normal,normal,0.0,0.0
run_0028,3,2023-11-15T09:26:40.403480+00:00,node_2,8.741985,OK,normal,normal,0.0,0.0
run_0028,3,2023-11-15T09:26:40.346445+00:00,node_3,8.401955,OK,normal,normal,0.0,0.0
run_0028,4,2023-11-15T09:27:00.236597+00:00,node_1,8.319796,OK,normal,normal,0.0,0.0
run_0028,4,2023-11-15T09:27:00.444340+00:00,node_2,7.997734,OK,normal,normal,0.0,0.0
run_0028,4,2023-11-15T09:27:00.549683+00:00,node_3,8.504998,OK,normal,normal,0.0,0.0
run_0028,5,2023-11-15T09:27:20.641929+00:00,node_1,8.264577,OK,normal,minor,0,5.994412550719751
run_0028,5,2023-11-15T09:27:20.504735+00:00,node_2,7.701264,OK,normal,minor,0,5.994412550719751
run_0028,5,2023-11-15T09:27:20.579172+00:00,node_3,7.631307,OK,normal,minor,0,5.994412550719751
run_0028,6,2023-11-15T09:27:40.226600+00:00,node_1,8.536353,OK,normal,minor,0,5.994412550719751
run_0028,6,2023-11-15T09:27:40.464811+00:00,node_2,8.39216,OK,normal,minor,0,5.994412550719751
run_0028,6,2023-11-15T09:27:40.514729+00:00,node_3,7.972197,OK,normal,minor,0,5.994412550719751
run_0028,7,2023-11-15T09:28:00.264873+00:00,node_1,8.430325,OK,normal,minor,0,5.994412550719751
run_0028,7,2023-11-15T09:28:00.315463+00:00,node_2,8.21377,OK,normal,minor,0,5.994412550719751
run_0028,7,2023-11-15T09:28:00.366189+00:00,node_3,7.733566,OK,normal,minor,0,5.994412550719751
run_0028,8,2023-11-15T09:28:20.638075+00:00,node_1,8.285992,OK,normal,minor,0,5.994412550719751
run_0028,8,2023-11-15T09:28:20.750765+00:00,node_2,8.002074,OK,normal,minor,0,5.994412550719751
run_0028,8,2023-11-15T09:28:20.564627+00:00,node_3,7.853486,OK,normal,minor,0,5.994412550719751
run_0028,9,2023-11-15T09:28:40.799594+00:00,node_1,8.351199,OK,normal,minor,0,5.994412550719751
run_0028,9,2023-11-15T09:28:41.050747+00:00,node_2,8.171487,OK,normal,minor,0,5.994412550719751
run_0028,9,2023-11-15T09:28:40.964521+00:00,node_3,8.017208,OK,normal,minor,0,5.994412550719751
run_0028,10,2023-11-15T09:29:00.831744+00:00,node_1,8.80251,OK,normal,minor,0,5.994412550719751
run_0028,10,2023-11-15T09:29:00.689303+00:00,node_2,8.579814,OK,normal,minor,0,5.994412550719751
run_0028,10,2023-11-15T09:29:00.708141+00:00,node_3,7.899972,OK,normal,minor,0,5.994412550719751
run_0028,11,2023-11-15T09:29:20.602356+00:00,node_1,8.226545,OK,normal,minor,0,5.994412550719751
run_0028,11,2023-11-15T09:29:20.455586+00:00,node_2,8.130825,OK,normal,minor,0,5.994412550719751
run_0028,11,2023-11-15T09:29:20.693827+00:00,node_3,7.850706,OK,normal,minor,0,5.994412550719751
run_0028,12,2023-11-15T09:29:40.278350+00:00,node_1,8.305401,OK,normal,minor,0,5.994412550719751
run_0028,12,2023-11-15T09:29:40.197190+00:00,node_2,8.282914,OK,normal,minor,0,5.994412550719751
run_0028,12,2023-11-15T09:29:40.418228+00:00,node_3,7.735992,OK,normal,minor,0,5.994412550719751
run_0028,13,2023-11-15T09:30:00.183721+00:00,node_1,7.912589,OK,normal,minor,0,5.994412550719751
run_0028,13,2023-11-15T09:30:00.192754+00:00,node_2,7.965259,OK,normal,minor,0,5.994412550719751
run_0028,13,2023-11-15T09:30:00.215124+00:00,node_3,7.302062,OK,normal,minor,0,5.994412550719751
run_0028,14,2023-11-15T09:30:20.445219+00:00,node_1,8.46534,OK,normal,minor,0,5.994412550719751
run_0028,14,2023-11-15T09:30:20.676593+00:00,node_2,7.953287,OK,normal,minor,0,5.994412550719751
run_0028,14,2023-11-15T09:30:20.502066+00:00,node_3,7.835372,OK,normal,minor,0,5.994412550719751
run_0028,15,2023-11-15T09:30:40.416116+00:00,node_1,7.942089,OK,normal,minor,0,5.994412550719751
run_0028,15,2023-11-15T09:30:40.427283+00:00,node_2,8.26776,OK,normal,minor,0,5.994412550719751
run_0028,15,2023-11-15T09:30:40.415634+00:00,node_3,7.611455,OK,normal,minor,0,5.994412550719751
run_0028,16,2023-11-15T09:31:00.558295+00:00,node_1,7.996507,OK,normal,minor,0,5.994412550719751
run_0028,16,2023-11-15T09:31:00.367772+00:00,node_2,8.281143,OK,normal,minor,0,5.994412550719751
run_0028,16,2023-11-15T09:31:00.511609+00:00,node_3,7.523429,OK,normal,minor,0,5.994412550719751
run_0028,17,2023-11-15T09:31:20.752944+00:00,node_1,8.556504,OK,normal,minor,0,5.994412550719751
run_0028,17,2023-11-15T09:31:20.604663+00:00,node_2,7.975441,OK,normal,minor,0,5.994412550719751
run_0028,17,2023-11-15T09:31:20.810228+00:00,node_3,7.628653,OK,normal,minor,0,5.994412550719751
run_0028,18,2023-11-15T09:31:41.081836+00:00,node_1,7.94458,OK,normal,minor,0,5.994412550719751
run_0028,18,2023-11-15T09:31:40.863762+00:00,node_2,8.209917,OK,normal,minor,0,5.994412550719751
run_0028,18,2023-11-15T09:31:40.774723+00:00,node_3,7.531611,OK,normal,minor,0,5.994412550719751
run_0028,19,2023-11-15T09:32:00.468292+00:00,node_1,7.649741,OK,normal,minor,0,5.994412550719751
run_0028,19,2023-11-15T09:32:00.623911+00:00,node_2,8.263563,OK,normal,minor,0,5.994412550719751
run_0028,19,2023-11-15T09:32:00.599387+00:00,node_3,7.633658,OK,normal,minor,0,5.994412550719751
run_0028,20,2023-11-15T09:32:20.905202+00:00,node_1,8.072343,OK,normal,minor,0,5.994412550719751
run_0028,20,2023-11-15T09:32:20.907734+00:00,node_2,8.073038,OK,normal,minor,0,5.994412550719751
run_0028,20,2023-11-15T09:32:21.100911+00:00,node_3,7.44773,OK,normal,minor,0,5.994412550719751
run_0028,21,2023-11-15T09:32:41.258708+00:00,node_1,7.876491,OK,normal,minor,0,5.994412550719751
run_0028,21,2023-11-15T09:32:41.297858+00:00,node_2,8.239419,OK,normal,minor,0,5.994412550719751
run_0028,21,2023-11-15T09:32:41.293230+00:00,node_3,7.411855,OK,normal,minor,0,5.994412550719751
run_0028,22,2023-11-15T09:33:01.592276+00:00,node_1,8.318128,OK,normal,minor,0,5.994412550719751
run_0028,22,2023-11-15T09:33:01.423173+00:00,node_2,8.185123,OK,normal,minor,0,5.994412550719751
run_0028,22,2023-11-15T09:33:01.455606+00:00,node_3,7.287212,OK,normal,minor,0,5.994412550719751
run_0028,23,2023-11-15T09:33:21.650599+00:00,node_1,8.085242,OK,normal,minor,0,5.994412550719751
run_0028,23,2023-11-15T09:33:21.327876+00:00,node_2,8.006942,OK,normal,minor,0,5.994412550719751
run_0028,23,2023-11-15T09:33:21.633591+00:00,node_3,7.629361,OK,normal,minor,0,5.994412550719751
run_0028,24,2023-11-15T09:33:41.458088+00:00,node_1,11.882277,OK,normal,minor,0,5.994412550719751
run_0028,24,2023-11-15T09:33:41.408681+00:00,node_2,12.144913,OK,normal,minor,0,5.994412550719751
run_0028,24,2023-11-15T09:33:41.524423+00:00,node_3,11.380967,OK,normal,minor,0,5.994412550719751
run_0028,25,2023-11-15T09:34:01.639324+00:00,node_1,11.99921,OK,normal,minor,0,5.994412550719751
run_0028,25,2023-11-15T09:34:01.749443+00:00,node_2,11.928611,OK,normal,minor,0,5.994412550719751
run_0028,25,2023-11-15T09:34:01.608891+00:00,node_3,11.499861,OK,normal,minor,0,5.994412550719751
run_0028,26,2023-11-15T09:34:21.696053+00:00,node_1,11.766509,OK,normal,minor,0,5.994412550719751
run_0028,26,2023-11-15T09:34:21.612861+00:00,node_2,12.139292,OK,normal,minor,0,5.994412550719751
run_0028,26,2023-11-15T09:34:21.561068+00:00,node_3,11.238921,OK,normal,minor,0,5.994412550719751
run_0028,27,2023-11-15T09:34:41.391914+00:00,node_1,11.647433,OK,normal,minor,0,5.994412550719751
run_0028,27,2023-11-15T09:34:41.324820+00:00,node_2,12.256604,OK,normal,minor,0,5.994412550719751
run_0028,27,2023-11-15T09:34:41.392170+00:00,node_3,11.08731,OK,normal,minor,0,5.994412550719751
run_0028,28,2023-11-15T09:35:01.137155+00:00,node_1,11.806711,OK,normal,minor,0,5.994412550719751
run_0028,28,2023-11-15T09:35:01.126392+00:00,node_2,11.845831,OK,normal,minor,0,5.994412550719751
run_0028,28,2023-11-15T09:35:00.993680+00:00,node_3,11.179914,OK,normal,minor,0,5.994412550719751
run_0028,29,2023-11-15T09:35:21.176448+00:00,node_1,12.070476,OK,normal,minor,0,5.994412550719751
run_0028,29,2023-11-15T09:35:21.381352+00:00,node_2,11.676124,OK,normal,minor,0,5.994412550719751
run_0028,29,2023-11-15T09:35:21.100212+00:00,node_3,11.17973,OK,normal,minor,0,5.994412550719751
run_0028,30,2023-11-15T09:35:41.149087+00:00,node_1,11.727025,OK,normal,minor,0,5.994412550719751
run_0028,30,2023-11-15T09:35:41.355797+00:00,node_2,11.616799,OK,normal,minor,0,5.994412550719751
run_0028,30,2023-11-15T09:35:41.086978+00:00,node_3,11.212375,OK,normal,minor,0,5.994412550719751
run_0028,31,2023-11-15T09:36:01.056815+00:00,node_1,11.944795,OK,normal,normal,0.0,0.0
run_0028,31,2023-11-15T09:36:00.838842+00:00,node_2,11.974287,OK,normal,normal,0.0,0.0
run_0028,31,2023-11-15T09:36:00.950963+00:00,node_3,11.794843,OK,normal,normal,0.0,0.0
run_0028,32,2023-11-15T09:36:21.111489+00:00,node_1,12.066404,OK,normal,normal,0.0,0.0
run_0028,32,2023-11-15T09:36:21.021395+00:00,node_2,11.910963,OK,normal,normal,0.0,0.0
run_0028,32,2023-11-15T09:36:21.197197+00:00,node_3,11.45661,OK,normal,normal,0.0,0.0
run_0028,33,2023-11-15T09:36:41.534078+00:00,node_1,11.684578,OK,normal,normal,0.0,0.0
run_0028,33,2023-11-15T09:36:41.240005+00:00,node_2,11.57992,OK,normal,normal,0.0,0.0
run_0028,33,2023-11-15T09:36:41.205314+00:00,node_3,11.7546,OK,normal,normal,0.0,0.0
run_0028,34,2023-11-15T09:37:01.015889+00:00,node_1,11.72439,OK,normal,normal,0.0,0.0
run_0028,34,2023-11-15T09:37:01.311862+00:00,node_2,11.606405,OK,normal,normal,0.0,0.0
run_0028,34,2023-11-15T09:37:01.216259+00:00,node_3,11.522914,OK,normal,normal,0.0,0.0
run_0028,35,2023-11-15T09:37:21.173109+00:00,node_1,12.073762,OK,normal,normal,0.0,0.0
run_0028,35,2023-11-15T09:37:21.073245+00:00,node_2,11.787042,OK,normal,normal,0.0,0.0
run_0028,35,2023-11-15T09:37:20.968536+00:00,node_3,11.937034,OK,normal,normal,0.0,0.0
run_0029,0,2023-11-15T09:49:39.839188+00:00,node_1,10.888029,OK,normal,normal,0.0,0.0
run_0029,0,2023-11-15T09:49:39.955751+00:00,node_2,11.151588,OK,normal,normal,0.0,0.0
run_0029,0,2023-11-15T09:49:39.795208+00:00,node_3,11.306429,OK,normal,normal,0.0,0.0
run_0029,1,2023-11-15T09:49:59.681658+00:00,node_1,11.435919,OK,normal,normal,0.0,0.0
run_0029,1,2023-11-15T09:49:59.836833+00:00,node_2,11.846049,OK,normal,normal,0.0,0.0
run_0029,1,2023-11-15T09:49:59.912899+00:00,node_3,11.311041,OK,normal,normal,0.0,0.0
run_0029,2,2023-11-15T09:50:19.461638+00:00,node_1,11.443947,OK,normal,normal,0.0,0.0
run_0029,2,2023-11-15T09:50:19.473531+00:00,node_2,11.271851,OK,normal,normal,0.0,0.0
run_0029,2,2023-11-15T09:50:19.530738+00:00,node_3,11.274458,OK,normal,normal,0.0,0.0
run_0029,3,2023-11-15T09:50:39.454649+00:00,node_1,11.130214,OK,normal,normal,0.0,0.0
run_0029,3,2023-11-15T09:50:39.514181+00:00,node_2,11.251872,OK,normal,normal,0.0,0.0
run_0029,3,2023-11-15T09:50:39.474887+00:00,node_3,11.511833,OK,normal,normal,0.0,0.0
run_0029,4,2023-11-15T09:50:59.282898+00:00,node_1,11.350365,OK,normal,normal,0.0,0.0
run_0029,4,2023-11-15T09:50:59.348389+00:00,node_2,11.403038,OK,normal,normal,0.0,0.0
run_0029,4,2023-11-15T09:50:59.025301+00:00,node_3,11.605505,OK,normal,normal,0.0,0.0
run_0029,5,2023-11-15T09:51:18.854611+00:00,node_1,11.297979,OK,normal,major,0,31.18385927124516
run_0029,5,2023-11-15T09:51:18.953576+00:00,node_2,11.408633,OK,normal,major,0,31.18385927124516
run_0029,5,2023-11-15T09:51:19.077658+00:00,node_3,7.854699,OK,normal,major,0,31.18385927124516
run_0029,6,2023-11-15T09:51:38.909361+00:00,node_1,11.096093,OK,normal,major,0,31.18385927124516
run_0029,6,2023-11-15T09:51:38.857937+00:00,node_2,11.106525,OK,normal,major,0,31.18385927124516
run_0029,6,2023-11-15T09:51:38.681851+00:00,node_3,7.773376,OK,normal,major,0,31.18385927124516
run_0029,7,2023-11-15T09:51:58.802112+00:00,node_1,11.258846,OK,normal,major,0,31.18385927124516
run_0029,7,2023-11-15T09:51:58.869948+00:00,node_2,11.566331,OK,normal,major,0,31.18385927124516
run_0029,7,2023-11-15T09:51:58.766819+00:00,node_3,7.961088,OK,normal,major,0,31.18385927124516
run_0029,8,2023-11-15T09:52:18.287376+00:00,node_1,10.782149,OK,normal,major,0,31.18385927124516
run_0029,8,2023-11-15T09:52:18.547565+00:00,node_2,11.087632,OK,normal,major,0,31.18385927124516
run_0029,8,2023-11-15T09:52:18.653282+00:00,node_3,7.735021,OK,normal,major,0,31.18385927124516
run_0029,9,2023-11-15T09:52:38.095706+00:00,node_1,11.242854,OK,normal,major,0,31.18385927124516
run_0029,9,2023-11-15T09:52:38.369853+00:00,node_2,11.156712,OK,normal,major,0,31.18385927124516
run_0029,9,2023-11-15T09:52:38.360399+00:00,node_3,7.763294,OK,normal,major,0,31.18385927124516
run_0029,10,2023-11-15T09:52:58.523868+00:00,node_1,11.363291,OK,normal,major,0,31.18385927124516
run_0029,10,2023-11-15T09:52:58.371559+00:00,node_2,11.347519,OK,normal,major,0,31.18385927124516
run_0029,10,2023-11-15T09:52:58.512077+00:00,node_3,7.551521,OK,normal,major,0,31.18385927124516
run_0029,11,2023-11-15T09:53:18.929203+00:00,node_1,11.298729,OK,normal,major,0,31.18385927124516
run_0029,11,2023-11-15T09:53:18.707719+00:00,node_2,11.271943,OK,normal,major,0,31.18385927124516
run_0029,11,2023-11-15T09:53:18.916011+00:00,node_3,7.716816,OK,normal,major,0,31.18385927124516
run_0029,12,2023-11-15T09:53:39.198931+00:00,node_1,10.583929,OK,normal,major,0,31.18385927124516
run_0029,12,2023-11-15T09:53:38.991261+00:00,node_2,11.205059,OK,normal,major,0,31.18385927124516
run_0029,12,2023-11-15T09:53:39.225344+00:00,node_3,7.161396,OK,normal,major,0,31.18385927124516
run_0029,13,2023-11-15T09:53:58.940971+00:00,node_1,10.600484,OK,normal,major,0,31.18385927124516
run_0029,13,2023-11-15T09:53:58.919497+00:00,node_2,10.876916,OK,normal,major,0,31.18385927124516
run_0029,13,2023-11-15T09:53:59.111062+00:00,node_3,7.539693,OK,normal,major,0,31.18385927124516
run_0029,14,2023-11-15T09:54:19.418799+00:00,node_1,10.590461,OK,normal,major,0,31.18385927124516
run_0029,14,2023-11-15T09:54:19.223832+00:00,node_2,10.649957,OK,normal,major,0,31.18385927124516
run_0029,14,2023-11-15T09:54:19.418999+00:00,node_3,7.443477,OK,normal,major,0,31.18385927124516
run_0029,15,2023-11-15T09:54:39.272705+00:00,node_1,10.870669,OK,normal,major,0,31.18385927124516
run_0029,15,2023-11-15T09:54:39.530859+00:00,node_2,10.941673,OK,normal,major,0,31.18385927124516
run_0029,15,2023-11-15T09:54:39.548317+00:00,node_3,7.478202,OK,normal,major,0,31.18385927124516
run_0029,16,2023-11-15T09:54:59.093369+00:00,node_1,10.526082,OK,normal,major,0,31.18385927124516
run_0029,16,2023-11-15T09:54:58.994326+00:00,node_2,10.955123,OK,normal,major,0,31.18385927124516
run_0029,16,2023-11-15T09:54:59.132751+00:00,node_3,7.302176,OK,normal,major,0,31.18385927124516
run_0029,17,2023-11-15T09:55:19.360079+00:00,node_1,10.852623,OK,normal,major,0,31.18385927124516
run_0029,17,2023-11-15T09:55:19.241231+00:00,node_2,10.469421,OK,normal,major,0,31.18385927124516
run_0029,17,2023-11-15T09:55:19.322487+00:00,node_3,7.36777,OK,normal,major,0,31.18385927124516
run_0029,18,2023-11-15T09:55:39.267174+00:00,node_1,11.048481,OK,normal,major,0,31.18385927124516
run_0029,18,2023-11-15T09:55:39.008296+00:00,node_2,11.026322,OK,normal,major,0,31.18385927124516
run_0029,18,2023-11-15T09:55:39.326244+00:00,node_3,7.904046,OK,normal,major,0,31.18385927124516
run_0029,19,2023-11-15T09:55:59.279718+00:00,node_1,10.857196,OK,normal,major,0,31.18385927124516
run_0029,19,2023-11-15T09:55:59.120305+00:00,node_2,11.200535,OK,normal,major,0,31.18385927124516
run_0029,19,2023-11-15T09:55:59.229043+00:00,node_3,7.676747,OK,normal,major,0,31.18385927124516
run_0029,20,2023-11-15T09:56:19.590272+00:00,node_1,10.550575,OK,normal,major,0,31.18385927124516
run_0029,20,2023-11-15T09:56:19.496199+00:00,node_2,10.794951,OK,normal,major,0,31.18385927124516
run_0029,20,2023-11-15T09:56:19.586627+00:00,node_3,7.531661,OK,normal,major,0,31.18385927124516
run_0029,21,2023-11-15T09:56:39.756366+00:00,node_1,10.958426,OK,normal,major,0,31.18385927124516
run_0029,21,2023-11-15T09:56:39.503328+00:00,node_2,10.522996,OK,normal,major,0,31.18385927124516
run_0029,21,2023-11-15T09:56:39.538457+00:00,node_3,7.704059,OK,normal,major,0,31.18385927124516
run_0029,22,2023-11-15T09:56:59.410081+00:00,node_1,10.722847,OK,normal,major,0,31.18385927124516
run_0029,22,2023-11-15T09:56:59.222293+00:00,node_2,10.799619,OK,normal,major,0,31.18385927124516
run_0029,22,2023-11-15T09:56:59.279042+00:00,node_3,7.256253,OK,normal,major,0,31.18385927124516
run_0029,23,2023-11-15T09:57:18.983843+00:00,node_1,10.919973,OK,normal,major,0,31.18385927124516
run_0029,23,2023-11-15T09:57:19.319714+00:00,node_2,10.894113,OK,normal,major,0,31.18385927124516
run_0029,23,2023-11-15T09:57:19.344216+00:00,node_3,7.45542,OK,normal,major,0,31.18385927124516
run_0029,24,2023-11-15T09:57:38.877566+00:00,node_1,9.755416,OK,normal,major,0,31.18385927124516
run_0029,24,2023-11-15T09:57:38.966874+00:00,node_2,10.098283,OK,normal,major,0,31.18385927124516
run_0029,24,2023-11-15T09:57:38.941627+00:00,node_3,6.998466,OK,normal,major,0,31.18385927124516
run_0029,25,2023-11-15T09:57:58.785273+00:00,node_1,10.219454,OK,normal,major,0,31.18385927124516
run_0029,25,2023-11-15T09:57:58.757233+00:00,node_2,10.365885,OK,normal,major,0,31.18385927124516
run_0029,25,2023-11-15T09:57:59.138379+00:00,node_3,7.173189,OK,normal,major,0,31.18385927124516
run_0029,26,2023-11-15T09:58:19.253284+00:00,node_1,10.417141,OK,normal,major,0,31.18385927124516
run_0029,26,2023-11-15T09:58:19.310099+00:00,node_2,10.184908,OK,normal,major,0,31.18385927124516
run_0029,26,2023-11-15T09:58:19.343069+00:00,node_3,6.951974,OK,normal,major,0,31.18385927124516
run_0029,27,2023-11-15T09:58:39.135195+00:00,node_1,10.317677,OK,normal,major,0,31.18385927124516
run_0029,27,2023-11-15T09:58:39.324384+00:00,node_2,10.464113,OK,normal,major,0,31.18385927124516
run_0029,27,2023-11-15T09:58:39.122620+00:00,node_3,7.082668,OK,normal,major,0,31.18385927124516
run_0029,28,2023-11-15T09:58:59.537946+00:00,node_1,10.276894,OK,normal,major,0,31.18385927124516
run_0029,28,2023-11-15T09:58:59.698196+00:00,node_2,10.242305,OK,normal,major,0,31.18385927124516
run_0029,28,2023-11-15T09:58:59.342930+00:00,node_3,6.951385,OK,normal,major,0,31.18385927124516
run_0029,29,2023-11-15T09:59:19.365391+00:00,node_1,10.423892,OK,normal,major,0,31.18385927124516
run_0029,29,2023-11-15T09:59:19.628727+00:00,node_2,10.34187,OK,normal,major,0,31.18385927124516
run_0029,29,2023-11-15T09:59:19.604152+00:00,node_3,6.931126,OK,normal,major,0,31.18385927124516
run_0029,30,2023-11-15T09:59:39.005659+00:00,node_1,10.233705,OK,normal,major,0,31.18385927124516
run_0029,30,2023-11-15T09:59:39.211243+00:00,node_2,10.341069,OK,normal,major,0,31.18385927124516
run_0029,30,2023-11-15T09:59:39.012305+00:00,node_3,6.963537,OK,normal,major,0,31.18385927124516
run_0029,31,2023-11-15T09:59:59.545423+00:00,node_1,10.036489,OK,normal,normal,0.0,0.0
run_0029,31,2023-11-15T09:59:59.543465+00:00,node_2,10.365805,OK,normal,normal,0.0,0.0
run_0029,31,2023-11-15T09:59:59.575394+00:00,node_3,10.495423,OK,normal,normal,0.0,0.0
run_0029,32,2023-11-15T10:00:19.350821+00:00,node_1,9.960483,OK,normal,normal,0.0,0.0
run_0029,32,2023-11-15T10:00:19.390290+00:00,node_2,10.063836,OK,normal,normal,0.0,0.0
run_0029,32,2023-11-15T10:00:19.288489+00:00,node_3,10.208674,OK,normal,normal,0.0,0.0
run_0029,33,2023-11-15T10:00:39.400650+00:00,node_1,9.872619,OK,normal,normal,0.0,0.0
run_0029,33,2023-11-15T10:00:39.429559+00:00,node_2,10.650983,OK,normal,normal,0.0,0.0
run_0029,33,2023-11-15T10:00:39.632443+00:00,node_3,10.198915,OK,normal,normal,0.0,0.0
run_0029,34,2023-11-15T10:00:59.540525+00:00,node_1,10.263278,OK,normal,normal,0.0,0.0
run_0029,34,2023-11-15T10:00:59.457444+00:00,node_2,9.995292,OK,normal,normal,0.0,0.0
run_0029,34,2023-11-15T10:00:59.610141+00:00,node_3,10.092689,OK,normal,normal,0.0,0.0
run_0029,35,2023-11-15T10:01:19.121836+00:00,node_1,10.656799,OK,normal,normal,0.0,0.0
run_0029,35,2023-11-15T10:01:19.218620+00:00,node_2,10.173273,OK,normal,normal,0.0,0.0
run_0029,35,2023-11-15T10:01:19.326456+00:00,node_3,10.440937,OK,normal,normal,0.0,0.0
run_0030,0,2023-11-15T10:13:39.810235+00:00,node_1,10.666431,OK,normal,normal,0.0,0.0
run_0030,0,2023-11-15T10:13:39.750577+00:00,node_2,10.201751,OK,normal,normal,0.0,0.0
run_0030,0,2023-11-15T10:13:39.829112+00:00,node_3,10.457487,OK,normal,normal,0.0,0.0
run_0030,1,2023-11-15T10:13:59.833513+00:00,node_1,10.373015,OK,normal,normal,0.0,0.0
run_0030,1,2023-11-15T10:13:59.535346+00:00,node_2,10.520474,OK,normal,normal,0.0,0.0
run_0030,1,2023-11-15T10:13:59.931761+00:00,node_3,10.369194,OK,normal,normal,0.0,0.0
run_0030,2,2023-11-15T10:14:19.516284+00:00,node_1,10.277076,OK,normal,normal,0.0,0.0
run_0030,2,2023-11-15T10:14:19.487423+00:00,node_2,10.686516,OK,normal,normal,0.0,0.0
run_0030,2,2023-11-15T10:14:19.494632+00:00,node_3,10.528567,OK,normal,normal,0.0,0.0
run_0030,3,2023-11-15T10:14:39.744456+00:00,node_1,10.71113,OK,normal,normal,0.0,0.0
run_0030,3,2023-11-15T10:14:39.500130+00:00,node_2,11.099079,OK,normal,normal,0.0,0.0
run_0030,3,2023-11-15T10:14:39.734260+00:00,node_3,10.506312,OK,normal,normal,0.0,0.0
run_0030,4,2023-11-15T10:14:59.329409+00:00,node_1,11.123563,OK,normal,normal,0.0,0.0
run_0030,4,2023-11-15T10:14:59.433789+00:00,node_2,10.711165,OK,normal,normal,0.0,0.0
run_0030,4,2023-11-15T10:14:59.196497+00:00,node_3,10.731899,OK,normal,normal,0.0,0.0
run_0030,5,2023-11-15T10:15:19.543920+00:00,node_1,10.523593,OK,minor,normal,13.021409283878672,0
run_0030,5,2023-11-15T10:15:19.355042+00:00,node_2,9.281272,OK,minor,normal,13.021409283878672,0
run_0030,5,2023-11-15T10:15:19.240542+00:00,node_3,9.174283,OK,minor,normal,13.021409283878672,0
run_0030,6,2023-11-15T10:15:38.930484+00:00,node_1,10.344622,OK,minor,normal,13.021409283878672,0
run_0030,6,2023-11-15T10:15:39.169840+00:00,node_2,9.297882,OK,minor,normal,13.021409283878672,0
run_0030,6,2023-11-15T10:15:39.150023+00:00,node_3,9.40648,OK,minor,normal,13.021409283878672,0
run_0030,7,2023-11-15T10:15:59.022762+00:00,node_1,10.661689,OK,minor,normal,13.021409283878672,0
run_0030,7,2023-11-15T10:15:58.772558+00:00,node_2,9.169273,OK,minor,normal,13.021409283878672,0
run_0030,7,2023-11-15T10:15:59.062666+00:00,node_3,9.03566,OK,minor,normal,13.021409283878672,0
run_0030,8,2023-11-15T10:16:18.340245+00:00,node_1,10.356008,OK,minor,normal,13.021409283878672,0
run_0030,8,2023-11-15T10:16:18.686289+00:00,node_2,9.399413,OK,minor,normal,13.021409283878672,0
run_0030,8,2023-11-15T10:16:18.557561+00:00,node_3,8.976573,OK,minor,normal,13.021409283878672,0
run_0030,9,2023-11-15T10:16:38.883254+00:00,node_1,10.545881,OK,minor,normal,13.021409283878672,0
run_0030,9,2023-11-15T10:16:38.988762+00:00,node_2,9.218333,OK,minor,normal,13.021409283878672,0
run_0030,9,2023-11-15T10:16:38.808114+00:00,node_3,9.321909,OK,minor,normal,13.021409283878672,0
run_0030,10,2023-11-15T10:16:59.229471+00:00,node_1,10.739878,OK,minor,normal,13.021409283878672,0
run_0030,10,2023-11-15T10:16:59.280252+00:00,node_2,9.309009,OK,minor,normal,13.021409283878672,0
run_0030,10,2023-11-15T10:16:59.205572+00:00,node_3,9.359249,OK,minor,normal,13.021409283878672,0
run_0030,11,2023-11-15T10:17:19.380500+00:00,node_1,10.415369,OK,minor,normal,13.021409283878672,0
run_0030,11,2023-11-15T10:17:19.321154+00:00,node_2,9.066514,OK,minor,normal,13.021409283878672,0
run_0030,11,2023-11-15T10:17:19.576560+00:00,node_3,8.97195,OK,minor,normal,13.021409283878672,0
run_0030,12,2023-11-15T10:17:39.613818+00:00,node_1,8.834705,OK,minor,normal,13.021409283878672,0
run_0030,12,2023-11-15T10:17:39.485425+00:00,node_2,7.695384,OK,minor,normal,13.021409283878672,0
run_0030,12,2023-11-15T10:17:39.589169+00:00,node_3,7.609374,OK,minor,normal,13.021409283878672,0
run_0030,13,2023-11-15T10:17:59.148446+00:00,node_1,8.521264,OK,minor,normal,13.021409283878672,0
run_0030,13,2023-11-15T10:17:59.037744+00:00,node_2,7.381601,OK,minor,normal,13.021409283878672,0
run_0030,13,2023-11-15T10:17:59.132465+00:00,node_3,7.48244,OK,minor,normal,13.021409283878672,0
run_0030,14,2023-11-15T10:18:19.722218+00:00,node_1,8.611637,OK,minor,normal,13.021409283878672,0
run_0030,14,2023-11-15T10:18:19.783532+00:00,node_2,7.722565,OK,minor,normal,13.021409283878672,0
run_0030,14,2023-11-15T10:18:19.409519+00:00,node_3,7.598718,OK,minor,normal,13.021409283878672,0
run_0030,15,2023-11-15T10:18:39.369401+00:00,node_1,8.932188,OK,minor,normal,13.021409283878672,0
run_0030,15,2023-11-15T10:18:39.680988+00:00,node_2,7.650369,OK,minor,normal,13.021409283878672,0
run_0030,15,2023-11-15T10:18:39.572510+00:00,node_3,7.367181,OK,minor,normal,13.021409283878672,0
run_0030,16,2023-11-15T10:18:59.009752+00:00,node_1,8.846412,OK,minor,normal,13.021409283878672,0
run_0030,16,2023-11-15T10:18:59.204221+00:00,node_2,7.616808,OK,minor,normal,13.021409283878672,0
run_0030,16,2023-11-15T10:18:59.122196+00:00,node_3,7.470769,OK,minor,normal,13.021409283878672,0
run_0030,17,2023-11-15T10:19:19.099053+00:00,node_1,8.684159,OK,minor,normal,13.021409283878672,0
run_0030,17,2023-11-15T10:19:19.075754+00:00,node_2,7.373808,OK,minor,normal,13.021409283878672,0
run_0030,17,2023-11-15T10:19:19.325823+00:00,node_3,7.722108,OK,minor,normal,13.021409283878672,0
run_0030,18,2023-11-15T10:19:39.653490+00:00,node_1,8.562018,OK,minor,normal,13.021409283878672,0
run_0030,18,2023-11-15T10:19:39.552480+00:00,node_2,7.894392,OK,minor,normal,13.021409283878672,0
run_0030,18,2023-11-15T10:19:39.637448+00:00,node_3,7.984459,OK,minor,normal,13.021409283878672,0
run_0030,19,2023-11-15T10:19:59.781216+00:00,node_1,8.752473,OK,minor,normal,13.021409283878672,0
run_0030,19,2023-11-15T10:19:59.809456+00:00,node_2,7.624474,OK,minor,normal,13.021409283878672,0
run_0030,19,2023-11-15T10:19:59.639436+00:00,node_3,7.789234,OK,minor,normal,13.021409283878672,0
run_0030,20,2023-11-15T10:20:19.863147+00:00,node_1,8.608288,OK,minor,normal,13.021409283878672,0
run_0030,20,2023-11-15T10:20:19.840580+00:00,node_2,7.61962,OK,minor,normal,13.021409283878672,0
run_0030,20,2023-11-15T10:20:20.030735+00:00,node_3,7.592284,OK,minor,normal,13.021409283878672,0
run_0030,21,2023-11-15T10:20:40.125820+00:00,node_1,8.690761,OK,minor,normal,13.021409283878672,0
run_0030,21,2023-11-15T10:20:40.090215+00:00,node_2,7.28258,OK,minor,normal,13.021409283878672,0
run_0030,21,2023-11-15T10:20:39.812504+00:00,node_3,7.515209,OK,minor,normal,13.021409283878672,0
run_0030,22,2023-11-15T10:20:59.517518+00:00,node_1,9.0916,OK,minor,normal,13.021409283878672,0
run_0030,22,2023-11-15T10:20:59.488620+00:00,node_2,7.583496,OK,minor,normal,13.021409283878672,0
run_0030,22,2023-11-15T10:20:59.524603+00:00,node_3,7.717359,OK,minor,normal,13.021409283878672,0
run_0030,23,2023-11-15T10:21:19.772892+00:00,node_1,8.966464,OK,minor,normal,13.021409283878672,0
run_0030,23,2023-11-15T10:21:19.726660+00:00,node_2,7.813334,OK,minor,normal,13.021409283878672,0
run_0030,23,2023-11-15T10:21:19.720068+00:00,node_3,7.465286,OK,minor,normal,13.021409283878672,0
run_0030,24,2023-11-15T10:21:40.068268+00:00,node_1,8.061209,OK,minor,normal,13.021409283878672,0
run_0030,24,2023-11-15T10:21:39.872161+00:00,node_2,7.215388,OK,minor,normal,13.021409283878672,0
run_0030,24,2023-11-15T10:21:40.063402+00:00,node_3,7.080307,OK,minor,normal,13.021409283878672,0
run_0030,25,2023-11-15T10:22:00.289481+00:00,node_1,8.262461,OK,minor,normal,13.021409283878672,0
run_0030,25,2023-11-15T10:22:00.360126+00:00,node_2,7.038146,OK,minor,normal,13.021409283878672,0
run_0030,25,2023-11-15T10:22:00.335349+00:00,node_3,7.315427,OK,minor,normal,13.021409283878672,0
run_0030,26,2023-11-15T10:22:20.530691+00:00,node_1,8.026778,OK,minor,normal,13.021409283878672,0
run_0030,26,2023-11-15T10:22:20.318461+00:00,node_2,7.392166,OK,minor,normal,13.021409283878672,0
run_0030,26,2023-11-15T10:22:20.265479+00:00,node_3,7.095883,OK,minor,normal,13.021409283878672,0
run_0030,27,2023-11-15T10:22:40.306533+00:00,node_1,8.276708,OK,minor,normal,13.021409283878672,0
run_0030,27,2023-11-15T10:22:40.378615+00:00,node_2,7.296548,OK,minor,normal,13.021409283878672,0
run_0030,27,2023-11-15T10:22:40.481672+00:00,node_3,7.219207,OK,minor,normal,13.021409283878672,0
run_0030,28,2023-11-15T10:23:00.460488+00:00,node_1,8.372119,OK,minor,normal,13.021409283878672,0
run_0030,28,2023-11-15T10:23:00.173292+00:00,node_2,7.406384,OK,minor,normal,13.021409283878672,0
run_0030,28,2023-11-15T10:23:00.224992+00:00,node_3,7.042017,OK,minor,normal,13.021409283878672,0
run_0030,29,2023-11-15T10:23:20.228248+00:00,node_1,8.216276,OK,minor,normal,13.021409283878672,0
run_0030,29,2023-11-15T10:23:19.962645+00:00,node_2,7.062935,OK,minor,normal,13.021409283878672,0
run_0030,29,2023-11-15T10:23:20.009628+00:00,node_3,7.161549,OK,minor,normal,13.021409283878672,0
run_0030,30,2023-11-15T10:23:39.935835+00:00,node_1,8.007708,OK,minor,normal,13.021409283878672,0
run_0030,30,2023-11-15T10:23:40.297890+00:00,node_2,6.976294,OK,minor,normal,13.021409283878672,0
run_0030,30,2023-11-15T10:23:40.067903+00:00,node_3,6.973064,OK,minor,normal,13.021409283878672,0
run_0030,31,2023-11-15T10:24:00.214602+00:00,node_1,8.140664,OK,normal,normal,0.0,0.0
run_0030,31,2023-11-15T10:23:59.975333+00:00,node_2,8.39864,OK,normal,normal,0.0,0.0
run_0030,31,2023-11-15T10:24:00.121669+00:00,node_3,8.052687,OK,normal,normal,0.0,0.0
run_0030,32,2023-11-15T10:24:19.653601+00:00,node_1,8.277328,OK,normal,normal,0.0,0.0
run_0030,32,2023-11-15T10:24:19.744178+00:00,node_2,8.159675,OK,normal,normal,0.0,0.0
run_0030,32,2023-11-15T10:24:19.802124+00:00,node_3,7.876826,OK,normal,normal,0.0,0.0
run_0030,33,2023-11-15T10:24:39.702481+00:00,node_1,8.101194,OK,normal,normal,0.0,0.0
run_0030,33,2023-11-15T10:24:39.407638+00:00,node_2,8.045769,OK,normal,normal,0.0,0.0
run_0030,33,2023-11-15T10:24:39.481535+00:00,node_3,8.386511,OK,normal,normal,0.0,0.0
run_0030,34,2023-11-15T10:24:59.341381+00:00,node_1,8.098636,OK,normal,normal,0.0,0.0
run_0030,34,2023-11-15T10:24:59.554266+00:00,node_2,8.041807,OK,normal,normal,0.0,0.0
run_0030,34,2023-11-15T10:24:59.432760+00:00,node_3,7.911706,OK,normal,normal,0.0,0.0
run_0030,35,2023-11-15T10:25:18.916174+00:00,node_1,7.952299,OK,normal,normal,0.0,0.0
run_0030,35,2023-11-15T10:25:19.014543+00:00,node_2,8.087471,OK,normal,normal,0.0,0.0
run_0030,35,2023-11-15T10:25:19.279598+00:00,node_3,7.96449,OK,normal,normal,0.0,0.0
run_0031,0,2023-11-15T10:37:39.905980+00:00,node_1,9.8244,OK,normal,normal,0.0,0.0
run_0031,0,2023-11-15T10:37:39.519460+00:00,node_2,9.679108,OK,normal,normal,0.0,0.0
run_0031,0,2023-11-15T10:37:39.698213+00:00,node_3,10.009971,OK,normal,normal,0.0,0.0
run_0031,1,2023-11-15T10:38:00.171781+00:00,node_1,10.077471,OK,normal,normal,0.0,0.0
run_0031,1,2023-11-15T10:38:00.175611+00:00,node_2,10.018359,OK,normal,normal,0.0,0.0
run_0031,1,2023-11-15T10:37:59.952068+00:00,node_3,9.983939,OK,normal,normal,0.0,0.0
run_0031,2,2023-11-15T10:38:19.960101+00:00,node_1,10.073353,OK,normal,normal,0.0,0.0
run_0031,2,2023-11-15T10:38:20.051601+00:00,node_2,10.391458,OK,normal,normal,0.0,0.0
run_0031,2,2023-11-15T10:38:19.826615+00:00,node_3,9.732063,OK,normal,normal,0.0,0.0
run_0031,3,2023-11-15T10:38:40.272724+00:00,node_1,10.048649,OK,normal,normal,0.0,0.0
run_0031,3,2023-11-15T10:38:40.331455+00:00,node_2,10.194247,OK,normal,normal,0.0,0.0
run_0031,3,2023-11-15T10:38:40.254289+00:00,node_3,9.757276,OK,normal,normal,0.0,0.0
run_0031,4,2023-11-15T10:39:00.209468+00:00,node_1,10.028734,OK,normal,normal,0.0,0.0
run_0031,4,2023-11-15T10:39:00.070525+00:00,node_2,9.822556,OK,normal,normal,0.0,0.0
run_0031,4,2023-11-15T10:39:00.171553+00:00,node_3,9.717245,OK,normal,normal,0.0,0.0
run_0031,5,2023-11-15T10:39:19.894341+00:00,node_1,9.678122,OK,minor,minor,8.165152893527356,6.505062795914792
run_0031,5,2023-11-15T10:39:19.916713+00:00,node_2,9.150608,OK,minor,minor,8.165152893527356,6.505062795914792
run_0031,5,2023-11-15T10:39:19.855015+00:00,node_3,8.198724,OK,minor,minor,8.165152893527356,6.505062795914792
run_0031,6,2023-11-15T10:39:40.236162+00:00,node_1,9.806047,OK,minor,minor,8.165152893527356,6.505062795914792
run_0031,6,2023-11-15T10:39:40.097867+00:00,node_2,9.18009,OK,minor,minor,8.165152893527356,6.505062795914792
run_0031,6,2023-11-15T10:39:40.084521+00:00,node_3,8.47985,OK,minor,minor,8.165152893527356,6.505062795914792
run_0031,7,2023-11-15T10:40:00.137932+00:00,node_1,9.784578,OK,minor,minor,8.165152893527356,6.505062795914792
run_0031,7,2023-11-15T10:39:59.999534+00:00,node_2,9.11834,OK,minor,minor,8.165152893527356,6.505062795914792
run_0031,7,2023-11-15T10:39:59.780095+00:00,node_3,8.484125,OK,minor,minor,8.165152893527356,6.505062795914792
run_0031,8,2023-11-15T10:40:19.780816+00:00,node_1,9.906767,OK,minor,minor,8.165152893527356,6.505062795914792
run_0031,8,2023-11-15T10:40:19.786794+00:00,node_2,8.93202,OK,minor,minor,8.165152893527356,6.505062795914792
run_0031,8,2023-11-15T10:40:19.648741+00:00,node_3,8.50732,OK,minor,minor,8.165152893527356,6.505062795914792
run_0031,9,2023-11-15T10:40:40.301224+00:00,node_1,9.826183,OK,minor,minor,8.165152893527356,6.505062795914792
run_0031,9,2023-11-15T10:40:39.976099+00:00,node_2,9.017049,OK,minor,minor,8.165152893527356,6.505062795914792
run_0031,9,2023-11-15T10:40:40.122915+00:00,node_3,8.242312,OK,minor,minor,8.165152893527356,6.505062795914792
run_0031,10,2023-11-15T10:40:59.858006+00:00,node_1,10.246518,OK,minor,minor,8.165152893527356,6.505062795914792
run_0031,10,2023-11-15T10:40:59.918093+00:00,node_2,9.199043,OK,minor,minor,8.165152893527356,6.505062795914792
run_0031,10,2023-11-15T10:40:59.848828+00:00,node_3,8.187068,OK,minor,minor,8.165152893527356,6.505062795914792
run_0031,11,2023-11-15T10:41:20.133706+00:00,node_1,9.886427,OK,minor,minor,8.165152893527356,6.505062795914792
run_0031,11,2023-11-15T10:41:20.400370+00:00,node_2,8.81097,OK,minor,minor,8.165152893527356,6.505062795914792
run_0031,11,2023-11-15T10:41:20.312335+00:00,node_3,8.676843,OK,minor,minor,8.165152893527356,6.505062795914792
run_0031,12,2023-11-15T10:41:40.329824+00:00,node_1,11.925435,OK,minor,minor,8.165152893527356,6.505062795914792
run_0031,12,2023-11-15T10:41:40.271848+00:00,node_2,11.048251,OK,minor,minor,8.165152893527356,6.505062795914792
run_0031,12,2023-11-15T10:41:40.260961+00:00,node_3,10.500066,OK,minor,minor,8.165152893527356,6.505062795914792
run_0031,13,2023-11-15T10:42:00.393653+00:00,node_1,12.192718,OK,minor,minor,8.165152893527356,6.505062795914792
run_0031,13,2023-11-15T10:42:00.209622+00:00,node_2,11.168949,OK,minor,minor,8.165152893527356,6.505062795914792
run_0031,13,2023-11-15T10:42:00.177672+00:00,node_3,10.63031,OK,minor,minor,8.165152893527356,6.505062795914792
run_0031,14,2023-11-15T10:42:19.934950+00:00,node_1,11.644583,OK,minor,minor,8.165152893527356,6.505062795914792
run_0031,14,2023-11-15T10:42:19.933301+00:00,node_2,11.006828,OK,minor,minor,8.165152893527356,6.505062795914792
run_0031,14,2023-11-15T10:42:19.786465+00:00,node_3,9.823594,OK,minor,minor,8.165152893527356,6.505062795914792
run_0031,15,2023-11-15T10:42:39.762004+00:00,node_1,11.8764,OK,minor,minor,8.165152893527356,6.505062795914792
run_0031,15,2023-11-15T10:42:39.962013+00:00,node_2,10.648258,OK,minor,minor,8.165152893527356,6.505062795914792
run_0031,15,2023-11-15T10:42:39.735825+00:00,node_3,10.330183,OK,minor,minor,8.165152893527356,6.505062795914792
run_0031,16,2023-11-15T10:43:00.043720+00:00,node_1,11.86407,OK,minor,minor,8.165152893527356,6.505062795914792
run_0031,16,2023-11-15T10:43:00.072241+00:00,node_2,10.910664,OK,minor,minor,8.165152893527356,6.505062795914792
run_0031,16,2023-11-15T10:43:00.143359+00:00,node_3,10.097894,OK,minor,minor,8.165152893527356,6.505062795914792
run_0031,17,2023-11-15T10:43:19.896024+00:00,node_1,12.401941,OK,minor,minor,8.165152893527356,6.505062795914792
run_0031,17,2023-11-15T10:43:20.089267+00:00,node_2,10.744996,OK,minor,minor,8.165152893527356,6.505062795914792
run_0031,17,2023-11-15T10:43:20.091675+00:00,node_3,10.160553,OK,minor,minor,8.165152893527356,6.505062795914792
run_0031,18,2023-11-15T10:43:40.367559+00:00,node_1,11.703057,OK,minor,minor,8.165152893527356,6.505062795914792
run_0031,18,2023-11-15T10:43:40.225311+00:00,node_2,10.657247,OK,minor,minor,8.165152893527356,6.505062795914792
run_0031,18,2023-11-15T10:43:40.034936+00:00,node_3,9.957099,OK,minor,minor,8.165152893527356,6.505062795914792
run_0031,19,2023-11-15T10:44:00.073856+00:00,node_1,11.801246,OK,minor,minor,8.165152893527356,6.505062795914792
run_0031,19,2023-11-15T10:44:00.158569+00:00,node_2,10.950409,OK,minor,minor,8.165152893527356,6.505062795914792
run_0031,19,2023-11-15T10:44:00.105430+00:00,node_3,10.111819,OK,minor,minor,8.165152893527356,6.505062795914792
run_0031,20,2023-11-15T10:44:20.240306+00:00,node_1,12.007927,OK,minor,minor,8.165152893527356,6.505062795914792
run_0031,20,2023-11-15T10:44:20.262049+00:00,node_2,11.336869,OK,minor,minor,8.165152893527356,6.505062795914792
run_0031,20,2023-11-15T10:44:20.506458+00:00,node_3,10.368951,OK,minor,minor,8.165152893527356,6.505062795914792
run_0031,21,2023-11-15T10:44:40.455147+00:00,node_1,12.312046,OK,minor,minor,8.165152893527356,6.505062795914792
run_0031,21,2023-11-15T10:44:40.203198+00:00,node_2,10.862787,OK,minor,minor,8.165152893527356,6.505062795914792
run_0031,21,2023-11-15T10:44:40.358644+00:00,node_3,10.169332,OK,minor,minor,8.165152893527356,6.505062795914792
run_0031,22,2023-11-15T10:45:00.614547+00:00,node_1,12.178512,OK,minor,minor,8.165152893527356,6.505062795914792
run_0031,22,2023-11-15T10:45:00.435644+00:00,node_2,10.741918,OK,minor,minor,8.165152893527356,6.505062795914792
run_0031,22,2023-11-15T10:45:00.280406+00:00,node_3,10.354022,OK,minor,minor,8.165152893527356,6.505062795914792
run_0031,23,2023-11-15T10:45:20.422230+00:00,node_1,11.854747,OK,minor,minor,8.165152893527356,6.505062795914792
run_0031,23,2023-11-15T10:45:20.471347+00:00,node_2,11.187303,OK,minor,minor,8.165152893527356,6.505062795914792
run_0031,23,2023-11-15T10:45:20.757158+00:00,node_3,10.252591,OK,minor,minor,8.165152893527356,6.505062795914792
run_0031,24,2023-11-15T10:45:40.393337+00:00,node_1,8.997045,OK,minor,minor,8.165152893527356,6.505062795914792
run_0031,24,2023-11-15T10:45:40.294869+00:00,node_2,8.26452,OK,minor,minor,8.165152893527356,6.505062795914792
run_0031,24,2023-11-15T10:45:40.483531+00:00,node_3,7.570747,OK,minor,minor,8.165152893527356,6.505062795914792
run_0031,25,2023-11-15T10:46:00.279160+00:00,node_1,8.812218,OK,minor,minor,8.165152893527356,6.505062795914792
run_0031,25,2023-11-15T10:46:00.141059+00:00,node_2,7.925637,OK,minor,minor,8.165152893527356,6.505062795914792
run_0031,25,2023-11-15T10:46:00.058303+00:00,node_3,7.595937,OK,minor,minor,8.165152893527356,6.505062795914792
run_0031,26,2023-11-15T10:46:19.831882+00:00,node_1,8.518115,OK,minor,minor,8.165152893527356,6.505062795914792
run_0031,26,2023-11-15T10:46:20.026029+00:00,node_2,7.951441,OK,minor,minor,8.165152893527356,6.505062795914792
run_0031,26,2023-11-15T10:46:19.844083+00:00,node_3,7.715491,OK,minor,minor,8.165152893527356,6.505062795914792
run_0031,27,2023-11-15T10:46:40.307872+00:00,node_1,8.914339,OK,minor,minor,8.165152893527356,6.505062795914792
run_0031,27,2023-11-15T10:46:40.281086+00:00,node_2,7.983306,OK,minor,minor,8.165152893527356,6.505062795914792
run_0031,27,2023-11-15T10:46:40.203893+00:00,node_3,7.806545,OK,minor,minor,8.165152893527356,6.505062795914792
run_0031,28,2023-11-15T10:47:00.190150+00:00,node_1,8.934177,OK,minor,minor,8.165152893527356,6.505062795914792
run_0031,28,2023-11-15T10:47:00.107465+00:00,node_2,8.059407,OK,minor,minor,8.165152893527356,6.505062795914792
run_0031,28,2023-11-15T10:47:00.054069+00:00,node_3,7.530911,OK,minor,minor,8.165152893527356,6.505062795914792
run_0031,29,2023-11-15T10:47:20.380325+00:00,node_1,8.787452,OK,minor,minor,8.165152893527356,6.505062795914792
run_0031,29,2023-11-15T10:47:20.190552+00:00,node_2,7.866986,OK,minor,minor,8.165152893527356,6.505062795914792
run_0031,29,2023-11-15T10:47:20.061627+00:00,node_3,7.284834,OK,minor,minor,8.165152893527356,6.505062795914792
run_0031,30,2023-11-15T10:47:39.936672+00:00,node_1,9.139874,OK,minor,minor,8.165152893527356,6.505062795914792
run_0031,30,2023-11-15T10:47:39.942360+00:00,node_2,8.333183,OK,minor,minor,8.165152893527356,6.505062795914792
run_0031,30,2023-11-15T10:47:40.105380+00:00,node_3,7.689399,OK,minor,minor,8.165152893527356,6.505062795914792
run_0031,31,2023-11-15T10:47:59.622965+00:00,node_1,8.926879,OK,normal,normal,0.0,0.0
run_0031,31,2023-11-15T10:47:59.850914+00:00,node_2,8.577354,OK,normal,normal,0.0,0.0
run_0031,31,2023-11-15T10:47:59.716073+00:00,node_3,8.953249,OK,normal,normal,0.0,0.0
run_0031,32,2023-11-15T10:48:19.441058+00:00,node_1,8.718844,OK,normal,normal,0.0,0.0
run_0031,32,2023-11-15T10:48:19.753234+00:00,node_2,8.788029,OK,normal,normal,0.0,0.0
run_0031,32,2023-11-15T10:48:19.743855+00:00,node_3,9.067104,OK,normal,normal,0.0,0.0
run_0031,33,2023-11-15T10:48:39.362230+00:00,node_1,8.839468,OK,normal,normal,0.0,0.0
run_0031,33,2023-11-15T10:48:39.138598+00:00,node_2,8.873813,OK,normal,normal,0.0,0.0
run_0031,33,2023-11-15T10:48:39.380839+00:00,node_3,9.080657,OK,normal,normal,0.0,0.0
run_0031,34,2023-11-15T10:48:59.108307+00:00,node_1,8.95824,OK,normal,normal,0.0,0.0
run_0031,34,2023-11-15T10:48:59.211813+00:00,node_2,9.027708,OK,normal,normal,0.0,0.0
run_0031,34,2023-11-15T10:48:59.289235+00:00,node_3,9.091407,OK,normal,normal,0.0,0.0
run_0031,35,2023-11-15T10:49:19.281881+00:00,node_1,8.561364,OK,normal,normal,0.0,0.0
run_0031,35,2023-11-15T10:49:19.223357+00:00,node_2,8.938272,OK,normal,normal,0.0,0.0
run_0031,35,2023-11-15T10:49:19.047824+00:00,node_3,8.739619,OK,normal,normal,0.0,0.0
run_0032,0,2023-11-15T11:01:40.343488+00:00,node_1,8.273272,OK,normal,normal,0.0,0.0
run_0032,0,2023-11-15T11:01:40.167280+00:00,node_2,8.234428,OK,normal,normal,0.0,0.0
run_0032,0,2023-11-15T11:01:40.286939+00:00,node_3,8.458976,OK,normal,normal,0.0,0.0
run_0032,1,2023-11-15T11:02:00.296141+00:00,node_1,8.218002,OK,normal,normal,0.0,0.0
run_0032,1,2023-11-15T11:02:00.106235+00:00,node_2,8.476866,OK,normal,normal,0.0,0.0
run_0032,1,2023-11-15T11:02:00.203863+00:00,node_3,8.302716,OK,normal,normal,0.0,0.0
run_0032,2,2023-11-15T11:02:19.622157+00:00,node_1,8.429151,OK,normal,normal,0.0,0.0
run_0032,2,2023-11-15T11:02:19.754376+00:00,node_2,8.310721,OK,normal,normal,0.0,0.0
run_0032,2,2023-11-15T11:02:19.648180+00:00,node_3,8.57968,OK,normal,normal,0.0,0.0
run_0032,3,2023-11-15T11:02:39.694183+00:00,node_1,8.367717,OK,normal,normal,0.0,0.0
run_0032,3,2023-11-15T11:02:39.680237+00:00,node_2,8.855024,OK,normal,normal,0.0,0.0
run_0032,3,2023-11-15T11:02:39.436906+00:00,node_3,8.362934,OK,normal,normal,0.0,0.0
run_0032,4,2023-11-15T11:02:59.591003+00:00,node_1,8.78986,OK,normal,normal,0.0,0.0
run_0032,4,2023-11-15T11:02:59.885980+00:00,node_2,8.415776,OK,normal,normal,0.0,0.0
run_0032,4,2023-11-15T11:02:59.668951+00:00,node_3,8.658464,OK,normal,normal,0.0,0.0
run_0032,5,2023-11-15T11:03:19.347772+00:00,node_1,8.599607,OK,minor,major,11.447756664177202,26.73635286649565
run_0032,5,2023-11-15T11:03:19.652376+00:00,node_2,7.651875,OK,minor,major,11.447756664177202,26.73635286649565
run_0032,5,2023-11-15T11:03:19.683592+00:00,node_3,5.300372,OK,minor,major,11.447756664177202,26.73635286649565
run_0032,6,2023-11-15T11:03:39.438928+00:00,node_1,8.412588,OK,minor,major,11.447756664177202,26.73635286649565
run_0032,6,2023-11-15T11:03:39.618432+00:00,node_2,7.23428,OK,minor,major,11.447756664177202,26.73635286649565
run_0032,6,2023-11-15T11:03:39.356657+00:00,node_3,5.31826,OK,minor,major,11.447756664177202,26.73635286649565
run_0032,7,2023-11-15T11:03:59.531078+00:00,node_1,8.550563,OK,minor,major,11.447756664177202,26.73635286649565
run_0032,7,2023-11-15T11:03:59.761733+00:00,node_2,7.62327,OK,minor,major,11.447756664177202,26.73635286649565
run_0032,7,2023-11-15T11:03:59.676376+00:00,node_3,5.485676,OK,minor,major,11.447756664177202,26.73635286649565
run_0032,8,2023-11-15T11:04:19.989505+00:00,node_1,8.485325,OK,minor,major,11.447756664177202,26.73635286649565
run_0032,8,2023-11-15T11:04:19.687253+00:00,node_2,7.480447,OK,minor,major,11.447756664177202,26.73635286649565
run_0032,8,2023-11-15T11:04:19.928203+00:00,node_3,5.422726,OK,minor,major,11.447756664177202,26.73635286649565
run_0032,9,2023-11-15T11:04:39.587342+00:00,node_1,8.516577,OK,minor,major,11.447756664177202,26.73635286649565
run_0032,9,2023-11-15T11:04:39.655328+00:00,node_2,7.190829,OK,minor,major,11.447756664177202,26.73635286649565
run_0032,9,2023-11-15T11:04:39.475863+00:00,node_3,5.395599,OK,minor,major,11.447756664177202,26.73635286649565
run_0032,10,2023-11-15T11:04:59.680000+00:00,node_1,8.618513,OK,minor,major,11.447756664177202,26.73635286649565
run_0032,10,2023-11-15T11:04:59.704376+00:00,node_2,7.515626,OK,minor,major,11.447756664177202,26.73635286649565
run_0032,10,2023-11-15T11:04:59.661494+00:00,node_3,5.539854,OK,minor,major,11.447756664177202,26.73635286649565
run_0032,11,2023-11-15T11:05:19.436257+00:00,node_1,8.31461,OK,minor,major,11.447756664177202,26.73635286649565
run_0032,11,2023-11-15T11:05:19.673054+00:00,node_2,7.523913,OK,minor,major,11.447756664177202,26.73635286649565
run_0032,11,2023-11-15T11:05:19.584474+00:00,node_3,5.49661,OK,minor,major,11.447756664177202,26.73635286649565
run_0032,12,2023-11-15T11:05:39.400592+00:00,node_1,11.378333,OK,minor,major,11.447756664177202,26.73635286649565
run_0032,12,2023-11-15T11:05:39.307707+00:00,node_2,10.248008,OK,minor,major,11.447756664177202,26.73635286649565
run_0032,12,2023-11-15T11:05:39.224010+00:00,node_3,7.461787,OK,minor,major,11.447756664177202,26.73635286649565
run_0032,13,2023-11-15T11:05:59.028006+00:00,node_1,11.530137,OK,minor,major,11.447756664177202,26.73635286649565
run_0032,13,2023-11-15T11:05:59.058587+00:00,node_2,10.39135,OK,minor,major,11.447756664177202,26.73635286649565
run_0032,13,2023-11-15T11:05:58.876679+00:00,node_3,7.587397,OK,minor,major,11.447756664177202,26.73635286649565
run_0032,14,2023-11-15T11:06:18.966288+00:00,node_1,11.814576,OK,minor,major,11.447756664177202,26.73635286649565
run_0032,14,2023-11-15T11:06:18.834564+00:00,node_2,10.142149,OK,minor,major,11.447756664177202,26.73635286649565
run_0032,14,2023-11-15T11:06:18.911107+00:00,node_3,7.533884,OK,minor,major,11.447756664177202,26.73635286649565
run_0032,15,2023-11-15T11:06:38.969602+00:00,node_1,11.495934,OK,minor,major,11.447756664177202,26.73635286649565
run_0032,15,2023-11-15T11:06:38.784969+00:00,node_2,9.863067,OK,minor,major,11.447756664177202,26.73635286649565
run_0032,15,2023-11-15T11:06:38.718393+00:00,node_3,7.089863,OK,minor,major,11.447756664177202,26.73635286649565
run_0032,16,2023-11-15T11:06:58.366101+00:00,node_1,11.63254,OK,minor,major,11.447756664177202,26.73635286649565
run_0032,16,2023-11-15T11:06:58.612017+00:00,node_2,10.270101,OK,minor,major,11.447756664177202,26.73635286649565
run_0032,16,2023-11-15T11:06:58.482451+00:00,node_3,7.633479,OK,minor,major,11.447756664177202,26.73635286649565
run_0032,17,2023-11-15T11:07:18.114038+00:00,node_1,11.067364,OK,minor,major,11.447756664177202,26.73635286649565
run_0032,17,2023-11-15T11:07:18.145784+00:00,node_2,10.317416,OK,minor,major,11.447756664177202,26.73635286649565
run_0032,17,2023-11-15T11:07:18.121928+00:00,node_3,7.673146,OK,minor,major,11.447756664177202,26.73635286649565
run_0032,18,2023-11-15T11:07:38.285078+00:00,node_1,11.445785,OK,minor,major,11.447756664177202,26.73635286649565
run_0032,18,2023-11-15T11:07:38.205911+00:00,node_2,10.15694,OK,minor,major,11.447756664177202,26.73635286649565
run_0032,18,2023-11-15T11:07:38.446449+00:00,node_3,7.266066,OK,minor,major,11.447756664177202,26.73635286649565
run_0032,19,2023-11-15T11:07:57.949615+00:00,node_1,11.62127,OK,minor,major,11.447756664177202,26.73635286649565
run_0032,19,2023-11-15T11:07:57.879771+00:00,node_2,10.313327,OK,minor,major,11.447756664177202,26.73635286649565
run_0032,19,2023-11-15T11:07:58.064518+00:00,node_3,7.375119,OK,minor,major,11.447756664177202,26.73635286649565
run_0032,20,2023-11-15T11:08:17.772712+00:00,node_1,11.733088,OK,minor,major,11.447756664177202,26.73635286649565
run_0032,20,2023-11-15T11:08:17.979523+00:00,node_2,10.076675,OK,minor,major,11.447756664177202,26.73635286649565
run_0032,20,2023-11-15T11:08:18.129737+00:00,node_3,7.178465,OK,minor,major,11.447756664177202,26.73635286649565
run_0032,21,2023-11-15T11:08:37.852202+00:00,node_1,11.517706,OK,minor,major,11.447756664177202,26.73635286649565
run_0032,21,2023-11-15T11:08:38.204613+00:00,node_2,10.300448,OK,minor,major,11.447756664177202,26.73635286649565
run_0032,21,2023-11-15T11:08:38.142591+00:00,node_3,7.225684,OK,minor,major,11.447756664177202,26.73635286649565
run_0032,22,2023-11-15T11:08:57.866227+00:00,node_1,11.679783,OK,minor,major,11.447756664177202,26.73635286649565
run_0032,22,2023-11-15T11:08:58.009710+00:00,node_2,10.133195,OK,minor,major,11.447756664177202,26.73635286649565
run_0032,22,2023-11-15T11:08:58.122589+00:00,node_3,7.670175,OK,minor,major,11.447756664177202,26.73635286649565
run_0032,23,2023-11-15T11:09:18.366213+00:00,node_1,11.812419,OK,minor,major,11.447756664177202,26.73635286649565
run_0032,23,2023-11-15T11:09:18.504560+00:00,node_2,10.416765,OK,minor,major,11.447756664177202,26.73635286649565
run_0032,23,2023-11-15T11:09:18.577047+00:00,node_3,7.439296,OK,minor,major,11.447756664177202,26.73635286649565
run_0032,24,2023-11-15T11:09:38.485223+00:00,node_1,11.360863,OK,minor,major,11.447756664177202,26.73635286649565
run_0032,24,2023-11-15T11:09:38.448410+00:00,node_2,10.091555,OK,minor,major,11.447756664177202,26.73635286649565
run_0032,24,2023-11-15T11:09:38.831573+00:00,node_3,7.20102,OK,minor,major,11.447756664177202,26.73635286649565
run_0032,25,2023-11-15T11:09:58.924264+00:00,node_1,11.348893,OK,minor,major,11.447756664177202,26.73635286649565
run_0032,25,2023-11-15T11:09:59.114447+00:00,node_2,10.157752,OK,minor,major,11.447756664177202,26.73635286649565
run_0032,25,2023-11-15T11:09:58.868899+00:00,node_3,7.611471,OK,minor,major,11.447756664177202,26.73635286649565
run_0032,26,2023-11-15T11:10:19.176117+00:00,node_1,12.061056,OK,minor,major,11.447756664177202,26.73635286649565
run_0032,26,2023-11-15T11:10:19.192144+00:00,node_2,10.614345,OK,minor,major,11.447756664177202,26.73635286649565
run_0032,26,2023-11-15T11:10:19.280312+00:00,node_3,7.347449,OK,minor,major,11.447756664177202,26.73635286649565
run_0032,27,2023-11-15T11:10:38.986162+00:00,node_1,11.471374,OK,minor,major,11.447756664177202,26.73635286649565
run_0032,27,2023-11-15T11:10:39.036449+00:00,node_2,10.041254,OK,minor,major,11.447756664177202,26.73635286649565
run_0032,27,2023-11-15T11:10:39.046956+00:00,node_3,7.143905,OK,minor,major,11.447756664177202,26.73635286649565
run_0032,28,2023-11-15T11:10:59.483225+00:00,node_1,11.52834,OK,minor,major,11.447756664177202,26.73635286649565
run_0032,28,2023-11-15T11:10:59.448577+00:00,node_2,10.002244,OK,minor,major,11.447756664177202,26.73635286649565
run_0032,28,2023-11-15T11:10:59.457205+00:00,node_3,7.545708,OK,minor,major,11.447756664177202,26.73635286649565
run_0032,29,2023-11-15T11:11:20.037504+00:00,node_1,11.304007,OK,minor,major,11.447756664177202,26.73635286649565
run_0032,29,2023-11-15T11:11:19.836243+00:00,node_2,9.86527,OK,minor,major,11.447756664177202,26.73635286649565
run_0032,29,2023-11-15T11:11:19.709807+00:00,node_3,7.38974,OK,minor,major,11.447756664177202,26.73635286649565
run_0032,30,2023-11-15T11:11:40.144511+00:00,node_1,11.173978,OK,minor,major,11.447756664177202,26.73635286649565
run_0032,30,2023-11-15T11:11:40.029290+00:00,node_2,10.019788,OK,minor,major,11.447756664177202,26.73635286649565
run_0032,30,2023-11-15T11:11:40.039434+00:00,node_3,7.595895,OK,minor,major,11.447756664177202,26.73635286649565
run_0032,31,2023-11-15T11:11:59.971796+00:00,node_1,11.414797,OK,normal,normal,0.0,0.0
run_0032,31,2023-11-15T11:11:59.849724+00:00,node_2,11.155261,OK,normal,normal,0.0,0.0
run_0032,31,2023-11-15T11:11:59.950041+00:00,node_3,11.500861,OK,normal,normal,0.0,0.0
run_0032,32,2023-11-15T11:12:19.995772+00:00,node_1,11.889929,OK,normal,normal,0.0,0.0
run_0032,32,2023-11-15T11:12:19.764043+00:00,node_2,11.466522,OK,normal,normal,0.0,0.0
run_0032,32,2023-11-15T11:12:19.837909+00:00,node_3,11.219177,OK,normal,normal,0.0,0.0
run_0032,33,2023-11-15T11:12:40.158660+00:00,node_1,11.786357,OK,normal,normal,0.0,0.0
run_0032,33,2023-11-15T11:12:40.268226+00:00,node_2,11.552281,OK,normal,normal,0.0,0.0
run_0032,33,2023-11-15T11:12:40.451057+00:00,node_3,11.65559,OK,normal,normal,0.0,0.0
run_0032,34,2023-11-15T11:13:00.275265+00:00,node_1,11.609678,OK,normal,normal,0.0,0.0
run_0032,34,2023-11-15T11:13:00.360303+00:00,node_2,11.323007,OK,normal,normal,0.0,0.0
run_0032,34,2023-11-15T11:13:00.461572+00:00,node_3,11.428312,OK,normal,normal,0.0,0.0
run_0032,35,2023-11-15T11:13:20.652476+00:00,node_1,11.707123,OK,normal,normal,0.0,0.0
run_0032,35,2023-11-15T11:13:20.600861+00:00,node_2,11.479168,OK,normal,normal,0.0,0.0
run_0032,35,2023-11-15T11:13:20.499573+00:00,node_3,11.457558,OK,normal,normal,0.0,0.0
run_0033,0,2023-11-15T11:25:40.277498+00:00,node_1,9.474345,OK,normal,normal,0.0,0.0
run_0033,0,2023-11-15T11:25:40.385777+00:00,node_2,9.308519,OK,normal,normal,0.0,0.0
run_0033,0,2023-11-15T11:25:40.288089+00:00,node_3,9.894119,OK,normal,normal,0.0,0.0
run_0033,1,2023-11-15T11:26:00.053942+00:00,node_1,9.503604,OK,normal,normal,0.0,0.0
run_0033,1,2023-11-15T11:26:00.211240+00:00,node_2,9.013223,OK,normal,normal,0.0,0.0
run_0033,1,2023-11-15T11:26:00.345215+00:00,node_3,9.290041,OK,normal,normal,0.0,0.0
run_0033,2,2023-11-15T11:26:20.339922+00:00,node_1,9.583979,OK,normal,normal,0.0,0.0
run_0033,2,2023-11-15T11:26:20.361269+00:00,node_2,9.66132,OK,normal,normal,0.0,0.0
run_0033,2,2023-11-15T11:26:20.252377+00:00,node_3,9.671973,OK,normal,normal,0.0,0.0
run_0033,3,2023-11-15T11:26:40.341689+00:00,node_1,9.537028,OK,normal,normal,0.0,0.0
run_0033,3,2023-11-15T11:26:40.523396+00:00,node_2,9.598838,OK,normal,normal,0.0,0.0
run_0033,3,2023-11-15T11:26:40.361046+00:00,node_3,9.107657,OK,normal,normal,0.0,0.0
run_0033,4,2023-11-15T11:27:00.116455+00:00,node_1,9.263665,OK,normal,normal,0.0,0.0
run_0033,4,2023-11-15T11:27:00.175649+00:00,node_2,9.681538,OK,normal,normal,0.0,0.0
run_0033,4,2023-11-15T11:27:00.115585+00:00,node_3,9.64882,OK,normal,normal,0.0,0.0
run_0033,5,2023-11-15T11:27:19.927499+00:00,node_1,9.175044,OK,major,normal,38.6457668958925,0
run_0033,5,2023-11-15T11:27:19.689415+00:00,node_2,5.906231,OK,major,normal,38.6457668958925,0
run_0033,5,2023-11-15T11:27:19.927923+00:00,node_3,5.861024,OK,major,normal,38.6457668958925,0
run_0033,6,2023-11-15T11:27:39.968900+00:00,node_1,9.761072,OK,major,normal,38.6457668958925,0
run_0033,6,2023-11-15T11:27:40.023661+00:00,node_2,5.812372,OK,major,normal,38.6457668958925,0
run_0033,6,2023-11-15T11:27:39.630578+00:00,node_3,5.943346,OK,major,normal,38.6457668958925,0
run_0033,7,2023-11-15T11:27:59.615976+00:00,node_1,9.366594,OK,major,normal,38.6457668958925,0
run_0033,7,2023-11-15T11:27:59.654707+00:00,node_2,5.780954,OK,major,normal,38.6457668958925,0
run_0033,7,2023-11-15T11:27:59.697679+00:00,node_3,5.795663,OK,major,normal,38.6457668958925,0
run_0033,8,2023-11-15T11:28:19.617217+00:00,node_1,9.317322,OK,major,normal,38.6457668958925,0
run_0033,8,2023-11-15T11:28:19.988034+00:00,node_2,5.940656,OK,major,normal,38.6457668958925,0
run_0033,8,2023-11-15T11:28:19.923064+00:00,node_3,5.940887,OK,major,normal,38.6457668958925,0
run_0033,9,2023-11-15T11:28:40.140860+00:00,node_1,9.257282,OK,major,normal,38.6457668958925,0
run_0033,9,2023-11-15T11:28:40.041274+00:00,node_2,5.870753,OK,major,normal,38.6457668958925,0
run_0033,9,2023-11-15T11:28:40.122811+00:00,node_3,5.649425,OK,major,normal,38.6457668958925,0
run_0033,10,2023-11-15T11:28:59.684489+00:00,node_1,9.247196,OK,major,normal,38.6457668958925,0
run_0033,10,2023-11-15T11:28:59.806642+00:00,node_2,5.849715,OK,major,normal,38.6457668958925,0
run_0033,10,2023-11-15T11:28:59.732193+00:00,node_3,5.713971,OK,major,normal,38.6457668958925,0
run_0033,11,2023-11-15T11:29:20.017287+00:00,node_1,9.475113,OK,major,normal,38.6457668958925,0
run_0033,11,2023-11-15T11:29:19.793141+00:00,node_2,5.735597,OK,major,normal,38.6457668958925,0
run_0033,11,2023-11-15T11:29:19.916965+00:00,node_3,5.994801,OK,major,normal,38.6457668958925,0
run_0033,12,2023-11-15T11:29:39.694481+00:00,node_1,8.059232,OK,major,normal,38.6457668958925,0
run_0033,12,2023-11-15T11:29:40.047362+00:00,node_2,4.888334,OK,major,normal,38.6457668958925,0
run_0033,12,2023-11-15T11:29:39.938024+00:00,node_3,5.071811,OK,major,normal,38.6457668958925,0
run_0033,13,2023-11-15T11:29:59.511342+00:00,node_1,7.973036,OK,major,normal,38.6457668958925,0
run_0033,13,2023-11-15T11:29:59.716880+00:00,node_2,5.045437,OK,major,normal,38.6457668958925,0
run_0033,13,2023-11-15T11:29:59.467278+00:00,node_3,4.982008,OK,major,normal,38.6457668958925,0
run_0033,14,2023-11-15T11:30:19.891340+00:00,node_1,8.019926,OK,major,normal,38.6457668958925,0
run_0033,14,2023-11-15T11:30:19.871218+00:00,node_2,4.918672,OK,major,normal,38.6457668958925,0
run_0033,14,2023-11-15T11:30:19.749597+00:00,node_3,4.971816,OK,major,normal,38.6457668958925,0
run_0033,15,2023-11-15T11:30:40.098897+00:00,node_1,8.244234,OK,major,normal,38.6457668958925,0
run_0033,15,2023-11-15T11:30:39.905390+00:00,node_2,4.919524,OK,major,normal,38.6457668958925,0
run_0033,15,2023-11-15T11:30:39.941789+00:00,node_3,5.117392,OK,major,normal,38.6457668958925,0
run_0033,16,2023-11-15T11:31:00.305846+00:00,node_1,7.918564,OK,major,normal,38.6457668958925,0
run_0033,16,2023-11-15T11:31:00.488111+00:00,node_2,4.888106,OK,major,normal,38.6457668958925,0
run_0033,16,2023-11-15T11:31:00.427305+00:00,node_3,4.852268,OK,major,normal,38.6457668958925,0
run_0033,17,2023-11-15T11:31:20.519571+00:00,node_1,8.219394,OK,major,normal,38.6457668958925,0
run_0033,17,2023-11-15T11:31:20.299002+00:00,node_2,4.922578,OK,major,normal,38.6457668958925,0
run_0033,17,2023-11-15T11:31:20.155464+00:00,node_3,5.118898,OK,major,normal,38.6457668958925,0
run_0033,18,2023-11-15T11:31:40.461606+00:00,node_1,8.154444,OK,major,normal,38.6457668958925,0
run_0033,18,2023-11-15T11:31:40.723081+00:00,node_2,5.093159,OK,major,normal,38.6457668958925,0
run_0033,18,2023-11-15T11:31:40.811649+00:00,node_3,4.946789,OK,major,normal,38.6457668958925,0
run_0033,19,2023-11-15T11:32:01.025880+00:00,node_1,7.955048,OK,major,normal,38.6457668958925,0
run_0033,19,2023-11-15T11:32:00.968287+00:00,node_2,5.073912,OK,major,normal,38.6457668958925,0
run_0033,19,2023-11-15T11:32:00.833984+00:00,node_3,5.167011,OK,major,normal,38.6457668958925,0
run_0033,20,2023-11-15T11:32:20.656179+00:00,node_1,8.004208,OK,major,normal,38.6457668958925,0
run_0033,20,2023-11-15T11:32:20.560071+00:00,node_2,5.117605,OK,major,normal,38.6457668958925,0
run_0033,20,2023-11-15T11:32:20.653730+00:00,node_3,5.044008,OK,major,normal,38.6457668958925,0
run_0033,21,2023-11-15T11:32:40.807350+00:00,node_1,8.263733,OK,major,normal,38.6457668958925,0
run_0033,21,2023-11-15T11:32:40.736192+00:00,node_2,5.084668,OK,major,normal,38.6457668958925,0
run_0033,21,2023-11-15T11:32:40.757297+00:00,node_3,4.949646,OK,major,normal,38.6457668958925,0
run_0033,22,2023-11-15T11:33:00.671146+00:00,node_1,8.175105,OK,major,normal,38.6457668958925,0
run_0033,22,2023-11-15T11:33:00.683229+00:00,node_2,5.045352,OK,major,normal,38.6457668958925,0
run_0033,22,2023-11-15T11:33:00.839154+00:00,node_3,4.81134,OK,major,normal,38.6457668958925,0
run_0033,23,2023-11-15T11:33:21.033607+00:00,node_1,7.963315,OK,major,normal,38.6457668958925,0
run_0033,23,2023-11-15T11:33:20.872814+00:00,node_2,5.041593,OK,major,normal,38.6457668958925,0
run_0033,23,2023-11-15T11:33:20.928236+00:00,node_3,4.912961,OK,major,normal,38.6457668958925,0
run_0033,24,2023-11-15T11:33:40.624068+00:00,node_1,8.307731,OK,major,normal,38.6457668958925,0
run_0033,24,2023-11-15T11:33:40.595323+00:00,node_2,5.154225,OK,major,normal,38.6457668958925,0
run_0033,24,2023-11-15T11:33:40.556668+00:00,node_3,5.364678,OK,major,normal,38.6457668958925,0
run_0033,25,2023-11-15T11:34:00.304009+00:00,node_1,8.498252,OK,major,normal,38.6457668958925,0
run_0033,25,2023-11-15T11:34:00.399307+00:00,node_2,5.434713,OK,major,normal,38.6457668958925,0
run_0033,25,2023-11-15T11:34:00.277207+00:00,node_3,5.38141,OK,major,normal,38.6457668958925,0
run_0033,26,2023-11-15T11:34:19.958546+00:00,node_1,8.570892,OK,major,normal,38.6457668958925,0
run_0033,26,2023-11-15T11:34:20.043743+00:00,node_2,5.390684,OK,major,normal,38.6457668958925,0
run_0033,26,2023-11-15T11:34:20.000983+00:00,node_3,5.520843,OK,major,normal,38.6457668958925,0
run_0033,27,2023-11-15T11:34:40.545178+00:00,node_1,8.682441,OK,major,normal,38.6457668958925,0
run_0033,27,2023-11-15T11:34:40.651115+00:00,node_2,5.590119,OK,major,normal,38.6457668958925,0
run_0033,27,2023-11-15T11:34:40.293780+00:00,node_3,5.485148,OK,major,normal,38.6457668958925,0
run_0033,28,2023-11-15T11:35:00.524173+00:00,node_1,8.462584,OK,major,normal,38.6457668958925,0
run_0033,28,2023-11-15T11:35:00.603161+00:00,node_2,5.388425,OK,major,normal,38.6457668958925,0
run_0033,28,2023-11-15T11:35:00.368504+00:00,node_3,5.443461,OK,major,normal,38.6457668958925,0
run_0033,29,2023-11-15T11:35:20.312928+00:00,node_1,8.677456,OK,major,normal,38.6457668958925,0
run_0033,29,2023-11-15T11:35:20.434753+00:00,node_2,5.347648,OK,major,normal,38.6457668958925,0
run_0033,29,2023-11-15T11:35:20.606831+00:00,node_3,5.466288,OK,major,normal,38.6457668958925,0
run_0033,30,2023-11-15T11:35:40.382037+00:00,node_1,8.529942,OK,major,normal,38.6457668958925,0
run_0033,30,2023-11-15T11:35:40.106614+00:00,node_2,5.196534,OK,major,normal,38.6457668958925,0
run_0033,30,2023-11-15T11:35:40.041532+00:00,node_3,5.126334,OK,major,normal,38.6457668958925,0
run_0033,31,2023-11-15T11:36:00.676995+00:00,node_1,8.626332,OK,normal,normal,0.0,0.0
run_0033,31,2023-11-15T11:36:00.750729+00:00,node_2,9.30873,OK,normal,normal,0.0,0.0
run_0033,31,2023-11-15T11:36:00.610024+00:00,node_3,8.939106,OK,normal,normal,0.0,0.0
run_0033,32,2023-11-15T11:36:20.839352+00:00,node_1,8.879342,OK,normal,normal,0.0,0.0
run_0033,32,2023-11-15T11:36:20.474952+00:00,node_2,8.806919,OK,normal,normal,0.0,0.0
run_0033,32,2023-11-15T11:36:20.663753+00:00,node_3,8.869973,OK,normal,normal,0.0,0.0
run_0033,33,2023-11-15T11:36:40.920914+00:00,node_1,8.720501,OK,normal,normal,0.0,0.0
run_0033,33,2023-11-15T11:36:40.603124+00:00,node_2,8.73627,OK,normal,normal,0.0,0.0
run_0033,33,2023-11-15T11:36:40.890426+00:00,node_3,8.699546,OK,normal,normal,0.0,0.0
run_0033,34,2023-11-15T11:37:01.102848+00:00,node_1,8.51622,OK,normal,normal,0.0,0.0
run_0033,34,2023-11-15T11:37:00.850928+00:00,node_2,8.614078,OK,normal,normal,0.0,0.0
run_0033,34,2023-11-15T11:37:01.136344+00:00,node_3,8.417858,OK,normal,normal,0.0,0.0
run_0033,35,2023-11-15T11:37:21.041532+00:00,node_1,8.726314,OK,normal,normal,0.0,0.0
run_0033,35,2023-11-15T11:37:21.379438+00:00,node_2,8.347144,OK,normal,normal,0.0,0.0
run_0033,35,2023-11-15T11:37:21.133507+00:00,node_3,8.835911,OK,normal,normal,0.0,0.0
run_0034,0,2023-11-15T11:49:40.225200+00:00,node_1,8.756296,OK,normal,normal,0.0,0.0
run_0034,0,2023-11-15T11:49:40.285911+00:00,node_2,9.01526,OK,normal,normal,0.0,0.0
run_0034,0,2023-11-15T11:49:40.323030+00:00,node_3,8.948349,OK,normal,normal,0.0,0.0
run_0034,1,2023-11-15T11:49:59.676758+00:00,node_1,8.988225,OK,normal,normal,0.0,0.0
run_0034,1,2023-11-15T11:49:59.756968+00:00,node_2,8.776477,OK,normal,normal,0.0,0.0
run_0034,1,2023-11-15T11:49:59.776235+00:00,node_3,9.106787,OK,normal,normal,0.0,0.0
run_0034,2,2023-11-15T11:50:19.774891+00:00,node_1,8.863027,OK,normal,normal,0.0,0.0
run_0034,2,2023-11-15T11:50:19.942141+00:00,node_2,8.872207,OK,normal,normal,0.0,0.0
run_0034,2,2023-11-15T11:50:20.038257+00:00,node_3,9.061284,OK,normal,normal,0.0,0.0
run_0034,3,2023-11-15T11:50:39.914989+00:00,node_1,8.853372,OK,normal,normal,0.0,0.0
run_0034,3,2023-11-15T11:50:39.746809+00:00,node_2,9.229835,OK,normal,normal,0.0,0.0
run_0034,3,2023-11-15T11:50:39.891194+00:00,node_3,8.793367,OK,normal,normal,0.0,0.0
run_0034,4,2023-11-15T11:50:59.852589+00:00,node_1,9.144678,OK,normal,normal,0.0,0.0
run_0034,4,2023-11-15T11:50:59.933412+00:00,node_2,9.253121,OK,normal,normal,0.0,0.0
run_0034,4,2023-11-15T11:50:59.899960+00:00,node_3,8.986179,OK,normal,normal,0.0,0.0
run_0034,5,2023-11-15T11:51:19.865414+00:00,node_1,8.983334,OK,major,minor,30.800835619120075,10.88617473915589
run_0034,5,2023-11-15T11:51:19.559346+00:00,node_2,6.191962,OK,major,minor,30.800835619120075,10.88617473915589
run_0034,5,2023-11-15T11:51:19.623994+00:00,node_3,5.654661,OK,major,minor,30.800835619120075,10.88617473915589
run_0034,6,2023-11-15T11:51:40.007479+00:00,node_1,9.372319,OK,major,minor,30.800835619120075,10.88617473915589
run_0034,6,2023-11-15T11:51:39.773838+00:00,node_2,6.151947,OK,major,minor,30.800835619120075,10.88617473915589
run_0034,6,2023-11-15T11:51:39.927705+00:00,node_3,5.43425,OK,major,minor,30.800835619120075,10.88617473915589
run_0034,7,2023-11-15T11:51:59.686018+00:00,node_1,9.043453,OK,major,minor,30.800835619120075,10.88617473915589
run_0034,7,2023-11-15T11:51:59.599046+00:00,node_2,6.23947,OK,major,minor,30.800835619120075,10.88617473915589
run_0034,7,2023-11-15T11:51:59.553290+00:00,node_3,5.507844,OK,major,minor,30.800835619120075,10.88617473915589
run_0034,8,2023-11-15T11:52:19.727657+00:00,node_1,8.90326,OK,major,minor,30.800835619120075,10.88617473915589
run_0034,8,2023-11-15T11:52:19.666269+00:00,node_2,6.203691,OK,major,minor,30.800835619120075,10.88617473915589
run_0034,8,2023-11-15T11:52:19.767425+00:00,node_3,5.567686,OK,major,minor,30.800835619120075,10.88617473915589
run_0034,9,2023-11-15T11:52:39.922100+00:00,node_1,8.906677,OK,major,minor,30.800835619120075,10.88617473915589
run_0034,9,2023-11-15T11:52:40.041584+00:00,node_2,6.373469,OK,major,minor,30.800835619120075,10.88617473915589
run_0034,9,2023-11-15T11:52:40.002702+00:00,node_3,5.309873,OK,major,minor,30.800835619120075,10.88617473915589
run_0034,10,2023-11-15T11:53:00.083067+00:00,node_1,8.721122,OK,major,minor,30.800835619120075,10.88617473915589
run_0034,10,2023-11-15T11:53:00.043062+00:00,node_2,6.043175,OK,major,minor,30.800835619120075,10.88617473915589
run_0034,10,2023-11-15T11:53:00.045537+00:00,node_3,5.517486,OK,major,minor,30.800835619120075,10.88617473915589
run_0034,11,2023-11-15T11:53:19.685585+00:00,node_1,9.039549,OK,major,minor,30.800835619120075,10.88617473915589
run_0034,11,2023-11-15T11:53:19.772257+00:00,node_2,6.085341,OK,major,minor,30.800835619120075,10.88617473915589
run_0034,11,2023-11-15T11:53:19.582468+00:00,node_3,5.301062,OK,major,minor,30.800835619120075,10.88617473915589
run_0034,12,2023-11-15T11:53:39.607665+00:00,node_1,10.191904,OK,major,minor,30.800835619120075,10.88617473915589
run_0034,12,2023-11-15T11:53:39.507898+00:00,node_2,7.071086,OK,major,minor,30.800835619120075,10.88617473915589
run_0034,12,2023-11-15T11:53:39.461222+00:00,node_3,5.998261,OK,major,minor,30.800835619120075,10.88617473915589
run_0034,13,2023-11-15T11:53:59.794793+00:00,node_1,10.239435,OK,major,minor,30.800835619120075,10.88617473915589
run_0034,13,2023-11-15T11:53:59.852660+00:00,node_2,6.996502,OK,major,minor,30.800835619120075,10.88617473915589
run_0034,13,2023-11-15T11:53:59.941039+00:00,node_3,6.291295,OK,major,minor,30.800835619120075,10.88617473915589
run_0034,14,2023-11-15T11:54:19.908280+00:00,node_1,9.884942,OK,major,minor,30.800835619120075,10.88617473915589
run_0034,14,2023-11-15T11:54:19.811552+00:00,node_2,7.008623,OK,major,minor,30.800835619120075,10.88617473915589
run_0034,14,2023-11-15T11:54:19.712572+00:00,node_3,6.231589,OK,major,minor,30.800835619120075,10.88617473915589
run_0034,15,2023-11-15T11:54:39.571754+00:00,node_1,10.477647,OK,major,minor,30.800835619120075,10.88617473915589
run_0034,15,2023-11-15T11:54:39.587873+00:00,node_2,6.762085,OK,major,minor,30.800835619120075,10.88617473915589
run_0034,15,2023-11-15T11:54:39.733520+00:00,node_3,6.393966,OK,major,minor,30.800835619120075,10.88617473915589
run_0034,16,2023-11-15T11:54:59.280642+00:00,node_1,10.550702,OK,major,minor,30.800835619120075,10.88617473915589
run_0034,16,2023-11-15T11:54:59.195681+00:00,node_2,7.099806,OK,major,minor,30.800835619120075,10.88617473915589
run_0034,16,2023-11-15T11:54:59.241986+00:00,node_3,6.31712,OK,major,minor,30.800835619120075,10.88617473915589
run_0034,17,2023-11-15T11:55:19.433734+00:00,node_1,10.629954,OK,major,minor,30.800835619120075,10.88617473915589
run_0034,17,2023-11-15T11:55:19.630025+00:00,node_2,7.036147,OK,major,minor,30.800835619120075,10.88617473915589
run_0034,17,2023-11-15T11:55:19.402677+00:00,node_3,6.242861,OK,major,minor,30.800835619120075,10.88617473915589
run_0034,18,2023-11-15T11:55:39.418631+00:00,node_1,10.405347,OK,major,minor,30.800835619120075,10.88617473915589
run_0034,18,2023-11-15T11:55:39.361346+00:00,node_2,7.128843,OK,major,minor,30.800835619120075,10.88617473915589
run_0034,18,2023-11-15T11:55:39.098728+00:00,node_3,6.343391,OK,major,minor,30.800835619120075,10.88617473915589
run_0034,19,2023-11-15T11:55:59.517397+00:00,node_1,10.397348,OK,major,minor,30.800835619120075,10.88617473915589
run_0034,19,2023-11-15T11:55:59.533370+00:00,node_2,7.185622,OK,major,minor,30.800835619120075,10.88617473915589
run_0034,19,2023-11-15T11:55:59.486274+00:00,node_3,6.213149,OK,major,minor,30.800835619120075,10.88617473915589
run_0034,20,2023-11-15T11:56:19.330240+00:00,node_1,10.403702,OK,major,minor,30.800835619120075,10.88617473915589
run_0034,20,2023-11-15T11:56:19.274370+00:00,node_2,7.154563,OK,major,minor,30.800835619120075,10.88617473915589
run_0034,20,2023-11-15T11:56:19.454903+00:00,node_3,6.455094,OK,major,minor,30.800835619120075,10.88617473915589
run_0034,21,2023-11-15T11:56:39.115834+00:00,node_1,9.840891,OK,major,minor,30.800835619120075,10.88617473915589
run_0034,21,2023-11-15T11:56:39.192596+00:00,node_2,6.93621,OK,major,minor,30.800835619120075,10.88617473915589
run_0034,21,2023-11-15T11:56:39.221857+00:00,node_3,6.456221,OK,major,minor,30.800835619120075,10.88617473915589
run_0034,22,2023-11-15T11:56:59.428951+00:00,node_1,10.183116,OK,major,minor,30.800835619120075,10.88617473915589
run_0034,22,2023-11-15T11:56:59.552308+00:00,node_2,7.017135,OK,major,minor,30.800835619120075,10.88617473915589
run_0034,22,2023-11-15T11:56:59.544933+00:00,node_3,6.241352,OK,major,minor,30.800835619120075,10.88617473915589
run_0034,23,2023-11-15T11:57:19.004931+00:00,node_1,9.923323,OK,major,minor,30.800835619120075,10.88617473915589
run_0034,23,2023-11-15T11:57:19.033207+00:00,node_2,7.078473,OK,major,minor,30.800835619120075,10.88617473915589
run_0034,23,2023-11-15T11:57:18.938234+00:00,node_3,6.108355,OK,major,minor,30.800835619120075,10.88617473915589
run_0034,24,2023-11-15T11:57:38.724943+00:00,node_1,11.457257,OK,major,minor,30.800835619120075,10.88617473915589
run_0034,24,2023-11-15T11:57:38.603432+00:00,node_2,7.959645,OK,major,minor,30.800835619120075,10.88617473915589
run_0034,24,2023-11-15T11:57:38.946715+00:00,node_3,7.008795,OK,major,minor,30.800835619120075,10.88617473915589
run_0034,25,2023-11-15T11:57:58.571465+00:00,node_1,11.203591,OK,major,minor,30.800835619120075,10.88617473915589
run_0034,25,2023-11-15T11:57:58.691210+00:00,node_2,7.556008,OK,major,minor,30.800835619120075,10.88617473915589
run_0034,25,2023-11-15T11:57:58.563275+00:00,node_3,7.014335,OK,major,minor,30.800835619120075,10.88617473915589
run_0034,26,2023-11-15T11:58:18.169724+00:00,node_1,11.263847,OK,major,minor,30.800835619120075,10.88617473915589
run_0034,26,2023-11-15T11:58:18.110543+00:00,node_2,7.744955,OK,major,minor,30.800835619120075,10.88617473915589
run_0034,26,2023-11-15T11:58:18.090929+00:00,node_3,7.169227,OK,major,minor,30.800835619120075,10.88617473915589
run_0034,27,2023-11-15T11:58:37.970104+00:00,node_1,11.081007,OK,major,minor,30.800835619120075,10.88617473915589
run_0034,27,2023-11-15T11:58:37.884195+00:00,node_2,7.833851,OK,major,minor,30.800835619120075,10.88617473915589
run_0034,27,2023-11-15T11:58:38.080895+00:00,node_3,6.886187,OK,major,minor,30.800835619120075,10.88617473915589
run_0034,28,2023-11-15T11:58:58.294215+00:00,node_1,11.412619,OK,major,minor,30.800835619120075,10.88617473915589
run_0034,28,2023-11-15T11:58:58.334045+00:00,node_2,8.000842,OK,major,minor,30.800835619120075,10.88617473915589
run_0034,28,2023-11-15T11:58:58.271545+00:00,node_3,6.825794,OK,major,minor,30.800835619120075,10.88617473915589
run_0034,29,2023-11-15T11:59:18.077150+00:00,node_1,11.009318,OK,major,minor,30.800835619120075,10.88617473915589
run_0034,29,2023-11-15T11:59:18.190085+00:00,node_2,7.498604,OK,major,minor,30.800835619120075,10.88617473915589
run_0034,29,2023-11-15T11:59:18.260940+00:00,node_3,6.832894,OK,major,minor,30.800835619120075,10.88617473915589
run_0034,30,2023-11-15T11:59:37.863088+00:00,node_1,11.470827,OK,major,minor,30.800835619120075,10.88617473915589
run_0034,30,2023-11-15T11:59:38.130849+00:00,node_2,7.970954,OK,major,minor,30.800835619120075,10.88617473915589
run_0034,30,2023-11-15T11:59:37.967955+00:00,node_3,7.021085,OK,major,minor,30.800835619120075,10.88617473915589
run_0034,31,2023-11-15T11:59:58.194216+00:00,node_1,10.824713,OK,normal,normal,0.0,0.0
run_0034,31,2023-11-15T11:59:57.949004+00:00,node_2,11.448507,OK,normal,normal,0.0,0.0
run_0034,31,2023-11-15T11:59:58.065485+00:00,node_3,11.302223,OK,normal,normal,0.0,0.0
run_0034,32,2023-11-15T12:00:18.201384+00:00,node_1,11.169228,OK,normal,normal,0.0,0.0
run_0034,32,2023-11-15T12:00:18.583727+00:00,node_2,10.999432,OK,normal,normal,0.0,0.0
run_0034,32,2023-11-15T12:00:18.240705+00:00,node_3,11.416216,OK,normal,normal,0.0,0.0
run_0034,33,2023-11-15T12:00:38.623005+00:00,node_1,11.158784,OK,normal,normal,0.0,0.0
run_0034,33,2023-11-15T12:00:38.766051+00:00,node_2,11.190413,OK,normal,normal,0.0,0.0
run_0034,33,2023-11-15T12:00:38.528870+00:00,node_3,11.553784,OK,normal,normal,0.0,0.0
run_0034,34,2023-11-15T12:00:59.045851+00:00,node_1,11.170818,OK,normal,normal,0.0,0.0
run_0034,34,2023-11-15T12:00:59.094698+00:00,node_2,11.44939,OK,normal,normal,0.0,0.0
run_0034,34,2023-11-15T12:00:58.941182+00:00,node_3,11.334472,OK,normal,normal,0.0,0.0
run_0034,35,2023-11-15T12:01:19.092237+00:00,node_1,11.366719,OK,normal,normal,0.0,0.0
run_0034,35,2023-11-15T12:01:18.812157+00:00,node_2,11.197919,OK,normal,normal,0.0,0.0
run_0034,35,2023-11-15T12:01:18.831696+00:00,node_3,11.466814,OK,normal,normal,0.0,0.0
run_0035,0,2023-11-15T12:13:39.871334+00:00,node_1,10.204123,OK,normal,normal,0.0,0.0
run_0035,0,2023-11-15T12:13:40.073806+00:00,node_2,10.107627,OK,normal,normal,0.0,0.0
run_0035,0,2023-11-15T12:13:39.734658+00:00,node_3,10.369742,OK,normal,normal,0.0,0.0
run_0035,1,2023-11-15T12:13:59.892699+00:00,node_1,10.58365,OK,normal,normal,0.0,0.0
run_0035,1,2023-11-15T12:13:59.704454+00:00,node_2,10.026027,OK,normal,normal,0.0,0.0
run_0035,1,2023-11-15T12:13:59.662898+00:00,node_3,10.18589,OK,normal,normal,0.0,0.0
run_0035,2,2023-11-15T12:14:19.714236+00:00,node_1,10.520371,OK,normal,normal,0.0,0.0
run_0035,2,2023-11-15T12:14:19.472913+00:00,node_2,10.371658,OK,normal,normal,0.0,0.0
run_0035,2,2023-11-15T12:14:19.596295+00:00,node_3,9.811683,OK,normal,normal,0.0,0.0
run_0035,3,2023-11-15T12:14:39.562667+00:00,node_1,10.318305,OK,normal,normal,0.0,0.0
run_0035,3,2023-11-15T12:14:39.624318+00:00,node_2,10.518559,OK,normal,normal,0.0,0.0
run_0035,3,2023-11-15T12:14:39.802891+00:00,node_3,10.511169,OK,normal,normal,0.0,0.0
run_0035,4,2023-11-15T12:14:59.580922+00:00,node_1,10.246433,OK,normal,normal,0.0,0.0
run_0035,4,2023-11-15T12:14:59.335935+00:00,node_2,10.852027,OK,normal,normal,0.0,0.0
run_0035,4,2023-11-15T12:14:59.362271+00:00,node_3,10.433989,OK,normal,normal,0.0,0.0
run_0035,5,2023-11-15T12:15:19.911583+00:00,node_1,10.353394,OK,major,major,27.094737282443116,47.38997928943182
run_0035,5,2023-11-15T12:15:19.870163+00:00,node_2,7.777664,OK,major,major,27.094737282443116,47.38997928943182
run_0035,5,2023-11-15T12:15:19.553232+00:00,node_3,3.971873,OK,major,major,27.094737282443116,47.38997928943182
run_0035,6,2023-11-15T12:15:40.193292+00:00,node_1,10.46445,OK,major,major,27.094737282443116,47.38997928943182
run_0035,6,2023-11-15T12:15:40.024927+00:00,node_2,7.401827,OK,major,major,27.094737282443116,47.38997928943182
run_0035,6,2023-11-15T12:15:40.148985+00:00,node_3,3.955761,OK,major,major,27.094737282443116,47.38997928943182
run_0035,7,2023-11-15T12:15:59.990421+00:00,node_1,10.682384,OK,major,major,27.094737282443116,47.38997928943182
run_0035,7,2023-11-15T12:15:59.757746+00:00,node_2,7.495632,OK,major,major,27.094737282443116,47.38997928943182
run_0035,7,2023-11-15T12:15:59.998324+00:00,node_3,4.053571,OK,major,major,27.094737282443116,47.38997928943182
run_0035,8,2023-11-15T12:16:20.188473+00:00,node_1,10.295826,OK,major,major,27.094737282443116,47.38997928943182
run_0035,8,2023-11-15T12:16:20.337929+00:00,node_2,7.828378,OK,major,major,27.094737282443116,47.38997928943182
run_0035,8,2023-11-15T12:16:20.177831+00:00,node_3,4.062457,OK,major,major,27.094737282443116,47.38997928943182
run_0035,9,2023-11-15T12:16:40.257771+00:00,node_1,10.676453,OK,major,major,27.094737282443116,47.38997928943182
run_0035,9,2023-11-15T12:16:40.178557+00:00,node_2,7.624732,OK,major,major,27.094737282443116,47.38997928943182
run_0035,9,2023-11-15T12:16:40.422525+00:00,node_3,3.868421,OK,major,major,27.094737282443116,47.38997928943182
run_0035,10,2023-11-15T12:17:00.126346+00:00,node_1,10.345737,OK,major,major,27.094737282443116,47.38997928943182
run_0035,10,2023-11-15T12:17:00.350364+00:00,node_2,7.788053,OK,major,major,27.094737282443116,47.38997928943182
run_0035,10,2023-11-15T12:17:00.013590+00:00,node_3,3.934692,OK,major,major,27.094737282443116,47.38997928943182
run_0035,11,2023-11-15T12:17:20.257416+00:00,node_1,10.440057,OK,major,major,27.094737282443116,47.38997928943182
run_0035,11,2023-11-15T12:17:20.213047+00:00,node_2,7.831308,OK,major,major,27.094737282443116,47.38997928943182
run_0035,11,2023-11-15T12:17:20.167506+00:00,node_3,3.967231,OK,major,major,27.094737282443116,47.38997928943182
run_0035,12,2023-11-15T12:17:40.708374+00:00,node_1,11.097541,OK,major,major,27.094737282443116,47.38997928943182
run_0035,12,2023-11-15T12:17:40.657806+00:00,node_2,8.298303,OK,major,major,27.094737282443116,47.38997928943182
run_0035,12,2023-11-15T12:17:40.359307+00:00,node_3,4.158791,OK,major,major,27.094737282443116,47.38997928943182
run_0035,13,2023-11-15T12:18:00.083083+00:00,node_1,10.871965,OK,major,major,27.094737282443116,47.38997928943182
run_0035,13,2023-11-15T12:18:00.163953+00:00,node_2,7.868656,OK,major,major,27.094737282443116,47.38997928943182
run_0035,13,2023-11-15T12:18:00.245397+00:00,node_3,4.229535,OK,major,major,27.094737282443116,47.38997928943182
run_0035,14,2023-11-15T12:18:20.194035+00:00,node_1,10.90714,OK,major,major,27.094737282443116,47.38997928943182
run_0035,14,2023-11-15T12:18:20.238855+00:00,node_2,7.905319,OK,major,major,27.094737282443116,47.38997928943182
run_0035,14,2023-11-15T12:18:20.316033+00:00,node_3,4.236019,OK,major,major,27.094737282443116,47.38997928943182
run_0035,15,2023-11-15T12:18:40.551790+00:00,node_1,11.047556,OK,major,major,27.094737282443116,47.38997928943182
run_0035,15,2023-11-15T12:18:40.711764+00:00,node_2,8.036352,OK,major,major,27.094737282443116,47.38997928943182
run_0035,15,2023-11-15T12:18:40.661390+00:00,node_3,4.218511,OK,major,major,27.094737282443116,47.38997928943182
run_0035,16,2023-11-15T12:19:00.454190+00:00,node_1,10.978416,OK,major,major,27.094737282443116,47.38997928943182
run_0035,16,2023-11-15T12:19:00.316785+00:00,node_2,8.176817,OK,major,major,27.094737282443116,47.38997928943182
run_0035,16,2023-11-15T12:19:00.234637+00:00,node_3,4.294997,OK,major,major,27.094737282443116,47.38997928943182
run_0035,17,2023-11-15T12:19:20.540293+00:00,node_1,10.573346,OK,major,major,27.094737282443116,47.38997928943182
run_0035,17,2023-11-15T12:19:20.511599+00:00,node_2,8.045747,OK,major,major,27.094737282443116,47.38997928943182
run_0035,17,2023-11-15T12:19:20.440742+00:00,node_3,4.109744,OK,major,major,27.094737282443116,47.38997928943182
run_0035,18,2023-11-15T12:19:40.492673+00:00,node_1,10.815761,OK,major,major,27.094737282443116,47.38997928943182
run_0035,18,2023-11-15T12:19:40.284184+00:00,node_2,8.164058,OK,major,major,27.094737282443116,47.38997928943182
run_0035,18,2023-11-15T12:19:40.306589+00:00,node_3,4.216837,OK,major,major,27.094737282443116,47.38997928943182
run_0035,19,2023-11-15T12:20:00.457592+00:00,node_1,10.984905,OK,major,major,27.094737282443116,47.38997928943182
run_0035,19,2023-11-15T12:20:00.228581+00:00,node_2,7.93404,OK,major,major,27.094737282443116,47.38997928943182
run_0035,19,2023-11-15T12:20:00.420054+00:00,node_3,4.324208,OK,major,major,27.094737282443116,47.38997928943182
run_0035,20,2023-11-15T12:20:20.006067+00:00,node_1,11.049277,OK,major,major,27.094737282443116,47.38997928943182
run_0035,20,2023-11-15T12:20:20.318604+00:00,node_2,8.01685,OK,major,major,27.094737282443116,47.38997928943182
run_0035,20,2023-11-15T12:20:20.184775+00:00,node_3,4.299188,OK,major,major,27.094737282443116,47.38997928943182
run_0035,21,2023-11-15T12:20:40.092092+00:00,node_1,10.92693,OK,major,major,27.094737282443116,47.38997928943182
run_0035,21,2023-11-15T12:20:40.085093+00:00,node_2,8.02027,OK,major,major,27.094737282443116,47.38997928943182
run_0035,21,2023-11-15T12:20:40.168092+00:00,node_3,4.174036,OK,major,major,27.094737282443116,47.38997928943182
run_0035,22,2023-11-15T12:21:00.224133+00:00,node_1,10.777073,OK,major,major,27.094737282443116,47.38997928943182
run_0035,22,2023-11-15T12:21:00.079471+00:00,node_2,7.876111,OK,major,major,27.094737282443116,47.38997928943182
run_0035,22,2023-11-15T12:21:00.230953+00:00,node_3,4.222511,OK,major,major,27.094737282443116,47.38997928943182
run_0035,23,2023-11-15T12:21:20.668714+00:00,node_1,11.367647,OK,major,major,27.094737282443116,47.38997928943182
run_0035,23,2023-11-15T12:21:20.597786+00:00,node_2,7.960537,OK,major,major,27.094737282443116,47.38997928943182
run_0035,23,2023-11-15T12:21:20.680458+00:00,node_3,4.268595,OK,major,major,27.094737282443116,47.38997928943182
run_0035,24,2023-11-15T12:21:40.092487+00:00,node_1,8.10004,OK,major,major,27.094737282443116,47.38997928943182
run_0035,24,2023-11-15T12:21:40.053899+00:00,node_2,5.865611,OK,major,major,27.094737282443116,47.38997928943182
run_0035,24,2023-11-15T12:21:40.025314+00:00,node_3,3.126144,OK,major,major,27.094737282443116,47.38997928943182
run_0035,25,2023-11-15T12:22:00.200699+00:00,node_1,8.231303,OK,major,major,27.094737282443116,47.38997928943182
run_0035,25,2023-11-15T12:22:00.203719+00:00,node_2,5.952461,OK,major,major,27.094737282443116,47.38997928943182
run_0035,25,2023-11-15T12:22:00.447452+00:00,node_3,3.024601,OK,major,major,27.094737282443116,47.38997928943182
run_0035,26,2023-11-15T12:22:20.256086+00:00,node_1,8.154183,OK,major,major,27.094737282443116,47.38997928943182
run_0035,26,2023-11-15T12:22:19.973137+00:00,node_2,5.939687,OK,major,major,27.094737282443116,47.38997928943182
run_0035,26,2023-11-15T12:22:20.299341+00:00,node_3,3.056306,OK,major,major,27.094737282443116,47.38997928943182
run_0035,27,2023-11-15T12:22:40.368186+00:00,node_1,8.375005,OK,major,major,27.094737282443116,47.38997928943182
run_0035,27,2023-11-15T12:22:40.176014+00:00,node_2,6.012321,OK,major,major,27.094737282443116,47.38997928943182
run_0035,27,2023-11-15T12:22:40.180629+00:00,node_3,3.214501,OK,major,major,27.094737282443116,47.38997928943182
run_0035,28,2023-11-15T12:23:00.142089+00:00,node_1,8.168315,OK,major,major,27.094737282443116,47.38997928943182
run_0035,28,2023-11-15T12:23:00.249583+00:00,node_2,5.934626,OK,major,major,27.094737282443116,47.38997928943182
run_0035,28,2023-11-15T12:23:00.177518+00:00,node_3,3.22172,OK,major,major,27.094737282443116,47.38997928943182
run_0035,29,2023-11-15T12:23:19.928813+00:00,node_1,8.1339,OK,major,major,27.094737282443116,47.38997928943182
run_0035,29,2023-11-15T12:23:19.833318+00:00,node_2,6.093272,OK,major,major,27.094737282443116,47.38997928943182
run_0035,29,2023-11-15T12:23:19.742358+00:00,node_3,3.099385,OK,major,major,27.094737282443116,47.38997928943182
run_0035,30,2023-11-15T12:23:39.951733+00:00,node_1,8.15216,OK,major,major,27.094737282443116,47.38997928943182
run_0035,30,2023-11-15T12:23:40.123177+00:00,node_2,5.946916,OK,major,major,27.094737282443116,47.38997928943182
run_0035,30,2023-11-15T12:23:39.892040+00:00,node_3,3.122798,OK,major,major,27.094737282443116,47.38997928943182
run_0035,31,2023-11-15T12:23:59.775921+00:00,node_1,8.199445,OK,normal,normal,0.0,0.0
run_0035,31,2023-11-15T12:23:59.909120+00:00,node_2,7.915946,OK,normal,normal,0.0,0.0
run_0035,31,2023-11-15T12:23:59.556949+00:00,node_3,8.316452,OK,normal,normal,0.0,0.0
run_0035,32,2023-11-15T12:24:19.354185+00:00,node_1,8.006134,OK,normal,normal,0.0,0.0
run_0035,32,2023-11-15T12:24:19.443604+00:00,node_2,8.301893,OK,normal,normal,0.0,0.0
run_0035,32,2023-11-15T12:24:19.543411+00:00,node_3,8.336135,OK,normal,normal,0.0,0.0
run_0035,33,2023-11-15T12:24:39.408319+00:00,node_1,8.387628,OK,normal,normal,0.0,0.0
run_0035,33,2023-11-15T12:24:39.367754+00:00,node_2,8.069748,OK,normal,normal,0.0,0.0
run_0035,33,2023-11-15T12:24:39.436086+00:00,node_3,8.262863,OK,normal,normal,0.0,0.0
run_0035,34,2023-11-15T12:24:59.635918+00:00,node_1,8.105768,OK,normal,normal,0.0,0.0
run_0035,34,2023-11-15T12:24:59.577994+00:00,node_2,8.117548,OK,normal,normal,0.0,0.0
run_0035,34,2023-11-15T12:24:59.484965+00:00,node_3,7.822855,OK,normal,normal,0.0,0.0
run_0035,35,2023-11-15T12:25:19.687138+00:00,node_1,8.287663,OK,normal,normal,0.0,0.0
run_0035,35,2023-11-15T12:25:19.513939+00:00,node_2,8.390892,OK,normal,normal,0.0,0.0
run_0035,35,2023-11-15T12:25:19.523383+00:00,node_3,7.682487,OK,normal,normal,0.0,0.0
run_0036,0,2023-11-15T12:37:40.387285+00:00,node_1,8.859058,OK,normal,normal,0.0,0.0
run_0036,0,2023-11-15T12:37:40.066808+00:00,node_2,8.846879,OK,normal,normal,0.0,0.0
run_0036,0,2023-11-15T12:37:40.319780+00:00,node_3,8.747345,OK,normal,normal,0.0,0.0
run_0036,1,2023-11-15T12:38:00.148036+00:00,node_1,8.447444,OK,normal,normal,0.0,0.0
run_0036,1,2023-11-15T12:38:00.105963+00:00,node_2,8.583592,OK,normal,normal,0.0,0.0
run_0036,1,2023-11-15T12:38:00.357062+00:00,node_3,8.847144,OK,normal,normal,0.0,0.0
run_0036,2,2023-11-15T12:38:20.278273+00:00,node_1,8.550026,OK,normal,normal,0.0,0.0
run_0036,2,2023-11-15T12:38:20.338921+00:00,node_2,8.500112,OK,normal,normal,0.0,0.0
run_0036,2,2023-11-15T12:38:20.211405+00:00,node_3,8.511645,OK,normal,normal,0.0,0.0
run_0036,3,2023-11-15T12:38:40.321316+00:00,node_1,8.445689,OK,normal,normal,0.0,0.0
run_0036,3,2023-11-15T12:38:40.591652+00:00,node_2,8.227489,OK,normal,normal,0.0,0.0
run_0036,3,2023-11-15T12:38:40.508872+00:00,node_3,8.748084,OK,normal,normal,0.0,0.0
run_0036,4,2023-11-15T12:39:00.834500+00:00,node_1,8.873313,OK,normal,normal,0.0,0.0
run_0036,4,2023-11-15T12:39:00.562876+00:00,node_2,8.865958,OK,normal,normal,0.0,0.0
run_0036,4,2023-11-15T12:39:00.529556+00:00,node_3,8.730099,OK,normal,normal,0.0,0.0
run_0036,5,2023-11-15T12:39:21.161936+00:00,node_1,8.753953,OK,normal,normal,0,0
run_0036,5,2023-11-15T12:39:20.908761+00:00,node_2,8.47248,OK,normal,normal,0,0
run_0036,5,2023-11-15T12:39:21.071795+00:00,node_3,8.619531,OK,normal,normal,0,0
run_0036,6,2023-11-15T12:39:40.699892+00:00,node_1,8.797993,OK,normal,normal,0,0
run_0036,6,2023-11-15T12:39:40.719312+00:00,node_2,8.320137,OK,normal,normal,0,0
run_0036,6,2023-11-15T12:39:40.937782+00:00,node_3,8.339534,OK,normal,normal,0,0
run_0036,7,2023-11-15T12:40:01.153755+00:00,node_1,8.546897,OK,normal,normal,0,0
run_0036,7,2023-11-15T12:40:01.120362+00:00,node_2,8.485138,OK,normal,normal,0,0
run_0036,7,2023-11-15T12:40:01.167702+00:00,node_3,8.701625,OK,normal,normal,0,0
run_0036,8,2023-11-15T12:40:20.677930+00:00,node_1,8.952253,OK,normal,normal,0,0
run_0036,8,2023-11-15T12:40:20.884690+00:00,node_2,8.686904,OK,normal,normal,0,0
run_0036,8,2023-11-15T12:40:20.800863+00:00,node_3,8.807273,OK,normal,normal,0,0
run_0036,9,2023-11-15T12:40:41.015647+00:00,node_1,8.874695,OK,normal,normal,0,0
run_0036,9,2023-11-15T12:40:41.127314+00:00,node_2,8.534741,OK,normal,normal,0,0
run_0036,9,2023-11-15T12:40:41.046178+00:00,node_3,8.928191,OK,normal,normal,0,0
run_0036,10,2023-11-15T12:41:01.153139+00:00,node_1,8.982276,OK,normal,normal,0,0
run_0036,10,2023-11-15T12:41:00.816101+00:00,node_2,8.952746,OK,normal,normal,0,0
run_0036,10,2023-11-15T12:41:00.823432+00:00,node_3,8.892744,OK,normal,normal,0,0
run_0036,11,2023-11-15T12:41:21.078071+00:00,node_1,8.936162,OK,normal,normal,0,0
run_0036,11,2023-11-15T12:41:21.323133+00:00,node_2,8.396482,OK,normal,normal,0,0
run_0036,11,2023-11-15T12:41:21.188031+00:00,node_3,8.600095,OK,normal,normal,0,0
run_0036,12,2023-11-15T12:41:41.211708+00:00,node_1,8.37123,OK,normal,normal,0,0
run_0036,12,2023-11-15T12:41:41.266290+00:00,node_2,8.260829,OK,normal,normal,0,0
run_0036,12,2023-11-15T12:41:41.269770+00:00,node_3,8.459752,OK,normal,normal,0,0
run_0036,13,2023-11-15T12:42:01.742320+00:00,node_1,8.211228,OK,normal,normal,0,0
run_0036,13,2023-11-15T12:42:01.700075+00:00,node_2,8.675655,OK,normal,normal,0,0
run_0036,13,2023-11-15T12:42:01.588319+00:00,node_3,8.339804,OK,normal,normal,0,0
run_0036,14,2023-11-15T12:42:21.579361+00:00,node_1,8.257659,OK,normal,normal,0,0
run_0036,14,2023-11-15T12:42:21.366317+00:00,node_2,8.336386,OK,normal,normal,0,0
run_0036,14,2023-11-15T12:42:21.502474+00:00,node_3,8.575141,OK,normal,normal,0,0
run_0036,15,2023-11-15T12:42:41.414572+00:00,node_1,8.200916,OK,normal,normal,0,0
run_0036,15,2023-11-15T12:42:41.704823+00:00,node_2,7.861779,OK,normal,normal,0,0
run_0036,15,2023-11-15T12:42:41.482043+00:00,node_3,8.227119,OK,normal,normal,0,0
run_0036,16,2023-11-15T12:43:01.249097+00:00,node_1,8.46112,OK,normal,normal,0,0
run_0036,16,2023-11-15T12:43:01.196421+00:00,node_2,8.440792,OK,normal,normal,0,0
run_0036,16,2023-11-15T12:43:01.109908+00:00,node_3,8.487887,OK,normal,normal,0,0
run_0036,17,2023-11-15T12:43:21.210068+00:00,node_1,8.864788,OK,normal,normal,0,0
run_0036,17,2023-11-15T12:43:21.158852+00:00,node_2,8.588238,OK,normal,normal,0,0
run_0036,17,2023-11-15T12:43:20.984925+00:00,node_3,8.516128,OK,normal,normal,0,0
run_0036,18,2023-11-15T12:43:41.512214+00:00,node_1,8.72169,OK,normal,normal,0,0
run_0036,18,2023-11-15T12:43:41.494788+00:00,node_2,8.60723,OK,normal,normal,0,0
run_0036,18,2023-11-15T12:43:41.522650+00:00,node_3,8.186772,OK,normal,normal,0,0
run_0036,19,2023-11-15T12:44:01.579525+00:00,node_1,8.429687,OK,normal,normal,0,0
run_0036,19,2023-11-15T12:44:01.244827+00:00,node_2,8.392035,OK,normal,normal,0,0
run_0036,19,2023-11-15T12:44:01.241085+00:00,node_3,8.117953,OK,normal,normal,0,0
run_0036,20,2023-11-15T12:44:21.893327+00:00,node_1,8.770571,OK,normal,normal,0,0
run_0036,20,2023-11-15T12:44:21.883283+00:00,node_2,8.634956,OK,normal,normal,0,0
run_0036,20,2023-11-15T12:44:21.567381+00:00,node_3,8.677957,OK,normal,normal,0,0
run_0036,21,2023-11-15T12:44:41.872578+00:00,node_1,8.540595,OK,normal,normal,0,0
run_0036,21,2023-11-15T12:44:41.900546+00:00,node_2,8.594771,OK,normal,normal,0,0
run_0036,21,2023-11-15T12:44:41.661614+00:00,node_3,8.504504,OK,normal,normal,0,0
run_0036,22,2023-11-15T12:45:02.208487+00:00,node_1,8.395482,OK,normal,normal,0,0
run_0036,22,2023-11-15T12:45:02.302483+00:00,node_2,8.676426,OK,normal,normal,0,0
run_0036,22,2023-11-15T12:45:02.131299+00:00,node_3,8.395123,OK,normal,normal,0,0
run_0036,23,2023-11-15T12:45:22.545056+00:00,node_1,8.574555,OK,normal,normal,0,0
run_0036,23,2023-11-15T12:45:22.477809+00:00,node_2,8.651962,OK,normal,normal,0,0
run_0036,23,2023-11-15T12:45:22.568782+00:00,node_3,8.520943,OK,normal,normal,0,0
run_0036,24,2023-11-15T12:45:42.146560+00:00,node_1,9.915029,OK,normal,normal,0,0
run_0036,24,2023-11-15T12:45:42.279518+00:00,node_2,9.905743,OK,normal,normal,0,0
run_0036,24,2023-11-15T12:45:41.945664+00:00,node_3,10.078905,OK,normal,normal,0,0
run_0036,25,2023-11-15T12:46:01.990654+00:00,node_1,9.904192,OK,normal,normal,0,0
run_0036,25,2023-11-15T12:46:01.948587+00:00,node_2,9.645696,OK,normal,normal,0,0
run_0036,25,2023-11-15T12:46:01.809889+00:00,node_3,9.528605,OK,normal,normal,0,0
run_0036,26,2023-11-15T12:46:21.672293+00:00,node_1,9.66395,OK,normal,normal,0,0
run_0036,26,2023-11-15T12:46:21.751329+00:00,node_2,10.082185,OK,normal,normal,0,0
run_0036,26,2023-11-15T12:46:21.522844+00:00,node_3,9.722612,OK,normal,normal,0,0
run_0036,27,2023-11-15T12:46:41.434150+00:00,node_1,10.031941,OK,normal,normal,0,0
run_0036,27,2023-11-15T12:46:41.696049+00:00,node_2,9.99279,OK,normal,normal,0,0
run_0036,27,2023-11-15T12:46:41.411892+00:00,node_3,9.641718,OK,normal,normal,0,0
run_0036,28,2023-11-15T12:47:01.822489+00:00,node_1,9.854442,OK,normal,normal,0,0
run_0036,28,2023-11-15T12:47:01.666340+00:00,node_2,9.821843,OK,normal,normal,0,0
run_0036,28,2023-11-15T12:47:01.630508+00:00,node_3,9.908935,OK,normal,normal,0,0
run_0036,29,2023-11-15T12:47:21.408693+00:00,node_1,9.739236,OK,normal,normal,0,0
run_0036,29,2023-11-15T12:47:21.486674+00:00,node_2,9.739565,OK,normal,normal,0,0
run_0036,29,2023-11-15T12:47:21.522198+00:00,node_3,9.681248,OK,normal,normal,0,0
run_0036,30,2023-11-15T12:47:41.422218+00:00,node_1,9.586311,OK,normal,normal,0,0
run_0036,30,2023-11-15T12:47:41.503697+00:00,node_2,9.74644,OK,normal,normal,0,0
run_0036,30,2023-11-15T12:47:41.324080+00:00,node_3,9.710997,OK,normal,normal,0,0
run_0036,31,2023-11-15T12:48:01.338935+00:00,node_1,10.111652,OK,normal,normal,0.0,0.0
run_0036,31,2023-11-15T12:48:01.283145+00:00,node_2,9.914776,OK,normal,normal,0.0,0.0
run_0036,31,2023-11-15T12:48:01.480028+00:00,node_3,9.497394,OK,normal,normal,0.0,0.0
run_0036,32,2023-11-15T12:48:21.239482+00:00,node_1,9.538119,OK,normal,normal,0.0,0.0
run_0036,32,2023-11-15T12:48:21.390254+00:00,node_2,9.83496,OK,normal,normal,0.0,0.0
run_0036,32,2023-11-15T12:48:21.215758+00:00,node_3,9.69992,OK,normal,normal,0.0,0.0
run_0036,33,2023-11-15T12:48:40.951343+00:00,node_1,9.666956,OK,normal,normal,0.0,0.0
run_0036,33,2023-11-15T12:48:41.046581+00:00,node_2,9.579564,OK,normal,normal,0.0,0.0
run_0036,33,2023-11-15T12:48:41.130774+00:00,node_3,9.67999,OK,normal,normal,0.0,0.0
run_0036,34,2023-11-15T12:49:00.870229+00:00,node_1,9.505584,OK,normal,normal,0.0,0.0
run_0036,34,2023-11-15T12:49:00.656382+00:00,node_2,9.9397,OK,normal,normal,0.0,0.0
run_0036,34,2023-11-15T12:49:00.781650+00:00,node_3,9.783279,OK,normal,normal,0.0,0.0
run_0036,35,2023-11-15T12:49:20.389400+00:00,node_1,9.749865,OK,normal,normal,0.0,0.0
run_0036,35,2023-11-15T12:49:20.526352+00:00,node_2,9.821328,OK,normal,normal,0.0,0.0
run_0036,35,2023-11-15T12:49:20.385242+00:00,node_3,9.880583,OK,normal,normal,0.0,0.0
run_0037,0,2023-11-15T13:01:39.818641+00:00,node_1,9.19963,OK,normal,normal,0.0,0.0
run_0037,0,2023-11-15T13:01:40.003841+00:00,node_2,9.318166,OK,normal,normal,0.0,0.0
run_0037,0,2023-11-15T13:01:40.058918+00:00,node_3,8.886775,OK,normal,normal,0.0,0.0
run_0037,1,2023-11-15T13:02:00.085733+00:00,node_1,9.072635,OK,normal,normal,0.0,0.0
run_0037,1,2023-11-15T13:01:59.909022+00:00,node_2,8.878645,OK,normal,normal,0.0,0.0
run_0037,1,2023-11-15T13:02:00.073082+00:00,node_3,8.935399,OK,normal,normal,0.0,0.0
run_0037,2,2023-11-15T13:02:20.092801+00:00,node_1,9.062508,OK,normal,normal,0.0,0.0
run_0037,2,2023-11-15T13:02:20.065373+00:00,node_2,9.445458,OK,normal,normal,0.0,0.0
run_0037,2,2023-11-15T13:02:20.146675+00:00,node_3,9.088558,OK,normal,normal,0.0,0.0
run_0037,3,2023-11-15T13:02:40.687676+00:00,node_1,9.039004,OK,normal,normal,0.0,0.0
run_0037,3,2023-11-15T13:02:40.447484+00:00,node_2,9.118958,OK,normal,normal,0.0,0.0
run_0037,3,2023-11-15T13:02:40.381684+00:00,node_3,8.861526,OK,normal,normal,0.0,0.0
run_0037,4,2023-11-15T13:03:00.131490+00:00,node_1,8.952046,OK,normal,normal,0.0,0.0
run_0037,4,2023-11-15T13:03:00.135406+00:00,node_2,9.052669,OK,normal,normal,0.0,0.0
run_0037,4,2023-11-15T13:03:00.197233+00:00,node_3,9.160418,OK,normal,normal,0.0,0.0
run_0037,5,2023-11-15T13:03:20.438048+00:00,node_1,8.905593,OK,normal,minor,0,13.340964111953133
run_0037,5,2023-11-15T13:03:20.521825+00:00,node_2,8.922891,OK,normal,minor,0,13.340964111953133
run_0037,5,2023-11-15T13:03:20.526623+00:00,node_3,7.975251,OK,normal,minor,0,13.340964111953133
run_0037,6,2023-11-15T13:03:40.859867+00:00,node_1,8.667094,OK,normal,minor,0,13.340964111953133
run_0037,6,2023-11-15T13:03:40.628778+00:00,node_2,8.955554,OK,normal,minor,0,13.340964111953133
run_0037,6,2023-11-15T13:03:40.882595+00:00,node_3,7.682895,OK,normal,minor,0,13.340964111953133
run_0037,7,2023-11-15T13:04:00.612114+00:00,node_1,8.654078,OK,normal,minor,0,13.340964111953133
run_0037,7,2023-11-15T13:04:00.441738+00:00,node_2,8.999744,OK,normal,minor,0,13.340964111953133
run_0037,7,2023-11-15T13:04:00.312861+00:00,node_3,7.653266,OK,normal,minor,0,13.340964111953133
run_0037,8,2023-11-15T13:04:20.363523+00:00,node_1,8.773441,OK,normal,minor,0,13.340964111953133
run_0037,8,2023-11-15T13:04:20.422499+00:00,node_2,8.760669,OK,normal,minor,0,13.340964111953133
run_0037,8,2023-11-15T13:04:20.410786+00:00,node_3,7.628116,OK,normal,minor,0,13.340964111953133
run_0037,9,2023-11-15T13:04:40.899271+00:00,node_1,8.749234,OK,normal,minor,0,13.340964111953133
run_0037,9,2023-11-15T13:04:40.608624+00:00,node_2,8.868133,OK,normal,minor,0,13.340964111953133
run_0037,9,2023-11-15T13:04:40.617929+00:00,node_3,7.66689,OK,normal,minor,0,13.340964111953133
run_0037,10,2023-11-15T13:05:00.652041+00:00,node_1,9.191362,OK,normal,minor,0,13.340964111953133
run_0037,10,2023-11-15T13:05:00.810266+00:00,node_2,8.91918,OK,normal,minor,0,13.340964111953133
run_0037,10,2023-11-15T13:05:00.495687+00:00,node_3,7.909951,OK,normal,minor,0,13.340964111953133
run_0037,11,2023-11-15T13:05:21.121502+00:00,node_1,9.036182,OK,normal,minor,0,13.340964111953133
run_0037,11,2023-11-15T13:05:20.881623+00:00,node_2,9.074244,OK,normal,minor,0,13.340964111953133
run_0037,11,2023-11-15T13:05:21.122993+00:00,node_3,7.622791,OK,normal,minor,0,13.340964111953133
run_0037,12,2023-11-15T13:05:40.657301+00:00,node_1,11.427761,OK,normal,minor,0,13.340964111953133
run_0037,12,2023-11-15T13:05:40.711567+00:00,node_2,11.244417,OK,normal,minor,0,13.340964111953133
run_0037,12,2023-11-15T13:05:40.724146+00:00,node_3,9.826684,OK,normal,minor,0,13.340964111953133
run_0037,13,2023-11-15T13:06:01.018809+00:00,node_1,11.600609,OK,normal,minor,0,13.340964111953133
run_0037,13,2023-11-15T13:06:01.139082+00:00,node_2,11.340933,OK,normal,minor,0,13.340964111953133
run_0037,13,2023-11-15T13:06:01.218595+00:00,node_3,10.118538,OK,normal,minor,0,13.340964111953133
run_0037,14,2023-11-15T13:06:20.991869+00:00,node_1,11.596275,OK,normal,minor,0,13.340964111953133
run_0037,14,2023-11-15T13:06:21.172041+00:00,node_2,11.183007,OK,normal,minor,0,13.340964111953133
run_0037,14,2023-11-15T13:06:21.250137+00:00,node_3,9.830217,OK,normal,minor,0,13.340964111953133
run_0037,15,2023-11-15T13:06:40.943368+00:00,node_1,11.619719,OK,normal,minor,0,13.340964111953133
run_0037,15,2023-11-15T13:06:41.119274+00:00,node_2,11.099198,OK,normal,minor,0,13.340964111953133
run_0037,15,2023-11-15T13:06:40.962258+00:00,node_3,10.247436,OK,normal,minor,0,13.340964111953133
run_0037,16,2023-11-15T13:07:01.152898+00:00,node_1,11.199683,OK,normal,minor,0,13.340964111953133
run_0037,16,2023-11-15T13:07:01.329329+00:00,node_2,11.410105,OK,normal,minor,0,13.340964111953133
run_0037,16,2023-11-15T13:07:01.280323+00:00,node_3,10.00329,OK,normal,minor,0,13.340964111953133
run_0037,17,2023-11-15T13:07:21.579798+00:00,node_1,11.280123,OK,normal,minor,0,13.340964111953133
run_0037,17,2023-11-15T13:07:21.661913+00:00,node_2,11.303736,OK,normal,minor,0,13.340964111953133
run_0037,17,2023-11-15T13:07:21.516305+00:00,node_3,10.248089,OK,normal,minor,0,13.340964111953133
run_0037,18,2023-11-15T13:07:41.584715+00:00,node_1,11.533833,OK,normal,minor,0,13.340964111953133
run_0037,18,2023-11-15T13:07:41.344967+00:00,node_2,11.316925,OK,normal,minor,0,13.340964111953133
run_0037,18,2023-11-15T13:07:41.625794+00:00,node_3,9.851983,OK,normal,minor,0,13.340964111953133
run_0037,19,2023-11-15T13:08:01.419938+00:00,node_1,11.533221,OK,normal,minor,0,13.340964111953133
run_0037,19,2023-11-15T13:08:01.239102+00:00,node_2,11.301961,OK,normal,minor,0,13.340964111953133
run_0037,19,2023-11-15T13:08:01.517964+00:00,node_3,9.77577,OK,normal,minor,0,13.340964111953133
run_0037,20,2023-11-15T13:08:21.614384+00:00,node_1,11.890538,OK,normal,minor,0,13.340964111953133
run_0037,20,2023-11-15T13:08:21.463785+00:00,node_2,11.416289,OK,normal,minor,0,13.340964111953133
run_0037,20,2023-11-15T13:08:21.311031+00:00,node_3,9.675642,OK,normal,minor,0,13.340964111953133
run_0037,21,2023-11-15T13:08:41.433779+00:00,node_1,12.063233,OK,normal,minor,0,13.340964111953133
run_0037,21,2023-11-15T13:08:41.570760+00:00,node_2,11.708982,OK,normal,minor,0,13.340964111953133
run_0037,21,2023-11-15T13:08:41.210159+00:00,node_3,9.865905,OK,normal,minor,0,13.340964111953133
run_0037,22,2023-11-15T13:09:01.529559+00:00,node_1,11.218305,OK,normal,minor,0,13.340964111953133
run_0037,22,2023-11-15T13:09:01.781764+00:00,node_2,11.610065,OK,normal,minor,0,13.340964111953133
run_0037,22,2023-11-15T13:09:01.873775+00:00,node_3,9.865181,OK,normal,minor,0,13.340964111953133
run_0037,23,2023-11-15T13:09:21.866745+00:00,node_1,11.477429,OK,normal,minor,0,13.340964111953133
run_0037,23,2023-11-15T13:09:21.995704+00:00,node_2,11.401777,OK,normal,minor,0,13.340964111953133
run_0037,23,2023-11-15T13:09:22.131785+00:00,node_3,10.056618,OK,normal,minor,0,13.340964111953133
run_0037,24,2023-11-15T13:09:41.889378+00:00,node_1,11.335779,OK,normal,minor,0,13.340964111953133
run_0037,24,2023-11-15T13:09:41.896414+00:00,node_2,10.799826,OK,normal,minor,0,13.340964111953133
run_0037,24,2023-11-15T13:09:41.695832+00:00,node_3,9.774647,OK,normal,minor,0,13.340964111953133
run_0037,25,2023-11-15T13:10:01.993525+00:00,node_1,10.802786,OK,normal,minor,0,13.340964111953133
run_0037,25,2023-11-15T13:10:01.729729+00:00,node_2,11.052216,OK,normal,minor,0,13.340964111953133
run_0037,25,2023-11-15T13:10:01.887972+00:00,node_3,9.79683,OK,normal,minor,0,13.340964111953133
run_0037,26,2023-11-15T13:10:21.816414+00:00,node_1,11.496411,OK,normal,minor,0,13.340964111953133
run_0037,26,2023-11-15T13:10:21.433285+00:00,node_2,11.114142,OK,normal,minor,0,13.340964111953133
run_0037,26,2023-11-15T13:10:21.555899+00:00,node_3,9.809671,OK,normal,minor,0,13.340964111953133
run_0037,27,2023-11-15T13:10:41.407823+00:00,node_1,11.524714,OK,normal,minor,0,13.340964111953133
run_0037,27,2023-11-15T13:10:41.208534+00:00,node_2,10.896252,OK,normal,minor,0,13.340964111953133
run_0037,27,2023-11-15T13:10:41.232649+00:00,node_3,9.528896,OK,normal,minor,0,13.340964111953133
run_0037,28,2023-11-15T13:11:01.559478+00:00,node_1,11.275146,OK,normal,minor,0,13.340964111953133
run_0037,28,2023-11-15T13:11:01.717960+00:00,node_2,11.007709,OK,normal,minor,0,13.340964111953133
run_0037,28,2023-11-15T13:11:01.505186+00:00,node_3,9.814005,OK,normal,minor,0,13.340964111953133
run_0037,29,2023-11-15T13:11:21.592018+00:00,node_1,11.03082,OK,normal,minor,0,13.340964111953133
run_0037,29,2023-11-15T13:11:21.831665+00:00,node_2,11.518115,OK,normal,minor,0,13.340964111953133
run_0037,29,2023-11-15T13:11:21.803642+00:00,node_3,9.267601,OK,normal,minor,0,13.340964111953133
run_0037,30,2023-11-15T13:11:41.603027+00:00,node_1,11.878049,OK,normal,minor,0,13.340964111953133
run_0037,30,2023-11-15T13:11:41.725151+00:00,node_2,11.183452,OK,normal,minor,0,13.340964111953133
run_0037,30,2023-11-15T13:11:41.467176+00:00,node_3,9.895827,OK,normal,minor,0,13.340964111953133
run_0037,31,2023-11-15T13:12:01.727853+00:00,node_1,11.413261,OK,normal,normal,0.0,0.0
run_0037,31,2023-11-15T13:12:01.944584+00:00,node_2,11.265265,OK,normal,normal,0.0,0.0
run_0037,31,2023-11-15T13:12:01.777817+00:00,node_3,11.211143,OK,normal,normal,0.0,0.0
run_0037,32,2023-11-15T13:12:21.600525+00:00,node_1,11.72029,OK,normal,normal,0.0,0.0
run_0037,32,2023-11-15T13:12:21.586638+00:00,node_2,10.860256,OK,normal,normal,0.0,0.0
run_0037,32,2023-11-15T13:12:21.635169+00:00,node_3,10.925445,OK,normal,normal,0.0,0.0
run_0037,33,2023-11-15T13:12:42.005198+00:00,node_1,11.110093,OK,normal,normal,0.0,0.0
run_0037,33,2023-11-15T13:12:42.101998+00:00,node_2,11.217134,OK,normal,normal,0.0,0.0
run_0037,33,2023-11-15T13:12:42.104958+00:00,node_3,10.792482,OK,normal,normal,0.0,0.0
run_0037,34,2023-11-15T13:13:02.270337+00:00,node_1,11.281581,OK,normal,normal,0.0,0.0
run_0037,34,2023-11-15T13:13:02.496479+00:00,node_2,11.049307,OK,normal,normal,0.0,0.0
run_0037,34,2023-11-15T13:13:02.526672+00:00,node_3,11.193624,OK,normal,normal,0.0,0.0
run_0037,35,2023-11-15T13:13:22.508848+00:00,node_1,11.42548,OK,normal,normal,0.0,0.0
run_0037,35,2023-11-15T13:13:22.537544+00:00,node_2,11.323005,OK,normal,normal,0.0,0.0
run_0037,35,2023-11-15T13:13:22.682434+00:00,node_3,10.951821,OK,normal,normal,0.0,0.0
run_0038,0,2023-11-15T13:25:40.030156+00:00,node_1,10.117431,OK,normal,normal,0.0,0.0
run_0038,0,2023-11-15T13:25:40.056943+00:00,node_2,9.919148,OK,normal,normal,0.0,0.0
run_0038,0,2023-11-15T13:25:39.831361+00:00,node_3,10.258717,OK,normal,normal,0.0,0.0
run_0038,1,2023-11-15T13:26:00.024345+00:00,node_1,10.026501,OK,normal,normal,0.0,0.0
run_0038,1,2023-11-15T13:26:00.069237+00:00,node_2,10.422923,OK,normal,normal,0.0,0.0
run_0038,1,2023-11-15T13:26:00.154573+00:00,node_3,10.072161,OK,normal,normal,0.0,0.0
run_0038,2,2023-11-15T13:26:19.825159+00:00,node_1,10.388557,OK,normal,normal,0.0,0.0
run_0038,2,2023-11-15T13:26:19.933580+00:00,node_2,10.337533,OK,normal,normal,0.0,0.0
run_0038,2,2023-11-15T13:26:19.989799+00:00,node_3,10.203446,OK,normal,normal,0.0,0.0
run_0038,3,2023-11-15T13:26:40.099810+00:00,node_1,9.883773,OK,normal,normal,0.0,0.0
run_0038,3,2023-11-15T13:26:40.109547+00:00,node_2,10.161364,OK,normal,normal,0.0,0.0
run_0038,3,2023-11-15T13:26:39.829771+00:00,node_3,10.148223,OK,normal,normal,0.0,0.0
run_0038,4,2023-11-15T13:27:00.226592+00:00,node_1,10.086963,OK,normal,normal,0.0,0.0
run_0038,4,2023-11-15T13:27:00.293871+00:00,node_2,10.329688,OK,normal,normal,0.0,0.0
run_0038,4,2023-11-15T13:27:00.207418+00:00,node_3,10.059141,OK,normal,normal,0.0,0.0
run_0038,5,2023-11-15T13:27:20.581120+00:00,node_1,10.208765,OK,normal,major,0,32.21019525143083
run_0038,5,2023-11-15T13:27:20.433601+00:00,node_2,10.181547,OK,normal,major,0,32.21019525143083
run_0038,5,2023-11-15T13:27:20.324502+00:00,node_3,6.917549,OK,normal,major,0,32.21019525143083
run_0038,6,2023-11-15T13:27:40.913113+00:00,node_1,10.352252,OK,normal,major,0,32.21019525143083
run_0038,6,2023-11-15T13:27:40.798872+00:00,node_2,10.261904,OK,normal,major,0,32.21019525143083
run_0038,6,2023-11-15T13:27:40.874948+00:00,node_3,6.871317,OK,normal,major,0,32.21019525143083
run_0038,7,2023-11-15T13:28:01.091386+00:00,node_1,10.081338,OK,normal,major,0,32.21019525143083
run_0038,7,2023-11-15T13:28:00.972943+00:00,node_2,10.168246,OK,normal,major,0,32.21019525143083
run_0038,7,2023-11-15T13:28:01.235189+00:00,node_3,7.073263,OK,normal,major,0,32.21019525143083
run_0038,8,2023-11-15T13:28:21.234545+00:00,node_1,10.103257,OK,normal,major,0,32.21019525143083
run_0038,8,2023-11-15T13:28:21.201581+00:00,node_2,10.135429,OK,normal,major,0,32.21019525143083
run_0038,8,2023-11-15T13:28:21.371148+00:00,node_3,6.723807,OK,normal,major,0,32.21019525143083
run_0038,9,2023-11-15T13:28:41.461855+00:00,node_1,10.305319,OK,normal,major,0,32.21019525143083
run_0038,9,2023-11-15T13:28:41.306854+00:00,node_2,9.985443,OK,normal,major,0,32.21019525143083
run_0038,9,2023-11-15T13:28:41.315625+00:00,node_3,6.686695,OK,normal,major,0,32.21019525143083
run_0038,10,2023-11-15T13:29:01.111944+00:00,node_1,9.867938,OK,normal,major,0,32.21019525143083
run_0038,10,2023-11-15T13:29:01.203164+00:00,node_2,10.321921,OK,normal,major,0,32.21019525143083
run_0038,10,2023-11-15T13:29:01.432420+00:00,node_3,7.000636,OK,normal,major,0,32.21019525143083
run_0038,11,2023-11-15T13:29:21.560487+00:00,node_1,10.221054,OK,normal,major,0,32.21019525143083
run_0038,11,2023-11-15T13:29:21.500304+00:00,node_2,10.568506,OK,normal,major,0,32.21019525143083
run_0038,11,2023-11-15T13:29:21.401564+00:00,node_3,6.982099,OK,normal,major,0,32.21019525143083
run_0038,12,2023-11-15T13:29:41.391497+00:00,node_1,9.186201,OK,normal,major,0,32.21019525143083
run_0038,12,2023-11-15T13:29:41.416202+00:00,node_2,8.898461,OK,normal,major,0,32.21019525143083
run_0038,12,2023-11-15T13:29:41.170882+00:00,node_3,6.067991,OK,normal,major,0,32.21019525143083
run_0038,13,2023-11-15T13:30:01.087507+00:00,node_1,9.36103,OK,normal,major,0,32.21019525143083
run_0038,13,2023-11-15T13:30:01.005738+00:00,node_2,9.117276,OK,normal,major,0,32.21019525143083
run_0038,13,2023-11-15T13:30:01.195975+00:00,node_3,6.500847,OK,normal,major,0,32.21019525143083
run_0038,14,2023-11-15T13:30:21.220138+00:00,node_1,9.186275,OK,normal,major,0,32.21019525143083
run_0038,14,2023-11-15T13:30:21.039578+00:00,node_2,9.138487,OK,normal,major,0,32.21019525143083
run_0038,14,2023-11-15T13:30:21.076336+00:00,node_3,6.106726,OK,normal,major,0,32.21019525143083
run_0038,15,2023-11-15T13:30:41.153237+00:00,node_1,9.239516,OK,normal,major,0,32.21019525143083
run_0038,15,2023-11-15T13:30:41.320510+00:00,node_2,9.137618,OK,normal,major,0,32.21019525143083
run_0038,15,2023-11-15T13:30:41.330238+00:00,node_3,6.182437,OK,normal,major,0,32.21019525143083
run_0038,16,2023-11-15T13:31:01.497113+00:00,node_1,9.248513,OK,normal,major,0,32.21019525143083
run_0038,16,2023-11-15T13:31:01.769993+00:00,node_2,9.09146,OK,normal,major,0,32.21019525143083
run_0038,16,2023-11-15T13:31:01.554667+00:00,node_3,6.216799,OK,normal,major,0,32.21019525143083
run_0038,17,2023-11-15T13:31:21.396087+00:00,node_1,9.063198,OK,normal,major,0,32.21019525143083
run_0038,17,2023-11-15T13:31:21.687292+00:00,node_2,9.152975,OK,normal,major,0,32.21019525143083
run_0038,17,2023-11-15T13:31:21.334132+00:00,node_3,6.222553,OK,normal,major,0,32.21019525143083
run_0038,18,2023-11-15T13:31:41.775721+00:00,node_1,9.279938,OK,normal,major,0,32.21019525143083
run_0038,18,2023-11-15T13:31:42.001707+00:00,node_2,9.135456,OK,normal,major,0,32.21019525143083
run_0038,18,2023-11-15T13:31:41.945996+00:00,node_3,6.396614,OK,normal,major,0,32.21019525143083
run_0038,19,2023-11-15T13:32:01.933719+00:00,node_1,9.149482,OK,normal,major,0,32.21019525143083
run_0038,19,2023-11-15T13:32:01.884434+00:00,node_2,9.278883,OK,normal,major,0,32.21019525143083
run_0038,19,2023-11-15T13:32:01.780846+00:00,node_3,5.916818,OK,normal,major,0,32.21019525143083
run_0038,20,2023-11-15T13:32:21.513292+00:00,node_1,9.462609,OK,normal,major,0,32.21019525143083
run_0038,20,2023-11-15T13:32:21.380774+00:00,node_2,9.380157,OK,normal,major,0,32.21019525143083
run_0038,20,2023-11-15T13:32:21.575209+00:00,node_3,6.286381,OK,normal,major,0,32.21019525143083
run_0038,21,2023-11-15T13:32:41.769874+00:00,node_1,8.797913,OK,normal,major,0,32.21019525143083
run_0038,21,2023-11-15T13:32:41.480887+00:00,node_2,9.436156,OK,normal,major,0,32.21019525143083
run_0038,21,2023-11-15T13:32:41.484128+00:00,node_3,6.254733,OK,normal,major,0,32.21019525143083
run_0038,22,2023-11-15T13:33:01.671282+00:00,node_1,8.897744,OK,normal,major,0,32.21019525143083
run_0038,22,2023-11-15T13:33:01.589340+00:00,node_2,9.112996,OK,normal,major,0,32.21019525143083
run_0038,22,2023-11-15T13:33:01.816902+00:00,node_3,6.054919,OK,normal,major,0,32.21019525143083
run_0038,23,2023-11-15T13:33:21.947105+00:00,node_1,9.274185,OK,normal,major,0,32.21019525143083
run_0038,23,2023-11-15T13:33:21.823851+00:00,node_2,9.619676,OK,normal,major,0,32.21019525143083
run_0038,23,2023-11-15T13:33:21.639174+00:00,node_3,6.331058,OK,normal,major,0,32.21019525143083
run_0038,24,2023-11-15T13:33:41.611670+00:00,node_1,10.166716,OK,normal,major,0,32.21019525143083
run_0038,24,2023-11-15T13:33:41.650459+00:00,node_2,10.363167,OK,normal,major,0,32.21019525143083
run_0038,24,2023-11-15T13:33:41.475467+00:00,node_3,6.829363,OK,normal,major,0,32.21019525143083
run_0038,25,2023-11-15T13:34:01.306969+00:00,node_1,10.440774,OK,normal,major,0,32.21019525143083
run_0038,25,2023-11-15T13:34:01.317753+00:00,node_2,10.473488,OK,normal,major,0,32.21019525143083
run_0038,25,2023-11-15T13:34:01.322707+00:00,node_3,7.170675,OK,normal,major,0,32.21019525143083
run_0038,26,2023-11-15T13:34:21.689891+00:00,node_1,10.71393,OK,normal,major,0,32.21019525143083
run_0038,26,2023-11-15T13:34:21.624698+00:00,node_2,10.61111,OK,normal,major,0,32.21019525143083
run_0038,26,2023-11-15T13:34:21.561435+00:00,node_3,7.294301,OK,normal,major,0,32.21019525143083
run_0038,27,2023-11-15T13:34:41.176371+00:00,node_1,10.059322,OK,normal,major,0,32.21019525143083
run_0038,27,2023-11-15T13:34:41.185009+00:00,node_2,10.49854,OK,normal,major,0,32.21019525143083
run_0038,27,2023-11-15T13:34:41.359903+00:00,node_3,7.139691,OK,normal,major,0,32.21019525143083
run_0038,28,2023-11-15T13:35:00.929154+00:00,node_1,10.251688,OK,normal,major,0,32.21019525143083
run_0038,28,2023-11-15T13:35:00.995056+00:00,node_2,10.251934,OK,normal,major,0,32.21019525143083
run_0038,28,2023-11-15T13:35:01.209930+00:00,node_3,6.963928,OK,normal,major,0,32.21019525143083
run_0038,29,2023-11-15T13:35:21.565338+00:00,node_1,10.299122,OK,normal,major,0,32.21019525143083
run_0038,29,2023-11-15T13:35:21.201820+00:00,node_2,10.213153,OK,normal,major,0,32.21019525143083
run_0038,29,2023-11-15T13:35:21.348403+00:00,node_3,6.968597,OK,normal,major,0,32.21019525143083
run_0038,30,2023-11-15T13:35:41.274462+00:00,node_1,10.293537,OK,normal,major,0,32.21019525143083
run_0038,30,2023-11-15T13:35:41.330826+00:00,node_2,10.316457,OK,normal,major,0,32.21019525143083
run_0038,30,2023-11-15T13:35:41.324450+00:00,node_3,7.006326,OK,normal,major,0,32.21019525143083
run_0038,31,2023-11-15T13:36:01.002042+00:00,node_1,10.282794,OK,normal,normal,0.0,0.0
run_0038,31,2023-11-15T13:36:01.033693+00:00,node_2,10.47238,OK,normal,normal,0.0,0.0
run_0038,31,2023-11-15T13:36:01.018286+00:00,node_3,10.361585,OK,normal,normal,0.0,0.0
run_0038,32,2023-11-15T13:36:20.827885+00:00,node_1,10.689318,OK,normal,normal,0.0,0.0
run_0038,32,2023-11-15T13:36:20.576414+00:00,node_2,10.614766,OK,normal,normal,0.0,0.0
run_0038,32,2023-11-15T13:36:20.896243+00:00,node_3,10.137516,OK,normal,normal,0.0,0.0
run_0038,33,2023-11-15T13:36:41.210386+00:00,node_1,9.979238,OK,normal,normal,0.0,0.0
run_0038,33,2023-11-15T13:36:41.087277+00:00,node_2,10.267937,OK,normal,normal,0.0,0.0
run_0038,33,2023-11-15T13:36:41.240979+00:00,node_3,10.723673,OK,normal,normal,0.0,0.0
run_0038,34,2023-11-15T13:37:00.882952+00:00,node_1,10.518363,OK,normal,normal,0.0,0.0
run_0038,34,2023-11-15T13:37:00.911498+00:00,node_2,10.413018,OK,normal,normal,0.0,0.0
run_0038,34,2023-11-15T13:37:00.898795+00:00,node_3,10.115694,OK,normal,normal,0.0,0.0
run_0038,35,2023-11-15T13:37:21.062549+00:00,node_1,10.132215,OK,normal,normal,0.0,0.0
run_0038,35,2023-11-15T13:37:21.065072+00:00,node_2,10.164363,OK,normal,normal,0.0,0.0
run_0038,35,2023-11-15T13:37:20.981897+00:00,node_3,10.611873,OK,normal,normal,0.0,0.0
run_0039,0,2023-11-15T13:49:39.829054+00:00,node_1,9.379781,OK,normal,normal,0.0,0.0
run_0039,0,2023-11-15T13:49:39.784772+00:00,node_2,9.038253,OK,normal,normal,0.0,0.0
run_0039,0,2023-11-15T13:49:39.899957+00:00,node_3,9.061436,OK,normal,normal,0.0,0.0
run_0039,1,2023-11-15T13:50:00.114096+00:00,node_1,9.255535,OK,normal,normal,0.0,0.0
run_0039,1,2023-11-15T13:50:00.171852+00:00,node_2,8.940915,OK,normal,normal,0.0,0.0
run_0039,1,2023-11-15T13:50:00.372356+00:00,node_3,9.224908,OK,normal,normal,0.0,0.0
run_0039,2,2023-11-15T13:50:19.984258+00:00,node_1,8.851283,OK,normal,normal,0.0,0.0
run_0039,2,2023-11-15T13:50:19.863385+00:00,node_2,9.000946,OK,normal,normal,0.0,0.0
run_0039,2,2023-11-15T13:50:19.770711+00:00,node_3,9.115287,OK,normal,normal,0.0,0.0
run_0039,3,2023-11-15T13:50:39.449634+00:00,node_1,8.991304,OK,normal,normal,0.0,0.0
run_0039,3,2023-11-15T13:50:39.355569+00:00,node_2,9.245792,OK,normal,normal,0.0,0.0
run_0039,3,2023-11-15T13:50:39.601785+00:00,node_3,9.080711,OK,normal,normal,0.0,0.0
run_0039,4,2023-11-15T13:50:59.222200+00:00,node_1,8.957275,OK,normal,normal,0.0,0.0
run_0039,4,2023-11-15T13:50:59.241489+00:00,node_2,9.298455,OK,normal,normal,0.0,0.0
run_0039,4,2023-11-15T13:50:59.196693+00:00,node_3,9.287733,OK,normal,normal,0.0,0.0
run_0039,5,2023-11-15T13:51:19.061960+00:00,node_1,8.908133,OK,minor,normal,12.166726980800131,0
run_0039,5,2023-11-15T13:51:18.966413+00:00,node_2,7.868466,OK,minor,normal,12.166726980800131,0
run_0039,5,2023-11-15T13:51:19.266513+00:00,node_3,7.933228,OK,minor,normal,12.166726980800131,0
run_0039,6,2023-11-15T13:51:38.737660+00:00,node_1,8.873391,OK,minor,normal,12.166726980800131,0
run_0039,6,2023-11-15T13:51:38.790412+00:00,node_2,8.309716,OK,minor,normal,12.166726980800131,0
run_0039,6,2023-11-15T13:51:38.965910+00:00,node_3,7.778165,OK,minor,normal,12.166726980800131,0
run_0039,7,2023-11-15T13:51:58.492593+00:00,node_1,9.110075,OK,minor,normal,12.166726980800131,0
run_0039,7,2023-11-15T13:51:58.461531+00:00,node_2,7.911645,OK,minor,normal,12.166726980800131,0
run_0039,7,2023-11-15T13:51:58.658448+00:00,node_3,7.75716,OK,minor,normal,12.166726980800131,0
run_0039,8,2023-11-15T13:52:18.136422+00:00,node_1,9.309254,OK,minor,normal,12.166726980800131,0
run_0039,8,2023-11-15T13:52:18.189258+00:00,node_2,8.067982,OK,minor,normal,12.166726980800131,0
run_0039,8,2023-11-15T13:52:18.343091+00:00,node_3,8.082826,OK,minor,normal,12.166726980800131,0
run_0039,9,2023-11-15T13:52:38.000541+00:00,node_1,9.218916,OK,minor,normal,12.166726980800131,0
run_0039,9,2023-11-15T13:52:38.303763+00:00,node_2,7.844748,OK,minor,normal,12.166726980800131,0
run_0039,9,2023-11-15T13:52:38.184512+00:00,node_3,8.087251,OK,minor,normal,12.166726980800131,0
run_0039,10,2023-11-15T13:52:58.273683+00:00,node_1,8.848601,OK,minor,normal,12.166726980800131,0
run_0039,10,2023-11-15T13:52:58.260265+00:00,node_2,8.296949,OK,minor,normal,12.166726980800131,0
run_0039,10,2023-11-15T13:52:58.366997+00:00,node_3,7.937088,OK,minor,normal,12.166726980800131,0
run_0039,11,2023-11-15T13:53:18.568612+00:00,node_1,9.470311,OK,minor,normal,12.166726980800131,0
run_0039,11,2023-11-15T13:53:18.631446+00:00,node_2,8.452955,OK,minor,normal,12.166726980800131,0
run_0039,11,2023-11-15T13:53:18.496979+00:00,node_3,8.128052,OK,minor,normal,12.166726980800131,0
run_0039,12,2023-11-15T13:53:38.406269+00:00,node_1,9.608784,OK,minor,normal,12.166726980800131,0
run_0039,12,2023-11-15T13:53:38.282016+00:00,node_2,8.917825,OK,minor,normal,12.166726980800131,0
run_0039,12,2023-11-15T13:53:38.357177+00:00,node_3,8.761096,OK,minor,normal,12.166726980800131,0
run_0039,13,2023-11-15T13:53:58.308754+00:00,node_1,9.595921,OK,minor,normal,12.166726980800131,0
run_0039,13,2023-11-15T13:53:58.631450+00:00,node_2,8.636391,OK,minor,normal,12.166726980800131,0
run_0039,13,2023-11-15T13:53:58.307709+00:00,node_3,8.602145,OK,minor,normal,12.166726980800131,0
run_0039,14,2023-11-15T13:54:18.169501+00:00,node_1,9.783371,OK,minor,normal,12.166726980800131,0
run_0039,14,2023-11-15T13:54:18.263446+00:00,node_2,8.523479,OK,minor,normal,12.166726980800131,0
run_0039,14,2023-11-15T13:54:18.346505+00:00,node_3,8.414905,OK,minor,normal,12.166726980800131,0
run_0039,15,2023-11-15T13:54:38.648412+00:00,node_1,9.625834,OK,minor,normal,12.166726980800131,0
run_0039,15,2023-11-15T13:54:38.605484+00:00,node_2,8.651923,OK,minor,normal,12.166726980800131,0
run_0039,15,2023-11-15T13:54:38.378745+00:00,node_3,8.47015,OK,minor,normal,12.166726980800131,0
run_0039,16,2023-11-15T13:54:58.379436+00:00,node_1,9.882003,OK,minor,normal,12.166726980800131,0
run_0039,16,2023-11-15T13:54:58.423420+00:00,node_2,8.740329,OK,minor,normal,12.166726980800131,0
run_0039,16,2023-11-15T13:54:58.172541+00:00,node_3,8.44471,OK,minor,normal,12.166726980800131,0
run_0039,17,2023-11-15T13:55:18.014997+00:00,node_1,9.896373,OK,minor,normal,12.166726980800131,0
run_0039,17,2023-11-15T13:55:18.268346+00:00,node_2,8.512467,OK,minor,normal,12.166726980800131,0
run_0039,17,2023-11-15T13:55:17.980719+00:00,node_3,8.654342,OK,minor,normal,12.166726980800131,0
run_0039,18,2023-11-15T13:55:37.953957+00:00,node_1,10.162793,OK,minor,normal,12.166726980800131,0
run_0039,18,2023-11-15T13:55:37.955682+00:00,node_2,8.788287,OK,minor,normal,12.166726980800131,0
run_0039,18,2023-11-15T13:55:38.075678+00:00,node_3,8.514804,OK,minor,normal,12.166726980800131,0
run_0039,19,2023-11-15T13:55:58.129703+00:00,node_1,9.855518,OK,minor,normal,12.166726980800131,0
run_0039,19,2023-11-15T13:55:58.295831+00:00,node_2,8.633952,OK,minor,normal,12.166726980800131,0
run_0039,19,2023-11-15T13:55:58.007172+00:00,node_3,8.706574,OK,minor,normal,12.166726980800131,0
run_0039,20,2023-11-15T13:56:17.758790+00:00,node_1,9.675457,OK,minor,normal,12.166726980800131,0
run_0039,20,2023-11-15T13:56:17.905752+00:00,node_2,8.705954,OK,minor,normal,12.166726980800131,0
run_0039,20,2023-11-15T13:56:17.952048+00:00,node_3,8.571364,OK,minor,normal,12.166726980800131,0
run_0039,21,2023-11-15T13:56:38.303916+00:00,node_1,9.858555,OK,minor,normal,12.166726980800131,0
run_0039,21,2023-11-15T13:56:38.011969+00:00,node_2,8.66575,OK,minor,normal,12.166726980800131,0
run_0039,21,2023-11-15T13:56:37.954652+00:00,node_3,8.418596,OK,minor,normal,12.166726980800131,0
run_0039,22,2023-11-15T13:56:58.035541+00:00,node_1,9.881925,OK,minor,normal,12.166726980800131,0
run_0039,22,2023-11-15T13:56:58.253711+00:00,node_2,8.826839,OK,minor,normal,12.166726980800131,0
run_0039,22,2023-11-15T13:56:58.210032+00:00,node_3,8.554564,OK,minor,normal,12.166726980800131,0
run_0039,23,2023-11-15T13:57:18.222620+00:00,node_1,9.651241,OK,minor,normal,12.166726980800131,0
run_0039,23,2023-11-15T13:57:17.978611+00:00,node_2,8.869568,OK,minor,normal,12.166726980800131,0
run_0039,23,2023-11-15T13:57:18.011282+00:00,node_3,8.738301,OK,minor,normal,12.166726980800131,0
run_0039,24,2023-11-15T13:57:38.240079+00:00,node_1,8.895354,OK,minor,normal,12.166726980800131,0
run_0039,24,2023-11-15T13:57:38.234964+00:00,node_2,7.981401,OK,minor,normal,12.166726980800131,0
run_0039,24,2023-11-15T13:57:38.246088+00:00,node_3,8.146017,OK,minor,normal,12.166726980800131,0
run_0039,25,2023-11-15T13:57:58.660793+00:00,node_1,8.992296,OK,minor,normal,12.166726980800131,0
run_0039,25,2023-11-15T13:57:58.488522+00:00,node_2,8.166587,OK,minor,normal,12.166726980800131,0
run_0039,25,2023-11-15T13:57:58.505791+00:00,node_3,7.794931,OK,minor,normal,12.166726980800131,0
run_0039,26,2023-11-15T13:58:18.451947+00:00,node_1,9.500812,OK,minor,normal,12.166726980800131,0
run_0039,26,2023-11-15T13:58:18.138473+00:00,node_2,8.051392,OK,minor,normal,12.166726980800131,0
run_0039,26,2023-11-15T13:58:18.417458+00:00,node_3,7.733111,OK,minor,normal,12.166726980800131,0
run_0039,27,2023-11-15T13:58:37.875766+00:00,node_1,9.274487,OK,minor,normal,12.166726980800131,0
run_0039,27,2023-11-15T13:58:37.859413+00:00,node_2,7.792615,OK,minor,normal,12.166726980800131,0
run_0039,27,2023-11-15T13:58:37.881769+00:00,node_3,7.751861,OK,minor,normal,12.166726980800131,0
run_0039,28,2023-11-15T13:58:57.993644+00:00,node_1,9.32391,OK,minor,normal,12.166726980800131,0
run_0039,28,2023-11-15T13:58:57.998555+00:00,node_2,8.197607,OK,minor,normal,12.166726980800131,0
run_0039,28,2023-11-15T13:58:58.130770+00:00,node_3,7.66152,OK,minor,normal,12.166726980800131,0
run_0039,29,2023-11-15T13:59:18.064737+00:00,node_1,9.003764,OK,minor,normal,12.166726980800131,0
run_0039,29,2023-11-15T13:59:18.454038+00:00,node_2,8.033459,OK,minor,normal,12.166726980800131,0
run_0039,29,2023-11-15T13:59:18.103725+00:00,node_3,7.895952,OK,minor,normal,12.166726980800131,0
run_0039,30,2023-11-15T13:59:38.254004+00:00,node_1,9.134225,OK,minor,normal,12.166726980800131,0
run_0039,30,2023-11-15T13:59:38.294055+00:00,node_2,8.257787,OK,minor,normal,12.166726980800131,0
run_0039,30,2023-11-15T13:59:38.163885+00:00,node_3,8.236046,OK,minor,normal,12.166726980800131,0
run_0039,31,2023-11-15T13:59:58.277452+00:00,node_1,9.025998,OK,normal,normal,0.0,0.0
run_0039,31,2023-11-15T13:59:58.301428+00:00,node_2,8.976145,OK,normal,normal,0.0,0.0
run_0039,31,2023-11-15T13:59:58.206018+00:00,node_3,9.286202,OK,normal,normal,0.0,0.0
run_0039,32,2023-11-15T14:00:18.301602+00:00,node_1,8.982043,OK,normal,normal,0.0,0.0
run_0039,32,2023-11-15T14:00:18.304098+00:00,node_2,9.439906,OK,normal,normal,0.0,0.0
run_0039,32,2023-11-15T14:00:18.246753+00:00,node_3,9.413296,OK,normal,normal,0.0,0.0
run_0039,33,2023-11-15T14:00:37.931800+00:00,node_1,9.165948,OK,normal,normal,0.0,0.0
run_0039,33,2023-11-15T14:00:38.153456+00:00,node_2,9.031261,OK,normal,normal,0.0,0.0
run_0039,33,2023-11-15T14:00:38.021159+00:00,node_3,9.083228,OK,normal,normal,0.0,0.0
run_0039,34,2023-11-15T14:00:58.499741+00:00,node_1,8.828315,OK,normal,normal,0.0,0.0
run_0039,34,2023-11-15T14:00:58.321557+00:00,node_2,9.309574,OK,normal,normal,0.0,0.0
run_0039,34,2023-11-15T14:00:58.437682+00:00,node_3,8.832259,OK,normal,normal,0.0,0.0
run_0039,35,2023-11-15T14:01:18.411526+00:00,node_1,8.73213,OK,normal,normal,0.0,0.0
run_0039,35,2023-11-15T14:01:18.417043+00:00,node_2,9.141174,OK,normal,normal,0.0,0.0
run_0039,35,2023-11-15T14:01:18.476994+00:00,node_3,8.851075,OK,normal,normal,0.0,0.0
run_0040,0,2023-11-15T14:13:40.109154+00:00,node_1,9.223159,OK,normal,normal,0.0,0.0
run_0040,0,2023-11-15T14:13:40.038511+00:00,node_2,9.301379,OK,normal,normal,0.0,0.0
run_0040,0,2023-11-15T14:13:39.943604+00:00,node_3,8.971094,OK,normal,normal,0.0,0.0
run_0040,1,2023-11-15T14:14:00.066442+00:00,node_1,9.205524,OK,normal,normal,0.0,0.0
run_0040,1,2023-11-15T14:14:00.089621+00:00,node_2,9.277044,OK,normal,normal,0.0,0.0
run_0040,1,2023-11-15T14:14:00.311730+00:00,node_3,8.800631,OK,normal,normal,0.0,0.0
run_0040,2,2023-11-15T14:14:19.978507+00:00,node_1,9.083142,OK,normal,normal,0.0,0.0
run_0040,2,2023-11-15T14:14:19.895897+00:00,node_2,9.137745,OK,normal,normal,0.0,0.0
run_0040,2,2023-11-15T14:14:19.966576+00:00,node_3,9.034488,OK,normal,normal,0.0,0.0
run_0040,3,2023-11-15T14:14:39.795342+00:00,node_1,9.401872,OK,normal,normal,0.0,0.0
run_0040,3,2023-11-15T14:14:39.592414+00:00,node_2,9.293101,OK,normal,normal,0.0,0.0
run_0040,3,2023-11-15T14:14:39.453896+00:00,node_3,9.284498,OK,normal,normal,0.0,0.0
run_0040,4,2023-11-15T14:14:59.572625+00:00,node_1,9.587027,OK,normal,normal,0.0,0.0
run_0040,4,2023-11-15T14:14:59.483000+00:00,node_2,8.73127,OK,normal,normal,0.0,0.0
run_0040,4,2023-11-15T14:14:59.796600+00:00,node_3,9.420793,OK,normal,normal,0.0,0.0
run_0040,5,2023-11-15T14:15:19.853010+00:00,node_1,9.408917,OK,minor,minor,12.94772216959516,6.618852048871189
run_0040,5,2023-11-15T14:15:19.542335+00:00,node_2,8.063098,OK,minor,minor,12.94772216959516,6.618852048871189
run_0040,5,2023-11-15T14:15:19.460279+00:00,node_3,7.692992,OK,minor,minor,12.94772216959516,6.618852048871189
run_0040,6,2023-11-15T14:15:39.701030+00:00,node_1,9.410306,OK,minor,minor,12.94772216959516,6.618852048871189
run_0040,6,2023-11-15T14:15:39.960426+00:00,node_2,8.140602,OK,minor,minor,12.94772216959516,6.618852048871189
run_0040,6,2023-11-15T14:15:39.785384+00:00,node_3,7.335506,OK,minor,minor,12.94772216959516,6.618852048871189
run_0040,7,2023-11-15T14:15:59.574450+00:00,node_1,9.255106,OK,minor,minor,12.94772216959516,6.618852048871189
run_0040,7,2023-11-15T14:15:59.678386+00:00,node_2,8.198222,OK,minor,minor,12.94772216959516,6.618852048871189
run_0040,7,2023-11-15T14:15:59.671934+00:00,node_3,7.627163,OK,minor,minor,12.94772216959516,6.618852048871189
run_0040,8,2023-11-15T14:16:20.076128+00:00,node_1,9.154127,OK,minor,minor,12.94772216959516,6.618852048871189
run_0040,8,2023-11-15T14:16:19.810620+00:00,node_2,7.811796,OK,minor,minor,12.94772216959516,6.618852048871189
run_0040,8,2023-11-15T14:16:20.082874+00:00,node_3,7.327148,OK,minor,minor,12.94772216959516,6.618852048871189
run_0040,9,2023-11-15T14:16:40.447174+00:00,node_1,9.604657,OK,minor,minor,12.94772216959516,6.618852048871189
run_0040,9,2023-11-15T14:16:40.112819+00:00,node_2,8.168294,OK,minor,minor,12.94772216959516,6.618852048871189
run_0040,9,2023-11-15T14:16:40.433628+00:00,node_3,7.382094,OK,minor,minor,12.94772216959516,6.618852048871189
run_0040,10,2023-11-15T14:16:59.783296+00:00,node_1,9.496632,OK,minor,minor,12.94772216959516,6.618852048871189
run_0040,10,2023-11-15T14:17:00.042364+00:00,node_2,8.255186,OK,minor,minor,12.94772216959516,6.618852048871189
run_0040,10,2023-11-15T14:16:59.682343+00:00,node_3,7.419529,OK,minor,minor,12.94772216959516,6.618852048871189
run_0040,11,2023-11-15T14:17:19.892791+00:00,node_1,9.602791,OK,minor,minor,12.94772216959516,6.618852048871189
run_0040,11,2023-11-15T14:17:19.683939+00:00,node_2,8.258494,OK,minor,minor,12.94772216959516,6.618852048871189
run_0040,11,2023-11-15T14:17:19.901479+00:00,node_3,7.222763,OK,minor,minor,12.94772216959516,6.618852048871189
run_0040,12,2023-11-15T14:17:39.732035+00:00,node_1,9.9145,OK,minor,minor,12.94772216959516,6.618852048871189
run_0040,12,2023-11-15T14:17:40.060877+00:00,node_2,8.461226,OK,minor,minor,12.94772216959516,6.618852048871189
run_0040,12,2023-11-15T14:17:39.753211+00:00,node_3,7.74181,OK,minor,minor,12.94772216959516,6.618852048871189
run_0040,13,2023-11-15T14:18:00.072899+00:00,node_1,9.528109,OK,minor,minor,12.94772216959516,6.618852048871189
run_0040,13,2023-11-15T14:17:59.899854+00:00,node_2,8.191409,OK,minor,minor,12.94772216959516,6.618852048871189
run_0040,13,2023-11-15T14:17:59.942463+00:00,node_3,7.531627,OK,minor,minor,12.94772216959516,6.618852048871189
run_0040,14,2023-11-15T14:18:19.932918+00:00,node_1,9.763804,OK,minor,minor,12.94772216959516,6.618852048871189
run_0040,14,2023-11-15T14:18:19.794420+00:00,node_2,8.279101,OK,minor,minor,12.94772216959516,6.618852048871189
run_0040,14,2023-11-15T14:18:20.041639+00:00,node_3,7.681411,OK,minor,minor,12.94772216959516,6.618852048871189
run_0040,15,2023-11-15T14:18:40.072171+00:00,node_1,9.915019,OK,minor,minor,12.94772216959516,6.618852048871189
run_0040,15,2023-11-15T14:18:40.103152+00:00,node_2,8.353477,OK,minor,minor,12.94772216959516,6.618852048871189
run_0040,15,2023-11-15T14:18:39.860569+00:00,node_3,7.966038,OK,minor,minor,12.94772216959516,6.618852048871189
run_0040,16,2023-11-15T14:19:00.254853+00:00,node_1,9.724844,OK,minor,minor,12.94772216959516,6.618852048871189
run_0040,16,2023-11-15T14:19:00.338644+00:00,node_2,8.523172,OK,minor,minor,12.94772216959516,6.618852048871189
run_0040,16,2023-11-15T14:19:00.324246+00:00,node_3,7.611521,OK,minor,minor,12.94772216959516,6.618852048871189
run_0040,17,2023-11-15T14:19:20.041895+00:00,node_1,10.107119,OK,minor,minor,12.94772216959516,6.618852048871189
run_0040,17,2023-11-15T14:19:20.148313+00:00,node_2,8.30954,OK,minor,minor,12.94772216959516,6.618852048871189
run_0040,17,2023-11-15T14:19:20.066533+00:00,node_3,7.785402,OK,minor,minor,12.94772216959516,6.618852048871189
run_0040,18,2023-11-15T14:19:40.325160+00:00,node_1,9.548419,OK,minor,minor,12.94772216959516,6.618852048871189
run_0040,18,2023-11-15T14:19:40.359557+00:00,node_2,8.438946,OK,minor,minor,12.94772216959516,6.618852048871189
run_0040,18,2023-11-15T14:19:40.180282+00:00,node_3,7.692753,OK,minor,minor,12.94772216959516,6.618852048871189
run_0040,19,2023-11-15T14:20:00.205791+00:00,node_1,9.461544,OK,minor,minor,12.94772216959516,6.618852048871189
run_0040,19,2023-11-15T14:19:59.911725+00:00,node_2,8.310242,OK,minor,minor,12.94772216959516,6.618852048871189
run_0040,19,2023-11-15T14:20:00.193669+00:00,node_3,7.680986,OK,minor,minor,12.94772216959516,6.618852048871189
run_0040,20,2023-11-15T14:20:19.931719+00:00,node_1,9.461662,OK,minor,minor,12.94772216959516,6.618852048871189
run_0040,20,2023-11-15T14:20:19.948879+00:00,node_2,8.45488,OK,minor,minor,12.94772216959516,6.618852048871189
run_0040,20,2023-11-15T14:20:19.889736+00:00,node_3,7.836799,OK,minor,minor,12.94772216959516,6.618852048871189
run_0040,21,2023-11-15T14:20:40.305495+00:00,node_1,9.644081,OK,minor,minor,12.94772216959516,6.618852048871189
run_0040,21,2023-11-15T14:20:40.171535+00:00,node_2,8.084917,OK,minor,minor,12.94772216959516,6.618852048871189
run_0040,21,2023-11-15T14:20:40.252837+00:00,node_3,7.837785,OK,minor,minor,12.94772216959516,6.618852048871189
run_0040,22,2023-11-15T14:21:00.604267+00:00,node_1,9.463387,OK,minor,minor,12.94772216959516,6.618852048871189
run_0040,22,2023-11-15T14:21:00.660171+00:00,node_2,8.113804,OK,minor,minor,12.94772216959516,6.618852048871189
run_0040,22,2023-11-15T14:21:00.467386+00:00,node_3,7.894702,OK,minor,minor,12.94772216959516,6.618852048871189
run_0040,23,2023-11-15T14:21:20.528905+00:00,node_1,9.355084,OK,minor,minor,12.94772216959516,6.618852048871189
run_0040,23,2023-11-15T14:21:20.422757+00:00,node_2,8.424407,OK,minor,minor,12.94772216959516,6.618852048871189
run_0040,23,2023-11-15T14:21:20.589730+00:00,node_3,7.574325,OK,minor,minor,12.94772216959516,6.618852048871189
run_0040,24,2023-11-15T14:21:40.474436+00:00,node_1,10.185998,OK,minor,minor,12.94772216959516,6.618852048871189
run_0040,24,2023-11-15T14:21:40.842559+00:00,node_2,9.095049,OK,minor,minor,12.94772216959516,6.618852048871189
run_0040,24,2023-11-15T14:21:40.503701+00:00,node_3,8.502843,OK,minor,minor,12.94772216959516,6.618852048871189
run_0040,25,2023-11-15T14:22:01.140487+00:00,node_1,10.187196,OK,minor,minor,12.94772216959516,6.618852048871189
run_0040,25,2023-11-15T14:22:00.938335+00:00,node_2,9.138129,OK,minor,minor,12.94772216959516,6.618852048871189
run_0040,25,2023-11-15T14:22:01.190147+00:00,node_3,8.847489,OK,minor,minor,12.94772216959516,6.618852048871189
run_0040,26,2023-11-15T14:22:20.782958+00:00,node_1,10.483271,OK,minor,minor,12.94772216959516,6.618852048871189
run_0040,26,2023-11-15T14:22:20.917132+00:00,node_2,9.245885,OK,minor,minor,12.94772216959516,6.618852048871189
run_0040,26,2023-11-15T14:22:20.683428+00:00,node_3,8.483935,OK,minor,minor,12.94772216959516,6.618852048871189
run_0040,27,2023-11-15T14:22:40.976851+00:00,node_1,10.374673,OK,minor,minor,12.94772216959516,6.618852048871189
run_0040,27,2023-11-15T14:22:41.154211+00:00,node_2,8.880475,OK,minor,minor,12.94772216959516,6.618852048871189
run_0040,27,2023-11-15T14:22:41.158982+00:00,node_3,8.719563,OK,minor,minor,12.94772216959516,6.618852048871189
run_0040,28,2023-11-15T14:23:01.017828+00:00,node_1,10.177174,OK,minor,minor,12.94772216959516,6.618852048871189
run_0040,28,2023-11-15T14:23:00.723853+00:00,node_2,9.103061,OK,minor,minor,12.94772216959516,6.618852048871189
run_0040,28,2023-11-15T14:23:00.972110+00:00,node_3,8.762175,OK,minor,minor,12.94772216959516,6.618852048871189
run_0040,29,2023-11-15T14:23:20.869372+00:00,node_1,10.678991,OK,minor,minor,12.94772216959516,6.618852048871189
run_0040,29,2023-11-15T14:23:21.077853+00:00,node_2,8.989169,OK,minor,minor,12.94772216959516,6.618852048871189
run_0040,29,2023-11-15T14:23:20.935133+00:00,node_3,8.573739,OK,minor,minor,12.94772216959516,6.618852048871189
run_0040,30,2023-11-15T14:23:41.423337+00:00,node_1,10.342279,OK,minor,minor,12.94772216959516,6.618852048871189
run_0040,30,2023-11-15T14:23:41.272352+00:00,node_2,9.148306,OK,minor,minor,12.94772216959516,6.618852048871189
run_0040,30,2023-11-15T14:23:41.403145+00:00,node_3,8.645511,OK,minor,minor,12.94772216959516,6.618852048871189
run_0040,31,2023-11-15T14:24:01.415097+00:00,node_1,10.255688,OK,normal,normal,0.0,0.0
run_0040,31,2023-11-15T14:24:01.279244+00:00,node_2,10.12399,OK,normal,normal,0.0,0.0
run_0040,31,2023-11-15T14:24:01.236013+00:00,node_3,10.562456,OK,normal,normal,0.0,0.0
run_0040,32,2023-11-15T14:24:21.383519+00:00,node_1,10.372474,OK,normal,normal,0.0,0.0
run_0040,32,2023-11-15T14:24:21.436874+00:00,node_2,10.463111,OK,normal,normal,0.0,0.0
run_0040,32,2023-11-15T14:24:21.646675+00:00,node_3,10.252511,OK,normal,normal,0.0,0.0
run_0040,33,2023-11-15T14:24:41.316053+00:00,node_1,10.478466,OK,normal,normal,0.0,0.0
run_0040,33,2023-11-15T14:24:40.993957+00:00,node_2,10.505365,OK,normal,normal,0.0,0.0
run_0040,33,2023-11-15T14:24:41.360848+00:00,node_3,10.834499,OK,normal,normal,0.0,0.0
run_0040,34,2023-11-15T14:25:01.182110+00:00,node_1,10.619578,OK,normal,normal,0.0,0.0
run_0040,34,2023-11-15T14:25:01.248400+00:00,node_2,10.510997,OK,normal,normal,0.0,0.0
run_0040,34,2023-11-15T14:25:01.308406+00:00,node_3,10.780838,OK,normal,normal,0.0,0.0
run_0040,35,2023-11-15T14:25:20.797770+00:00,node_1,10.792796,OK,normal,normal,0.0,0.0
run_0040,35,2023-11-15T14:25:20.719692+00:00,node_2,10.64486,OK,normal,normal,0.0,0.0
run_0040,35,2023-11-15T14:25:20.956271+00:00,node_3,10.488813,OK,normal,normal,0.0,0.0
run_0041,0,2023-11-15T14:37:40.256369+00:00,node_1,11.002565,OK,normal,normal,0.0,0.0
run_0041,0,2023-11-15T14:37:40.257483+00:00,node_2,11.287203,OK,normal,normal,0.0,0.0
run_0041,0,2023-11-15T14:37:40.186087+00:00,node_3,10.955745,OK,normal,normal,0.0,0.0
run_0041,1,2023-11-15T14:38:00.050331+00:00,node_1,11.69474,OK,normal,normal,0.0,0.0
run_0041,1,2023-11-15T14:38:00.058799+00:00,node_2,11.203013,OK,normal,normal,0.0,0.0
run_0041,1,2023-11-15T14:37:59.729360+00:00,node_3,11.501298,OK,normal,normal,0.0,0.0
run_0041,2,2023-11-15T14:38:20.178828+00:00,node_1,11.460426,OK,normal,normal,0.0,0.0
run_0041,2,2023-11-15T14:38:20.277206+00:00,node_2,11.871357,OK,normal,normal,0.0,0.0
run_0041,2,2023-11-15T14:38:20.166500+00:00,node_3,11.908533,OK,normal,normal,0.0,0.0
run_0041,3,2023-11-15T14:38:40.185745+00:00,node_1,11.767239,OK,normal,normal,0.0,0.0
run_0041,3,2023-11-15T14:38:40.202095+00:00,node_2,11.272234,OK,normal,normal,0.0,0.0
run_0041,3,2023-11-15T14:38:40.165737+00:00,node_3,11.000549,OK,normal,normal,0.0,0.0
run_0041,4,2023-11-15T14:39:00.353451+00:00,node_1,11.417297,OK,normal,normal,0.0,0.0
run_0041,4,2023-11-15T14:39:00.506644+00:00,node_2,11.110607,OK,normal,normal,0.0,0.0
run_0041,4,2023-11-15T14:39:00.713436+00:00,node_3,11.140675,OK,normal,normal,0.0,0.0
run_0041,5,2023-11-15T14:39:20.092261+00:00,node_1,11.251902,OK,minor,major,10.680857017058068,35.30808914193102
run_0041,5,2023-11-15T14:39:20.128395+00:00,node_2,9.868452,OK,minor,major,10.680857017058068,35.30808914193102
run_0041,5,2023-11-15T14:39:20.342046+00:00,node_3,6.75956,OK,minor,major,10.680857017058068,35.30808914193102
run_0041,6,2023-11-15T14:39:40.100514+00:00,node_1,11.125046,OK,minor,major,10.680857017058068,35.30808914193102
run_0041,6,2023-11-15T14:39:39.917897+00:00,node_2,10.107921,OK,minor,major,10.680857017058068,35.30808914193102
run_0041,6,2023-11-15T14:39:40.003260+00:00,node_3,6.371069,OK,minor,major,10.680857017058068,35.30808914193102
run_0041,7,2023-11-15T14:40:00.256616+00:00,node_1,11.45809,OK,minor,major,10.680857017058068,35.30808914193102
run_0041,7,2023-11-15T14:40:00.207985+00:00,node_2,9.906124,OK,minor,major,10.680857017058068,35.30808914193102
run_0041,7,2023-11-15T14:40:00.303715+00:00,node_3,6.562458,OK,minor,major,10.680857017058068,35.30808914193102
run_0041,8,2023-11-15T14:40:20.592392+00:00,node_1,11.419583,OK,minor,major,10.680857017058068,35.30808914193102
run_0041,8,2023-11-15T14:40:20.379257+00:00,node_2,10.120233,OK,minor,major,10.680857017058068,35.30808914193102
run_0041,8,2023-11-15T14:40:20.620384+00:00,node_3,6.499777,OK,minor,major,10.680857017058068,35.30808914193102
run_0041,9,2023-11-15T14:40:40.937179+00:00,node_1,11.500227,OK,minor,major,10.680857017058068,35.30808914193102
run_0041,9,2023-11-15T14:40:40.838390+00:00,node_2,9.960792,OK,minor,major,10.680857017058068,35.30808914193102
run_0041,9,2023-11-15T14:40:40.839260+00:00,node_3,6.468792,OK,minor,major,10.680857017058068,35.30808914193102
run_0041,10,2023-11-15T14:41:00.417014+00:00,node_1,11.121355,OK,minor,major,10.680857017058068,35.30808914193102
run_0041,10,2023-11-15T14:41:00.543267+00:00,node_2,10.216143,OK,minor,major,10.680857017058068,35.30808914193102
run_0041,10,2023-11-15T14:41:00.393077+00:00,node_3,6.710565,OK,minor,major,10.680857017058068,35.30808914193102
run_0041,11,2023-11-15T14:41:20.396174+00:00,node_1,11.404862,OK,minor,major,10.680857017058068,35.30808914193102
run_0041,11,2023-11-15T14:41:20.295128+00:00,node_2,10.072858,OK,minor,major,10.680857017058068,35.30808914193102
run_0041,11,2023-11-15T14:41:20.071966+00:00,node_3,6.716538,OK,minor,major,10.680857017058068,35.30808914193102
run_0041,12,2023-11-15T14:41:40.242824+00:00,node_1,8.55995,OK,minor,major,10.680857017058068,35.30808914193102
run_0041,12,2023-11-15T14:41:40.051769+00:00,node_2,7.335112,OK,minor,major,10.680857017058068,35.30808914193102
run_0041,12,2023-11-15T14:41:39.981854+00:00,node_3,4.813386,OK,minor,major,10.680857017058068,35.30808914193102
run_0041,13,2023-11-15T14:42:00.580433+00:00,node_1,8.26217,OK,minor,major,10.680857017058068,35.30808914193102
run_0041,13,2023-11-15T14:42:00.522171+00:00,node_2,7.418975,OK,minor,major,10.680857017058068,35.30808914193102
run_0041,13,2023-11-15T14:42:00.672511+00:00,node_3,4.822508,OK,minor,major,10.680857017058068,35.30808914193102
run_0041,14,2023-11-15T14:42:20.312464+00:00,node_1,8.458864,OK,minor,major,10.680857017058068,35.30808914193102
run_0041,14,2023-11-15T14:42:20.080925+00:00,node_2,7.444704,OK,minor,major,10.680857017058068,35.30808914193102
run_0041,14,2023-11-15T14:42:19.938085+00:00,node_3,4.830205,OK,minor,major,10.680857017058068,35.30808914193102
run_0041,15,2023-11-15T14:42:40.633425+00:00,node_1,8.174796,OK,minor,major,10.680857017058068,35.30808914193102
run_0041,15,2023-11-15T14:42:40.323855+00:00,node_2,7.461468,OK,minor,major,10.680857017058068,35.30808914193102
run_0041,15,2023-11-15T14:42:40.338490+00:00,node_3,4.906646,OK,minor,major,10.680857017058068,35.30808914193102
run_0041,16,2023-11-15T14:43:00.367226+00:00,node_1,8.234621,OK,minor,major,10.680857017058068,35.30808914193102
run_0041,16,2023-11-15T14:43:00.409885+00:00,node_2,7.278487,OK,minor,major,10.680857017058068,35.30808914193102
run_0041,16,2023-11-15T14:43:00.479207+00:00,node_3,4.807257,OK,minor,major,10.680857017058068,35.30808914193102
run_0041,17,2023-11-15T14:43:19.881469+00:00,node_1,8.729294,OK,minor,major,10.680857017058068,35.30808914193102
run_0041,17,2023-11-15T14:43:20.252544+00:00,node_2,7.722327,OK,minor,major,10.680857017058068,35.30808914193102
run_0041,17,2023-11-15T14:43:20.245614+00:00,node_3,4.913955,OK,minor,major,10.680857017058068,35.30808914193102
run_0041,18,2023-11-15T14:43:40.254717+00:00,node_1,8.521473,OK,minor,major,10.680857017058068,35.30808914193102
run_0041,18,2023-11-15T14:43:40.475188+00:00,node_2,7.541325,OK,minor,major,10.680857017058068,35.30808914193102
run_0041,18,2023-11-15T14:43:40.314156+00:00,node_3,4.941626,OK,minor,major,10.680857017058068,35.30808914193102
run_0041,19,2023-11-15T14:44:00.573026+00:00,node_1,8.540678,OK,minor,major,10.680857017058068,35.30808914193102
run_0041,19,2023-11-15T14:44:00.353437+00:00,node_2,7.774746,OK,minor,major,10.680857017058068,35.30808914193102
run_0041,19,2023-11-15T14:44:00.377073+00:00,node_3,4.87078,OK,minor,major,10.680857017058068,35.30808914193102
run_0041,20,2023-11-15T14:44:20.037281+00:00,node_1,8.309419,OK,minor,major,10.680857017058068,35.30808914193102
run_0041,20,2023-11-15T14:44:19.966340+00:00,node_2,7.45397,OK,minor,major,10.680857017058068,35.30808914193102
run_0041,20,2023-11-15T14:44:20.052717+00:00,node_3,4.994168,OK,minor,major,10.680857017058068,35.30808914193102
run_0041,21,2023-11-15T14:44:40.102024+00:00,node_1,8.337563,OK,minor,major,10.680857017058068,35.30808914193102
run_0041,21,2023-11-15T14:44:40.113286+00:00,node_2,7.78693,OK,minor,major,10.680857017058068,35.30808914193102
run_0041,21,2023-11-15T14:44:39.817173+00:00,node_3,4.8315,OK,minor,major,10.680857017058068,35.30808914193102
run_0041,22,2023-11-15T14:45:00.004471+00:00,node_1,8.258651,OK,minor,major,10.680857017058068,35.30808914193102
run_0041,22,2023-11-15T14:44:59.951210+00:00,node_2,7.293449,OK,minor,major,10.680857017058068,35.30808914193102
run_0041,22,2023-11-15T14:45:00.012089+00:00,node_3,4.776784,OK,minor,major,10.680857017058068,35.30808914193102
run_0041,23,2023-11-15T14:45:19.633498+00:00,node_1,8.548383,OK,minor,major,10.680857017058068,35.30808914193102
run_0041,23,2023-11-15T14:45:19.728337+00:00,node_2,7.60447,OK,minor,major,10.680857017058068,35.30808914193102
run_0041,23,2023-11-15T14:45:19.587237+00:00,node_3,4.79553,OK,minor,major,10.680857017058068,35.30808914193102
run_0041,24,2023-11-15T14:45:39.295708+00:00,node_1,8.283273,OK,minor,major,10.680857017058068,35.30808914193102
run_0041,24,2023-11-15T14:45:39.481686+00:00,node_2,7.699173,OK,minor,major,10.680857017058068,35.30808914193102
run_0041,24,2023-11-15T14:45:39.452910+00:00,node_3,4.81407,OK,minor,major,10.680857017058068,35.30808914193102
run_0041,25,2023-11-15T14:45:59.318237+00:00,node_1,8.693784,OK,minor,major,10.680857017058068,35.30808914193102
run_0041,25,2023-11-15T14:45:59.412504+00:00,node_2,7.357176,OK,minor,major,10.680857017058068,35.30808914193102
run_0041,25,2023-11-15T14:45:59.451762+00:00,node_3,4.83642,OK,minor,major,10.680857017058068,35.30808914193102
run_0041,26,2023-11-15T14:46:19.507973+00:00,node_1,8.41626,OK,minor,major,10.680857017058068,35.30808914193102
run_0041,26,2023-11-15T14:46:19.407769+00:00,node_2,7.642046,OK,minor,major,10.680857017058068,35.30808914193102
run_0041,26,2023-11-15T14:46:19.716953+00:00,node_3,5.087491,OK,minor,major,10.680857017058068,35.30808914193102
run_0041,27,2023-11-15T14:46:39.757075+00:00,node_1,8.235981,OK,minor,major,10.680857017058068,35.30808914193102
run_0041,27,2023-11-15T14:46:40.050024+00:00,node_2,7.346796,OK,minor,major,10.680857017058068,35.30808914193102
run_0041,27,2023-11-15T14:46:39.725219+00:00,node_3,4.972448,OK,minor,major,10.680857017058068,35.30808914193102
run_0041,28,2023-11-15T14:47:00.074916+00:00,node_1,8.352019,OK,minor,major,10.680857017058068,35.30808914193102
run_0041,28,2023-11-15T14:47:00.301899+00:00,node_2,7.607404,OK,minor,major,10.680857017058068,35.30808914193102
run_0041,28,2023-11-15T14:47:00.051968+00:00,node_3,4.972857,OK,minor,major,10.680857017058068,35.30808914193102
run_0041,29,2023-11-15T14:47:20.753125+00:00,node_1,8.719237,OK,minor,major,10.680857017058068,35.30808914193102
run_0041,29,2023-11-15T14:47:20.708855+00:00,node_2,7.64593,OK,minor,major,10.680857017058068,35.30808914193102
run_0041,29,2023-11-15T14:47:20.715921+00:00,node_3,4.882805,OK,minor,major,10.680857017058068,35.30808914193102
run_0041,30,2023-11-15T14:47:40.919635+00:00,node_1,8.532159,OK,minor,major,10.680857017058068,35.30808914193102
run_0041,30,2023-11-15T14:47:40.827589+00:00,node_2,7.635875,OK,minor,major,10.680857017058068,35.30808914193102
run_0041,30,2023-11-15T14:47:40.869390+00:00,node_3,4.905495,OK,minor,major,10.680857017058068,35.30808914193102
run_0041,31,2023-11-15T14:48:01.133963+00:00,node_1,8.372355,OK,normal,normal,0.0,0.0
run_0041,31,2023-11-15T14:48:00.987698+00:00,node_2,8.612048,OK,normal,normal,0.0,0.0
run_0041,31,2023-11-15T14:48:01.257220+00:00,node_3,8.28863,OK,normal,normal,0.0,0.0
run_0041,32,2023-11-15T14:48:21.261409+00:00,node_1,8.687422,OK,normal,normal,0.0,0.0
run_0041,32,2023-11-15T14:48:21.455485+00:00,node_2,8.28088,OK,normal,normal,0.0,0.0
run_0041,32,2023-11-15T14:48:21.421744+00:00,node_3,8.478638,OK,normal,normal,0.0,0.0
run_0041,33,2023-11-15T14:48:41.243815+00:00,node_1,8.23949,OK,normal,normal,0.0,0.0
run_0041,33,2023-11-15T14:48:41.350813+00:00,node_2,8.281362,OK,normal,normal,0.0,0.0
run_0041,33,2023-11-15T14:48:41.174817+00:00,node_3,8.181508,OK,normal,normal,0.0,0.0
run_0041,34,2023-11-15T14:49:01.391120+00:00,node_1,8.786262,OK,normal,normal,0.0,0.0
run_0041,34,2023-11-15T14:49:01.573106+00:00,node_2,8.568559,OK,normal,normal,0.0,0.0
run_0041,34,2023-11-15T14:49:01.298305+00:00,node_3,8.657089,OK,normal,normal,0.0,0.0
run_0041,35,2023-11-15T14:49:21.554933+00:00,node_1,8.428611,OK,normal,normal,0.0,0.0
run_0041,35,2023-11-15T14:49:21.383826+00:00,node_2,8.417215,OK,normal,normal,0.0,0.0
run_0041,35,2023-11-15T14:49:21.388190+00:00,node_3,8.691386,OK,normal,normal,0.0,0.0
run_0042,0,2023-11-15T15:01:39.545430+00:00,node_1,10.085511,OK,normal,normal,0.0,0.0
run_0042,0,2023-11-15T15:01:39.575483+00:00,node_2,10.148906,OK,normal,normal,0.0,0.0
run_0042,0,2023-11-15T15:01:39.806709+00:00,node_3,10.481913,OK,normal,normal,0.0,0.0
run_0042,1,2023-11-15T15:01:59.922063+00:00,node_1,10.304419,OK,normal,normal,0.0,0.0
run_0042,1,2023-11-15T15:01:59.763240+00:00,node_2,10.202737,OK,normal,normal,0.0,0.0
run_0042,1,2023-11-15T15:02:00.120265+00:00,node_3,10.251797,OK,normal,normal,0.0,0.0
run_0042,2,2023-11-15T15:02:20.087420+00:00,node_1,10.167202,OK,normal,normal,0.0,0.0
run_0042,2,2023-11-15T15:02:20.096790+00:00,node_2,9.602962,OK,normal,normal,0.0,0.0
run_0042,2,2023-11-15T15:02:20.340417+00:00,node_3,9.848061,OK,normal,normal,0.0,0.0
run_0042,3,2023-11-15T15:02:40.555377+00:00,node_1,10.108314,OK,normal,normal,0.0,0.0
run_0042,3,2023-11-15T15:02:40.414445+00:00,node_2,9.917366,OK,normal,normal,0.0,0.0
run_0042,3,2023-11-15T15:02:40.323183+00:00,node_3,10.085648,OK,normal,normal,0.0,0.0
run_0042,4,2023-11-15T15:03:00.220442+00:00,node_1,10.330196,OK,normal,normal,0.0,0.0
run_0042,4,2023-11-15T15:03:00.143204+00:00,node_2,10.11297,OK,normal,normal,0.0,0.0
run_0042,4,2023-11-15T15:03:00.256316+00:00,node_3,10.012134,OK,normal,normal,0.0,0.0
run_0042,5,2023-11-15T15:03:20.113061+00:00,node_1,10.52865,OK,major,normal,38.86874967188654,0
run_0042,5,2023-11-15T15:03:20.304085+00:00,node_2,6.140125,OK,major,normal,38.86874967188654,0
run_0042,5,2023-11-15T15:03:20.337811+00:00,node_3,6.078502,OK,major,normal,38.86874967188654,0
run_0042,6,2023-11-15T15:03:39.883703+00:00,node_1,9.997759,OK,major,normal,38.86874967188654,0
run_0042,6,2023-11-15T15:03:39.978793+00:00,node_2,6.235127,OK,major,normal,38.86874967188654,0
run_0042,6,2023-11-15T15:03:40.051393+00:00,node_3,6.222357,OK,major,normal,38.86874967188654,0
run_0042,7,2023-11-15T15:04:00.167080+00:00,node_1,9.927467,OK,major,normal,38.86874967188654,0
run_0042,7,2023-11-15T15:04:00.106843+00:00,node_2,6.024824,OK,major,normal,38.86874967188654,0
run_0042,7,2023-11-15T15:04:00.336818+00:00,node_3,6.024272,OK,major,normal,38.86874967188654,0
run_0042,8,2023-11-15T15:04:20.518910+00:00,node_1,9.992689,OK,major,normal,38.86874967188654,0
run_0042,8,2023-11-15T15:04:20.705150+00:00,node_2,6.080156,OK,major,normal,38.86874967188654,0
run_0042,8,2023-11-15T15:04:20.679075+00:00,node_3,6.094929,OK,major,normal,38.86874967188654,0
run_0042,9,2023-11-15T15:04:40.678003+00:00,node_1,10.409616,OK,major,normal,38.86874967188654,0
run_0042,9,2023-11-15T15:04:40.710591+00:00,node_2,6.13097,OK,major,normal,38.86874967188654,0
run_0042,9,2023-11-15T15:04:40.640063+00:00,node_3,6.040179,OK,major,normal,38.86874967188654,0
run_0042,10,2023-11-15T15:05:00.598483+00:00,node_1,9.906228,OK,major,normal,38.86874967188654,0
run_0042,10,2023-11-15T15:05:00.358766+00:00,node_2,6.368678,OK,major,normal,38.86874967188654,0
run_0042,10,2023-11-15T15:05:00.219910+00:00,node_3,6.119437,OK,major,normal,38.86874967188654,0
run_0042,11,2023-11-15T15:05:20.740170+00:00,node_1,10.240538,OK,major,normal,38.86874967188654,0
run_0042,11,2023-11-15T15:05:20.616788+00:00,node_2,6.071819,OK,major,normal,38.86874967188654,0
run_0042,11,2023-11-15T15:05:20.791949+00:00,node_3,6.138234,OK,major,normal,38.86874967188654,0
run_0042,12,2023-11-15T15:05:40.631628+00:00,node_1,11.86628,OK,major,normal,38.86874967188654,0
run_0042,12,2023-11-15T15:05:40.483672+00:00,node_2,7.054292,OK,major,normal,38.86874967188654,0
run_0042,12,2023-11-15T15:05:40.468653+00:00,node_3,7.241345,OK,major,normal,38.86874967188654,0
run_0042,13,2023-11-15T15:06:00.344139+00:00,node_1,11.641211,OK,major,normal,38.86874967188654,0
run_0042,13,2023-11-15T15:06:00.606797+00:00,node_2,7.251377,OK,major,normal,38.86874967188654,0
run_0042,13,2023-11-15T15:06:00.521085+00:00,node_3,7.310011,OK,major,normal,38.86874967188654,0
run_0042,14,2023-11-15T15:06:20.658046+00:00,node_1,11.692252,OK,major,normal,38.86874967188654,0
run_0042,14,2023-11-15T15:06:20.437861+00:00,node_2,7.084637,OK,major,normal,38.86874967188654,0
run_0042,14,2023-11-15T15:06:20.408988+00:00,node_3,7.377,OK,major,normal,38.86874967188654,0
run_0042,15,2023-11-15T15:06:40.372531+00:00,node_1,11.614057,OK,major,normal,38.86874967188654,0
run_0042,15,2023-11-15T15:06:40.059730+00:00,node_2,7.234184,OK,major,normal,38.86874967188654,0
run_0042,15,2023-11-15T15:06:40.126247+00:00,node_3,7.009839,OK,major,normal,38.86874967188654,0
run_0042,16,2023-11-15T15:07:00.287731+00:00,node_1,12.03195,OK,major,normal,38.86874967188654,0
run_0042,16,2023-11-15T15:07:00.358318+00:00,node_2,7.307491,OK,major,normal,38.86874967188654,0
run_0042,16,2023-11-15T15:07:00.235119+00:00,node_3,7.387444,OK,major,normal,38.86874967188654,0
run_0042,17,2023-11-15T15:07:20.439671+00:00,node_1,12.175939,OK,major,normal,38.86874967188654,0
run_0042,17,2023-11-15T15:07:20.527069+00:00,node_2,7.2936,OK,major,normal,38.86874967188654,0
run_0042,17,2023-11-15T15:07:20.293449+00:00,node_3,7.33805,OK,major,normal,38.86874967188654,0
run_0042,18,2023-11-15T15:07:40.195579+00:00,node_1,11.778697,OK,major,normal,38.86874967188654,0
run_0042,18,2023-11-15T15:07:40.516565+00:00,node_2,7.261374,OK,major,normal,38.86874967188654,0
run_0042,18,2023-11-15T15:07:40.388287+00:00,node_3,7.101323,OK,major,normal,38.86874967188654,0
run_0042,19,2023-11-15T15:08:00.646396+00:00,node_1,11.61998,OK,major,normal,38.86874967188654,0
run_0042,19,2023-11-15T15:08:00.676511+00:00,node_2,7.276967,OK,major,normal,38.86874967188654,0
run_0042,19,2023-11-15T15:08:00.352712+00:00,node_3,7.275164,OK,major,normal,38.86874967188654,0
run_0042,20,2023-11-15T15:08:20.694895+00:00,node_1,12.220782,OK,major,normal,38.86874967188654,0
run_0042,20,2023-11-15T15:08:20.949963+00:00,node_2,7.248519,OK,major,normal,38.86874967188654,0
run_0042,20,2023-11-15T15:08:20.758868+00:00,node_3,7.275721,OK,major,normal,38.86874967188654,0
run_0042,21,2023-11-15T15:08:41.131123+00:00,node_1,11.488376,OK,major,normal,38.86874967188654,0
run_0042,21,2023-11-15T15:08:40.981688+00:00,node_2,7.12751,OK,major,normal,38.86874967188654,0
run_0042,21,2023-11-15T15:08:41.165843+00:00,node_3,7.053107,OK,major,normal,38.86874967188654,0
run_0042,22,2023-11-15T15:09:01.474664+00:00,node_1,12.041155,OK,major,normal,38.86874967188654,0
run_0042,22,2023-11-15T15:09:01.482670+00:00,node_2,7.180909,OK,major,normal,38.86874967188654,0
run_0042,22,2023-11-15T15:09:01.449569+00:00,node_3,7.190735,OK,major,normal,38.86874967188654,0
run_0042,23,2023-11-15T15:09:22.038834+00:00,node_1,11.286157,OK,major,normal,38.86874967188654,0
run_0042,23,2023-11-15T15:09:21.826346+00:00,node_2,7.150352,OK,major,normal,38.86874967188654,0
run_0042,23,2023-11-15T15:09:21.950654+00:00,node_3,7.127499,OK,major,normal,38.86874967188654,0
run_0042,24,2023-11-15T15:09:41.364845+00:00,node_1,9.607647,OK,major,normal,38.86874967188654,0
run_0042,24,2023-11-15T15:09:41.729240+00:00,node_2,5.746782,OK,major,normal,38.86874967188654,0
run_0042,24,2023-11-15T15:09:41.590820+00:00,node_3,5.63354,OK,major,normal,38.86874967188654,0
run_0042,25,2023-11-15T15:10:01.480972+00:00,node_1,9.363822,OK,major,normal,38.86874967188654,0
run_0042,25,2023-11-15T15:10:01.497456+00:00,node_2,5.696803,OK,major,normal,38.86874967188654,0
run_0042,25,2023-11-15T15:10:01.456927+00:00,node_3,5.82497,OK,major,normal,38.86874967188654,0
run_0042,26,2023-11-15T15:10:20.914889+00:00,node_1,9.709275,OK,major,normal,38.86874967188654,0
run_0042,26,2023-11-15T15:10:21.073829+00:00,node_2,6.081956,OK,major,normal,38.86874967188654,0
run_0042,26,2023-11-15T15:10:21.025004+00:00,node_3,6.16548,OK,major,normal,38.86874967188654,0
run_0042,27,2023-11-15T15:10:41.506207+00:00,node_1,9.783757,OK,major,normal,38.86874967188654,0
run_0042,27,2023-11-15T15:10:41.446429+00:00,node_2,5.956007,OK,major,normal,38.86874967188654,0
run_0042,27,2023-11-15T15:10:41.133085+00:00,node_3,5.901821,OK,major,normal,38.86874967188654,0
run_0042,28,2023-11-15T15:11:01.780041+00:00,node_1,9.579792,OK,major,normal,38.86874967188654,0
run_0042,28,2023-11-15T15:11:01.647713+00:00,node_2,5.858424,OK,major,normal,38.86874967188654,0
run_0042,28,2023-11-15T15:11:01.805910+00:00,node_3,5.916673,OK,major,normal,38.86874967188654,0
run_0042,29,2023-11-15T15:11:21.526749+00:00,node_1,9.536088,OK,major,normal,38.86874967188654,0
run_0042,29,2023-11-15T15:11:21.604408+00:00,node_2,5.81,OK,major,normal,38.86874967188654,0
run_0042,29,2023-11-15T15:11:21.447410+00:00,node_3,5.977578,OK,major,normal,38.86874967188654,0
run_0042,30,2023-11-15T15:11:41.663324+00:00,node_1,9.348095,OK,major,normal,38.86874967188654,0
run_0042,30,2023-11-15T15:11:42.022525+00:00,node_2,5.788402,OK,major,normal,38.86874967188654,0
run_0042,30,2023-11-15T15:11:41.880894+00:00,node_3,5.831211,OK,major,normal,38.86874967188654,0
run_0042,31,2023-11-15T15:12:02.180753+00:00,node_1,9.635632,OK,normal,normal,0.0,0.0
run_0042,31,2023-11-15T15:12:02.087700+00:00,node_2,9.581076,OK,normal,normal,0.0,0.0
run_0042,31,2023-11-15T15:12:02.097681+00:00,node_3,9.660755,OK,normal,normal,0.0,0.0
run_0042,32,2023-11-15T15:12:22.001095+00:00,node_1,9.239011,OK,normal,normal,0.0,0.0
run_0042,32,2023-11-15T15:12:22.064609+00:00,node_2,9.452973,OK,normal,normal,0.0,0.0
run_0042,32,2023-11-15T15:12:21.975094+00:00,node_3,9.701769,OK,normal,normal,0.0,0.0
run_0042,33,2023-11-15T15:12:42.094696+00:00,node_1,9.517722,OK,normal,normal,0.0,0.0
run_0042,33,2023-11-15T15:12:41.995842+00:00,node_2,9.58267,OK,normal,normal,0.0,0.0
run_0042,33,2023-11-15T15:12:41.856798+00:00,node_3,9.480347,OK,normal,normal,0.0,0.0
run_0042,34,2023-11-15T15:13:02.058877+00:00,node_1,9.866998,OK,normal,normal,0.0,0.0
run_0042,34,2023-11-15T15:13:01.885741+00:00,node_2,9.70258,OK,normal,normal,0.0,0.0
run_0042,34,2023-11-15T15:13:01.797988+00:00,node_3,9.696912,OK,normal,normal,0.0,0.0
run_0042,35,2023-11-15T15:13:21.981410+00:00,node_1,9.201356,OK,normal,normal,0.0,0.0
run_0042,35,2023-11-15T15:13:22.325615+00:00,node_2,9.927108,OK,normal,normal,0.0,0.0
run_0042,35,2023-11-15T15:13:22.224536+00:00,node_3,9.617608,OK,normal,normal,0.0,0.0
run_0043,0,2023-11-15T15:25:39.564475+00:00,node_1,11.416169,OK,normal,normal,0.0,0.0
run_0043,0,2023-11-15T15:25:39.521348+00:00,node_2,11.223847,OK,normal,normal,0.0,0.0
run_0043,0,2023-11-15T15:25:39.865223+00:00,node_3,11.161391,OK,normal,normal,0.0,0.0
run_0043,1,2023-11-15T15:25:59.107738+00:00,node_1,10.960447,OK,normal,normal,0.0,0.0
run_0043,1,2023-11-15T15:25:59.299472+00:00,node_2,11.342085,OK,normal,normal,0.0,0.0
run_0043,1,2023-11-15T15:25:59.278157+00:00,node_3,11.291085,OK,normal,normal,0.0,0.0
run_0043,2,2023-11-15T15:26:18.920005+00:00,node_1,11.16433,OK,normal,normal,0.0,0.0
run_0043,2,2023-11-15T15:26:19.191582+00:00,node_2,11.160413,OK,normal,normal,0.0,0.0
run_0043,2,2023-11-15T15:26:18.870085+00:00,node_3,11.595372,OK,normal,normal,0.0,0.0
run_0043,3,2023-11-15T15:26:38.672609+00:00,node_1,11.148891,OK,normal,normal,0.0,0.0
run_0043,3,2023-11-15T15:26:38.982611+00:00,node_2,11.368744,OK,normal,normal,0.0,0.0
run_0043,3,2023-11-15T15:26:38.873508+00:00,node_3,11.442972,OK,normal,normal,0.0,0.0
run_0043,4,2023-11-15T15:26:58.884378+00:00,node_1,11.206367,OK,normal,normal,0.0,0.0
run_0043,4,2023-11-15T15:26:59.009934+00:00,node_2,11.32589,OK,normal,normal,0.0,0.0
run_0043,4,2023-11-15T15:26:58.992739+00:00,node_3,11.213653,OK,normal,normal,0.0,0.0
run_0043,5,2023-11-15T15:27:19.007668+00:00,node_1,11.049636,OK,major,minor,36.51907493006492,13.734014356948482
run_0043,5,2023-11-15T15:27:19.049279+00:00,node_2,7.155943,OK,major,minor,36.51907493006492,13.734014356948482
run_0043,5,2023-11-15T15:27:19.098996+00:00,node_3,5.921792,OK,major,minor,36.51907493006492,13.734014356948482
run_0043,6,2023-11-15T15:27:39.237432+00:00,node_1,11.478561,OK,major,minor,36.51907493006492,13.734014356948482
run_0043,6,2023-11-15T15:27:39.504736+00:00,node_2,7.202887,OK,major,minor,36.51907493006492,13.734014356948482
run_0043,6,2023-11-15T15:27:39.459508+00:00,node_3,6.168189,OK,major,minor,36.51907493006492,13.734014356948482
run_0043,7,2023-11-15T15:27:59.752177+00:00,node_1,11.379286,OK,major,minor,36.51907493006492,13.734014356948482
run_0043,7,2023-11-15T15:27:59.501025+00:00,node_2,7.375282,OK,major,minor,36.51907493006492,13.734014356948482
run_0043,7,2023-11-15T15:27:59.700988+00:00,node_3,6.190135,OK,major,minor,36.51907493006492,13.734014356948482
run_0043,8,2023-11-15T15:28:20.070078+00:00,node_1,11.304232,OK,major,minor,36.51907493006492,13.734014356948482
run_0043,8,2023-11-15T15:28:20.134690+00:00,node_2,7.146956,OK,major,minor,36.51907493006492,13.734014356948482
run_0043,8,2023-11-15T15:28:19.979114+00:00,node_3,6.131646,OK,major,minor,36.51907493006492,13.734014356948482
run_0043,9,2023-11-15T15:28:40.297919+00:00,node_1,11.068317,OK,major,minor,36.51907493006492,13.734014356948482
run_0043,9,2023-11-15T15:28:40.068668+00:00,node_2,6.834579,OK,major,minor,36.51907493006492,13.734014356948482
run_0043,9,2023-11-15T15:28:40.227445+00:00,node_3,6.505683,OK,major,minor,36.51907493006492,13.734014356948482
run_0043,10,2023-11-15T15:28:59.811369+00:00,node_1,11.264181,OK,major,minor,36.51907493006492,13.734014356948482
run_0043,10,2023-11-15T15:29:00.015624+00:00,node_2,7.299838,OK,major,minor,36.51907493006492,13.734014356948482
run_0043,10,2023-11-15T15:28:59.812163+00:00,node_3,5.994527,OK,major,minor,36.51907493006492,13.734014356948482
run_0043,11,2023-11-15T15:29:20.246206+00:00,node_1,11.111016,OK,major,minor,36.51907493006492,13.734014356948482
run_0043,11,2023-11-15T15:29:20.001758+00:00,node_2,7.035916,OK,major,minor,36.51907493006492,13.734014356948482
run_0043,11,2023-11-15T15:29:20.072674+00:00,node_3,6.121354,OK,major,minor,36.51907493006492,13.734014356948482
run_0043,12,2023-11-15T15:29:40.654345+00:00,node_1,10.505327,OK,major,minor,36.51907493006492,13.734014356948482
run_0043,12,2023-11-15T15:29:40.574970+00:00,node_2,6.643727,OK,major,minor,36.51907493006492,13.734014356948482
run_0043,12,2023-11-15T15:29:40.411358+00:00,node_3,5.722421,OK,major,minor,36.51907493006492,13.734014356948482
run_0043,13,2023-11-15T15:30:00.148597+00:00,node_1,10.5417,OK,major,minor,36.51907493006492,13.734014356948482
run_0043,13,2023-11-15T15:30:00.135080+00:00,node_2,6.807167,OK,major,minor,36.51907493006492,13.734014356948482
run_0043,13,2023-11-15T15:30:00.395750+00:00,node_3,5.788234,OK,major,minor,36.51907493006492,13.734014356948482
run_0043,14,2023-11-15T15:30:20.342626+00:00,node_1,10.743185,OK,major,minor,36.51907493006492,13.734014356948482
run_0043,14,2023-11-15T15:30:20.117063+00:00,node_2,6.402147,OK,major,minor,36.51907493006492,13.734014356948482
run_0043,14,2023-11-15T15:30:20.440774+00:00,node_3,5.907211,OK,major,minor,36.51907493006492,13.734014356948482
run_0043,15,2023-11-15T15:30:39.830256+00:00,node_1,10.495341,OK,major,minor,36.51907493006492,13.734014356948482
run_0043,15,2023-11-15T15:30:39.795003+00:00,node_2,6.596447,OK,major,minor,36.51907493006492,13.734014356948482
run_0043,15,2023-11-15T15:30:40.078278+00:00,node_3,5.813071,OK,major,minor,36.51907493006492,13.734014356948482
run_0043,16,2023-11-15T15:31:00.067043+00:00,node_1,10.501279,OK,major,minor,36.51907493006492,13.734014356948482
run_0043,16,2023-11-15T15:31:00.217463+00:00,node_2,6.789242,OK,major,minor,36.51907493006492,13.734014356948482
run_0043,16,2023-11-15T15:31:00.115439+00:00,node_3,5.919119,OK,major,minor,36.51907493006492,13.734014356948482
run_0043,17,2023-11-15T15:31:19.931221+00:00,node_1,10.650913,OK,major,minor,36.51907493006492,13.734014356948482
run_0043,17,2023-11-15T15:31:19.789145+00:00,node_2,6.80763,OK,major,minor,36.51907493006492,13.734014356948482
run_0043,17,2023-11-15T15:31:20.029490+00:00,node_3,5.58927,OK,major,minor,36.51907493006492,13.734014356948482
run_0043,18,2023-11-15T15:31:39.375601+00:00,node_1,10.504872,OK,major,minor,36.51907493006492,13.734014356948482
run_0043,18,2023-11-15T15:31:39.640568+00:00,node_2,6.610092,OK,major,minor,36.51907493006492,13.734014356948482
run_0043,18,2023-11-15T15:31:39.416833+00:00,node_3,5.829054,OK,major,minor,36.51907493006492,13.734014356948482
run_0043,19,2023-11-15T15:31:59.846407+00:00,node_1,10.531927,OK,major,minor,36.51907493006492,13.734014356948482
run_0043,19,2023-11-15T15:31:59.702160+00:00,node_2,6.651163,OK,major,minor,36.51907493006492,13.734014356948482
run_0043,19,2023-11-15T15:31:59.675262+00:00,node_3,5.795643,OK,major,minor,36.51907493006492,13.734014356948482
run_0043,20,2023-11-15T15:32:19.573445+00:00,node_1,9.974642,OK,major,minor,36.51907493006492,13.734014356948482
run_0043,20,2023-11-15T15:32:19.809737+00:00,node_2,6.542704,OK,major,minor,36.51907493006492,13.734014356948482
run_0043,20,2023-11-15T15:32:19.677310+00:00,node_3,5.681956,OK,major,minor,36.51907493006492,13.734014356948482
run_0043,21,2023-11-15T15:32:39.495910+00:00,node_1,10.594395,OK,major,minor,36.51907493006492,13.734014356948482
run_0043,21,2023-11-15T15:32:39.490200+00:00,node_2,6.737696,OK,major,minor,36.51907493006492,13.734014356948482
run_0043,21,2023-11-15T15:32:39.654053+00:00,node_3,5.664082,OK,major,minor,36.51907493006492,13.734014356948482
run_0043,22,2023-11-15T15:32:59.646159+00:00,node_1,10.269539,OK,major,minor,36.51907493006492,13.734014356948482
run_0043,22,2023-11-15T15:32:59.856269+00:00,node_2,6.544006,OK,major,minor,36.51907493006492,13.734014356948482
run_0043,22,2023-11-15T15:32:59.650241+00:00,node_3,5.914658,OK,major,minor,36.51907493006492,13.734014356948482
run_0043,23,2023-11-15T15:33:19.352857+00:00,node_1,10.44451,OK,major,minor,36.51907493006492,13.734014356948482
run_0043,23,2023-11-15T15:33:19.584158+00:00,node_2,6.619987,OK,major,minor,36.51907493006492,13.734014356948482
run_0043,23,2023-11-15T15:33:19.447244+00:00,node_3,5.717585,OK,major,minor,36.51907493006492,13.734014356948482
run_0043,24,2023-11-15T15:33:39.213028+00:00,node_1,9.459721,OK,major,minor,36.51907493006492,13.734014356948482
run_0043,24,2023-11-15T15:33:39.229456+00:00,node_2,5.523252,OK,major,minor,36.51907493006492,13.734014356948482
run_0043,24,2023-11-15T15:33:39.354209+00:00,node_3,4.914507,OK,major,minor,36.51907493006492,13.734014356948482
run_0043,25,2023-11-15T15:33:59.343387+00:00,node_1,9.33497,OK,major,minor,36.51907493006492,13.734014356948482
run_0043,25,2023-11-15T15:33:59.162171+00:00,node_2,5.894095,OK,major,minor,36.51907493006492,13.734014356948482
run_0043,25,2023-11-15T15:33:59.365473+00:00,node_3,5.205034,OK,major,minor,36.51907493006492,13.734014356948482
run_0043,26,2023-11-15T15:34:19.091977+00:00,node_1,9.038996,OK,major,minor,36.51907493006492,13.734014356948482
run_0043,26,2023-11-15T15:34:19.248236+00:00,node_2,5.796847,OK,major,minor,36.51907493006492,13.734014356948482
run_0043,26,2023-11-15T15:34:19.292531+00:00,node_3,5.01673,OK,major,minor,36.51907493006492,13.734014356948482
run_0043,27,2023-11-15T15:34:38.709596+00:00,node_1,9.017708,OK,major,minor,36.51907493006492,13.734014356948482
run_0043,27,2023-11-15T15:34:38.888088+00:00,node_2,5.594862,OK,major,minor,36.51907493006492,13.734014356948482
run_0043,27,2023-11-15T15:34:38.953934+00:00,node_3,4.83751,OK,major,minor,36.51907493006492,13.734014356948482
run_0043,28,2023-11-15T15:34:58.619264+00:00,node_1,9.197097,OK,major,minor,36.51907493006492,13.734014356948482
run_0043,28,2023-11-15T15:34:58.388160+00:00,node_2,5.707989,OK,major,minor,36.51907493006492,13.734014356948482
run_0043,28,2023-11-15T15:34:58.719188+00:00,node_3,5.010199,OK,major,minor,36.51907493006492,13.734014356948482
run_0043,29,2023-11-15T15:35:18.183406+00:00,node_1,8.939615,OK,major,minor,36.51907493006492,13.734014356948482
run_0043,29,2023-11-15T15:35:18.255928+00:00,node_2,5.737061,OK,major,minor,36.51907493006492,13.734014356948482
run_0043,29,2023-11-15T15:35:18.287434+00:00,node_3,5.171779,OK,major,minor,36.51907493006492,13.734014356948482
run_0043,30,2023-11-15T15:35:38.487369+00:00,node_1,9.115865,OK,major,minor,36.51907493006492,13.734014356948482
run_0043,30,2023-11-15T15:35:38.379187+00:00,node_2,5.842977,OK,major,minor,36.51907493006492,13.734014356948482
run_0043,30,2023-11-15T15:35:38.380352+00:00,node_3,4.991124,OK,major,minor,36.51907493006492,13.734014356948482
run_0043,31,2023-11-15T15:35:58.512295+00:00,node_1,9.24937,OK,normal,normal,0.0,0.0
run_0043,31,2023-11-15T15:35:58.520176+00:00,node_2,9.255547,OK,normal,normal,0.0,0.0
run_0043,31,2023-11-15T15:35:58.668660+00:00,node_3,9.241577,OK,normal,normal,0.0,0.0
run_0043,32,2023-11-15T15:36:19.200574+00:00,node_1,9.372968,OK,normal,normal,0.0,0.0
run_0043,32,2023-11-15T15:36:19.111986+00:00,node_2,9.013197,OK,normal,normal,0.0,0.0
run_0043,32,2023-11-15T15:36:19.008628+00:00,node_3,9.293971,OK,normal,normal,0.0,0.0
run_0043,33,2023-11-15T15:36:39.006131+00:00,node_1,8.93526,OK,normal,normal,0.0,0.0
run_0043,33,2023-11-15T15:36:39.173481+00:00,node_2,9.205834,OK,normal,normal,0.0,0.0
run_0043,33,2023-11-15T15:36:39.027134+00:00,node_3,9.316677,OK,normal,normal,0.0,0.0
run_0043,34,2023-11-15T15:36:58.635641+00:00,node_1,9.024259,OK,normal,normal,0.0,0.0
run_0043,34,2023-11-15T15:36:58.560928+00:00,node_2,8.998909,OK,normal,normal,0.0,0.0
run_0043,34,2023-11-15T15:36:58.877092+00:00,node_3,8.980453,OK,normal,normal,0.0,0.0
run_0043,35,2023-11-15T15:37:18.413417+00:00,node_1,9.134141,OK,normal,normal,0.0,0.0
run_0043,35,2023-11-15T15:37:18.520584+00:00,node_2,9.355325,OK,normal,normal,0.0,0.0
run_0043,35,2023-11-15T15:37:18.449531+00:00,node_3,9.467924,OK,normal,normal,0.0,0.0
run_0044,0,2023-11-15T15:49:40.193567+00:00,node_1,10.670657,OK,normal,normal,0.0,0.0
run_0044,0,2023-11-15T15:49:39.960561+00:00,node_2,10.752502,OK,normal,normal,0.0,0.0
run_0044,0,2023-11-15T15:49:40.238430+00:00,node_3,10.883544,OK,normal,normal,0.0,0.0
run_0044,1,2023-11-15T15:50:00.088638+00:00,node_1,10.952934,OK,normal,normal,0.0,0.0
run_0044,1,2023-11-15T15:50:00.389047+00:00,node_2,10.670701,OK,normal,normal,0.0,0.0
run_0044,1,2023-11-15T15:50:00.320668+00:00,node_3,10.796345,OK,normal,normal,0.0,0.0
run_0044,2,2023-11-15T15:50:19.912045+00:00,node_1,10.550542,OK,normal,normal,0.0,0.0
run_0044,2,2023-11-15T15:50:19.981894+00:00,node_2,10.716266,OK,normal,normal,0.0,0.0
run_0044,2,2023-11-15T15:50:19.978924+00:00,node_3,10.837202,OK,normal,normal,0.0,0.0
run_0044,3,2023-11-15T15:50:39.667901+00:00,node_1,10.861607,OK,normal,normal,0.0,0.0
run_0044,3,2023-11-15T15:50:39.861096+00:00,node_2,10.485076,OK,normal,normal,0.0,0.0
run_0044,3,2023-11-15T15:50:39.818650+00:00,node_3,10.47494,OK,normal,normal,0.0,0.0
run_0044,4,2023-11-15T15:50:59.701365+00:00,node_1,10.911762,OK,normal,normal,0.0,0.0
run_0044,4,2023-11-15T15:50:59.632322+00:00,node_2,10.903089,OK,normal,normal,0.0,0.0
run_0044,4,2023-11-15T15:50:59.703149+00:00,node_3,10.629057,OK,normal,normal,0.0,0.0
run_0044,5,2023-11-15T15:51:19.997727+00:00,node_1,10.254402,OK,major,major,44.13841688812513,37.30568159809581
run_0044,5,2023-11-15T15:51:19.921030+00:00,node_2,5.917785,OK,major,major,44.13841688812513,37.30568159809581
run_0044,5,2023-11-15T15:51:19.897322+00:00,node_3,3.720941,OK,major,major,44.13841688812513,37.30568159809581
run_0044,6,2023-11-15T15:51:40.102048+00:00,node_1,10.960295,OK,major,major,44.13841688812513,37.30568159809581
run_0044,6,2023-11-15T15:51:40.111660+00:00,node_2,5.990567,OK,major,major,44.13841688812513,37.30568159809581
run_0044,6,2023-11-15T15:51:40.177925+00:00,node_3,3.76771,OK,major,major,44.13841688812513,37.30568159809581
run_0044,7,2023-11-15T15:52:00.310343+00:00,node_1,10.461544,OK,major,major,44.13841688812513,37.30568159809581
run_0044,7,2023-11-15T15:52:00.346112+00:00,node_2,5.974911,OK,major,major,44.13841688812513,37.30568159809581
run_0044,7,2023-11-15T15:52:00.392737+00:00,node_3,3.549327,OK,major,major,44.13841688812513,37.30568159809581
run_0044,8,2023-11-15T15:52:20.421113+00:00,node_1,10.201647,OK,major,major,44.13841688812513,37.30568159809581
run_0044,8,2023-11-15T15:52:20.402524+00:00,node_2,5.938115,OK,major,major,44.13841688812513,37.30568159809581
run_0044,8,2023-11-15T15:52:20.410055+00:00,node_3,3.698403,OK,major,major,44.13841688812513,37.30568159809581
run_0044,9,2023-11-15T15:52:40.177037+00:00,node_1,10.706781,OK,major,major,44.13841688812513,37.30568159809581
run_0044,9,2023-11-15T15:52:40.037906+00:00,node_2,5.93486,OK,major,major,44.13841688812513,37.30568159809581
run_0044,9,2023-11-15T15:52:40.146233+00:00,node_3,3.532875,OK,major,major,44.13841688812513,37.30568159809581
run_0044,10,2023-11-15T15:53:00.264759+00:00,node_1,10.738852,OK,major,major,44.13841688812513,37.30568159809581
run_0044,10,2023-11-15T15:53:00.234619+00:00,node_2,5.996882,OK,major,major,44.13841688812513,37.30568159809581
run_0044,10,2023-11-15T15:53:00.129628+00:00,node_3,3.863681,OK,major,major,44.13841688812513,37.30568159809581
run_0044,11,2023-11-15T15:53:20.184590+00:00,node_1,10.931956,OK,major,major,44.13841688812513,37.30568159809581
run_0044,11,2023-11-15T15:53:19.859822+00:00,node_2,6.262889,OK,major,major,44.13841688812513,37.30568159809581
run_0044,11,2023-11-15T15:53:20.066376+00:00,node_3,3.718934,OK,major,major,44.13841688812513,37.30568159809581
run_0044,12,2023-11-15T15:53:40.243464+00:00,node_1,10.944304,OK,major,major,44.13841688812513,37.30568159809581
run_0044,12,2023-11-15T15:53:40.355730+00:00,node_2,6.461574,OK,major,major,44.13841688812513,37.30568159809581
run_0044,12,2023-11-15T15:53:40.528208+00:00,node_3,4.011362,OK,major,major,44.13841688812513,37.30568159809581
run_0044,13,2023-11-15T15:54:00.554859+00:00,node_1,11.244999,OK,major,major,44.13841688812513,37.30568159809581
run_0044,13,2023-11-15T15:54:00.415757+00:00,node_2,6.426431,OK,major,major,44.13841688812513,37.30568159809581
run_0044,13,2023-11-15T15:54:00.488582+00:00,node_3,3.939354,OK,major,major,44.13841688812513,37.30568159809581
run_0044,14,2023-11-15T15:54:20.417788+00:00,node_1,11.317265,OK,major,major,44.13841688812513,37.30568159809581
run_0044,14,2023-11-15T15:54:20.590470+00:00,node_2,6.295028,OK,major,major,44.13841688812513,37.30568159809581
run_0044,14,2023-11-15T15:54:20.494151+00:00,node_3,3.926636,OK,major,major,44.13841688812513,37.30568159809581
run_0044,15,2023-11-15T15:54:40.886598+00:00,node_1,11.019267,OK,major,major,44.13841688812513,37.30568159809581
run_0044,15,2023-11-15T15:54:40.867547+00:00,node_2,6.31762,OK,major,major,44.13841688812513,37.30568159809581
run_0044,15,2023-11-15T15:54:40.984326+00:00,node_3,3.976346,OK,major,major,44.13841688812513,37.30568159809581
run_0044,16,2023-11-15T15:55:00.747841+00:00,node_1,10.781934,OK,major,major,44.13841688812513,37.30568159809581
run_0044,16,2023-11-15T15:55:00.692305+00:00,node_2,6.382241,OK,major,major,44.13841688812513,37.30568159809581
run_0044,16,2023-11-15T15:55:00.573084+00:00,node_3,3.906875,OK,major,major,44.13841688812513,37.30568159809581
run_0044,17,2023-11-15T15:55:20.808874+00:00,node_1,10.881704,OK,major,major,44.13841688812513,37.30568159809581
run_0044,17,2023-11-15T15:55:20.658782+00:00,node_2,6.252585,OK,major,major,44.13841688812513,37.30568159809581
run_0044,17,2023-11-15T15:55:20.840149+00:00,node_3,3.935022,OK,major,major,44.13841688812513,37.30568159809581
run_0044,18,2023-11-15T15:55:40.838016+00:00,node_1,11.45028,OK,major,major,44.13841688812513,37.30568159809581
run_0044,18,2023-11-15T15:55:40.803262+00:00,node_2,6.095042,OK,major,major,44.13841688812513,37.30568159809581
run_0044,18,2023-11-15T15:55:40.710337+00:00,node_3,3.844718,OK,major,major,44.13841688812513,37.30568159809581
run_0044,19,2023-11-15T15:56:00.918631+00:00,node_1,11.535899,OK,major,major,44.13841688812513,37.30568159809581
run_0044,19,2023-11-15T15:56:00.967477+00:00,node_2,6.294843,OK,major,major,44.13841688812513,37.30568159809581
run_0044,19,2023-11-15T15:56:00.881990+00:00,node_3,3.9445,OK,major,major,44.13841688812513,37.30568159809581
run_0044,20,2023-11-15T15:56:20.639246+00:00,node_1,11.201599,OK,major,major,44.13841688812513,37.30568159809581
run_0044,20,2023-11-15T15:56:20.796152+00:00,node_2,6.449381,OK,major,major,44.13841688812513,37.30568159809581
run_0044,20,2023-11-15T15:56:20.718274+00:00,node_3,4.037883,OK,major,major,44.13841688812513,37.30568159809581
run_0044,21,2023-11-15T15:56:40.706717+00:00,node_1,10.723188,OK,major,major,44.13841688812513,37.30568159809581
run_0044,21,2023-11-15T15:56:40.627356+00:00,node_2,6.529308,OK,major,major,44.13841688812513,37.30568159809581
run_0044,21,2023-11-15T15:56:40.705996+00:00,node_3,3.765961,OK,major,major,44.13841688812513,37.30568159809581
run_0044,22,2023-11-15T15:57:00.904971+00:00,node_1,10.760148,OK,major,major,44.13841688812513,37.30568159809581
run_0044,22,2023-11-15T15:57:01.005368+00:00,node_2,6.467739,OK,major,major,44.13841688812513,37.30568159809581
run_0044,22,2023-11-15T15:57:00.834034+00:00,node_3,3.872416,OK,major,major,44.13841688812513,37.30568159809581
run_0044,23,2023-11-15T15:57:21.151847+00:00,node_1,10.86397,OK,major,major,44.13841688812513,37.30568159809581
run_0044,23,2023-11-15T15:57:21.036135+00:00,node_2,6.161875,OK,major,major,44.13841688812513,37.30568159809581
run_0044,23,2023-11-15T15:57:21.154428+00:00,node_3,3.92753,OK,major,major,44.13841688812513,37.30568159809581
run_0044,24,2023-11-15T15:57:41.483752+00:00,node_1,10.592415,OK,major,major,44.13841688812513,37.30568159809581
run_0044,24,2023-11-15T15:57:41.437409+00:00,node_2,6.002394,OK,major,major,44.13841688812513,37.30568159809581
run_0044,24,2023-11-15T15:57:41.662852+00:00,node_3,3.934175,OK,major,major,44.13841688812513,37.30568159809581
run_0044,25,2023-11-15T15:58:01.447031+00:00,node_1,10.8648,OK,major,major,44.13841688812513,37.30568159809581
run_0044,25,2023-11-15T15:58:01.349148+00:00,node_2,5.970765,OK,major,major,44.13841688812513,37.30568159809581
run_0044,25,2023-11-15T15:58:01.562765+00:00,node_3,3.895878,OK,major,major,44.13841688812513,37.30568159809581
run_0044,26,2023-11-15T15:58:21.344833+00:00,node_1,10.647428,OK,major,major,44.13841688812513,37.30568159809581
run_0044,26,2023-11-15T15:58:21.471305+00:00,node_2,6.387039,OK,major,major,44.13841688812513,37.30568159809581
run_0044,26,2023-11-15T15:58:21.312621+00:00,node_3,3.842529,OK,major,major,44.13841688812513,37.30568159809581
run_0044,27,2023-11-15T15:58:41.081718+00:00,node_1,11.357346,OK,major,major,44.13841688812513,37.30568159809581
run_0044,27,2023-11-15T15:58:41.201772+00:00,node_2,6.013773,OK,major,major,44.13841688812513,37.30568159809581
run_0044,27,2023-11-15T15:58:41.023620+00:00,node_3,3.946298,OK,major,major,44.13841688812513,37.30568159809581
run_0044,28,2023-11-15T15:59:01.285011+00:00,node_1,11.009969,OK,major,major,44.13841688812513,37.30568159809581
run_0044,28,2023-11-15T15:59:01.265115+00:00,node_2,6.223915,OK,major,major,44.13841688812513,37.30568159809581
run_0044,28,2023-11-15T15:59:01.337954+00:00,node_3,3.947033,OK,major,major,44.13841688812513,37.30568159809581
run_0044,29,2023-11-15T15:59:21.758591+00:00,node_1,11.033684,OK,major,major,44.13841688812513,37.30568159809581
run_0044,29,2023-11-15T15:59:21.752489+00:00,node_2,6.071188,OK,major,major,44.13841688812513,37.30568159809581
run_0044,29,2023-11-15T15:59:21.680770+00:00,node_3,3.741083,OK,major,major,44.13841688812513,37.30568159809581
run_0044,30,2023-11-15T15:59:41.786131+00:00,node_1,10.795991,OK,major,major,44.13841688812513,37.30568159809581
run_0044,30,2023-11-15T15:59:41.552817+00:00,node_2,6.236557,OK,major,major,44.13841688812513,37.30568159809581
run_0044,30,2023-11-15T15:59:41.668062+00:00,node_3,3.822479,OK,major,major,44.13841688812513,37.30568159809581
run_0044,31,2023-11-15T16:00:01.318544+00:00,node_1,10.537017,OK,normal,normal,0.0,0.0
run_0044,31,2023-11-15T16:00:01.440478+00:00,node_2,10.844794,OK,normal,normal,0.0,0.0
run_0044,31,2023-11-15T16:00:01.413134+00:00,node_3,10.84586,OK,normal,normal,0.0,0.0
run_0044,32,2023-11-15T16:00:21.056817+00:00,node_1,11.009781,OK,normal,normal,0.0,0.0
run_0044,32,2023-11-15T16:00:21.408236+00:00,node_2,11.293654,OK,normal,normal,0.0,0.0
run_0044,32,2023-11-15T16:00:21.235834+00:00,node_3,11.035716,OK,normal,normal,0.0,0.0
run_0044,33,2023-11-15T16:00:41.367117+00:00,node_1,11.247173,OK,normal,normal,0.0,0.0
run_0044,33,2023-11-15T16:00:41.380494+00:00,node_2,11.275974,OK,normal,normal,0.0,0.0
run_0044,33,2023-11-15T16:00:41.177425+00:00,node_3,10.875219,OK,normal,normal,0.0,0.0
run_0044,34,2023-11-15T16:01:01.778939+00:00,node_1,11.078094,OK,normal,normal,0.0,0.0
run_0044,34,2023-11-15T16:01:01.632317+00:00,node_2,11.122073,OK,normal,normal,0.0,0.0
run_0044,34,2023-11-15T16:01:01.472191+00:00,node_3,10.834626,OK,normal,normal,0.0,0.0
run_0044,35,2023-11-15T16:01:21.544996+00:00,node_1,10.763221,OK,normal,normal,0.0,0.0
run_0044,35,2023-11-15T16:01:21.356053+00:00,node_2,10.800898,OK,normal,normal,0.0,0.0
run_0044,35,2023-11-15T16:01:21.449633+00:00,node_3,11.062935,OK,normal,normal,0.0,0.0
run_0045,0,2023-11-15T16:13:40.229434+00:00,node_1,7.983412,OK,normal,normal,0.0,0.0
run_0045,0,2023-11-15T16:13:39.984643+00:00,node_2,8.181067,OK,normal,normal,0.0,0.0
run_0045,0,2023-11-15T16:13:40.001095+00:00,node_3,8.278953,OK,normal,normal,0.0,0.0
run_0045,1,2023-11-15T16:13:59.635918+00:00,node_1,8.510188,OK,normal,normal,0.0,0.0
run_0045,1,2023-11-15T16:13:59.866565+00:00,node_2,8.276774,OK,normal,normal,0.0,0.0
run_0045,1,2023-11-15T16:13:59.878989+00:00,node_3,8.273476,OK,normal,normal,0.0,0.0
run_0045,2,2023-11-15T16:14:19.953668+00:00,node_1,8.139598,OK,normal,normal,0.0,0.0
run_0045,2,2023-11-15T16:14:20.218812+00:00,node_2,8.098965,OK,normal,normal,0.0,0.0
run_0045,2,2023-11-15T16:14:19.972090+00:00,node_3,8.419766,OK,normal,normal,0.0,0.0
run_0045,3,2023-11-15T16:14:39.876945+00:00,node_1,7.803271,OK,normal,normal,0.0,0.0
run_0045,3,2023-11-15T16:14:40.214998+00:00,node_2,8.361039,OK,normal,normal,0.0,0.0
run_0045,3,2023-11-15T16:14:40.061438+00:00,node_3,8.37268,OK,normal,normal,0.0,0.0
run_0045,4,2023-11-15T16:14:59.795022+00:00,node_1,8.310834,OK,normal,normal,0.0,0.0
run_0045,4,2023-11-15T16:15:00.040740+00:00,node_2,7.920087,OK,normal,normal,0.0,0.0
run_0045,4,2023-11-15T16:14:59.829339+00:00,node_3,8.105729,OK,normal,normal,0.0,0.0
run_0045,5,2023-11-15T16:15:19.934636+00:00,node_1,8.377317,OK,normal,normal,0,0
run_0045,5,2023-11-15T16:15:20.145199+00:00,node_2,8.332993,OK,normal,normal,0,0
run_0045,5,2023-11-15T16:15:19.908791+00:00,node_3,8.244471,OK,normal,normal,0,0
run_0045,6,2023-11-15T16:15:40.037009+00:00,node_1,8.123995,OK,normal,normal,0,0
run_0045,6,2023-11-15T16:15:39.914963+00:00,node_2,8.41597,OK,normal,normal,0,0
run_0045,6,2023-11-15T16:15:39.952652+00:00,node_3,8.389928,OK,normal,normal,0,0
run_0045,7,2023-11-15T16:15:59.748880+00:00,node_1,8.240134,OK,normal,normal,0,0
run_0045,7,2023-11-15T16:15:59.717881+00:00,node_2,8.554208,OK,normal,normal,0,0
run_0045,7,2023-11-15T16:15:59.808979+00:00,node_3,8.384399,OK,normal,normal,0,0
run_0045,8,2023-11-15T16:16:19.744696+00:00,node_1,8.281485,OK,normal,normal,0,0
run_0045,8,2023-11-15T16:16:19.715408+00:00,node_2,8.226088,OK,normal,normal,0,0
run_0045,8,2023-11-15T16:16:20.006645+00:00,node_3,8.187764,OK,normal,normal,0,0
run_0045,9,2023-11-15T16:16:39.385155+00:00,node_1,7.958638,OK,normal,normal,0,0
run_0045,9,2023-11-15T16:16:39.749905+00:00,node_2,8.254071,OK,normal,normal,0,0
run_0045,9,2023-11-15T16:16:39.725847+00:00,node_3,8.106783,OK,normal,normal,0,0
run_0045,10,2023-11-15T16:16:59.814086+00:00,node_1,8.384152,OK,normal,normal,0,0
run_0045,10,2023-11-15T16:16:59.875951+00:00,node_2,8.387739,OK,normal,normal,0,0
run_0045,10,2023-11-15T16:16:59.839154+00:00,node_3,8.328041,OK,normal,normal,0,0
run_0045,11,2023-11-15T16:17:20.069636+00:00,node_1,8.27267,OK,normal,normal,0,0
run_0045,11,2023-11-15T16:17:20.071042+00:00,node_2,8.288406,OK,normal,normal,0,0
run_0045,11,2023-11-15T16:17:20.260633+00:00,node_3,8.179267,OK,normal,normal,0,0
run_0045,12,2023-11-15T16:17:40.063303+00:00,node_1,8.636646,OK,normal,normal,0,0
run_0045,12,2023-11-15T16:17:39.942483+00:00,node_2,9.050595,OK,normal,normal,0,0
run_0045,12,2023-11-15T16:17:40.091363+00:00,node_3,9.143185,OK,normal,normal,0,0
run_0045,13,2023-11-15T16:18:00.483812+00:00,node_1,8.939127,OK,normal,normal,0,0
run_0045,13,2023-11-15T16:18:00.457724+00:00,node_2,9.191555,OK,normal,normal,0,0
run_0045,13,2023-11-15T16:18:00.561923+00:00,node_3,8.92938,OK,normal,normal,0,0
run_0045,14,2023-11-15T16:18:20.730223+00:00,node_1,9.215201,OK,normal,normal,0,0
run_0045,14,2023-11-15T16:18:20.716208+00:00,node_2,9.284055,OK,normal,normal,0,0
run_0045,14,2023-11-15T16:18:20.476950+00:00,node_3,8.892136,OK,normal,normal,0,0
run_0045,15,2023-11-15T16:18:40.666316+00:00,node_1,9.254238,OK,normal,normal,0,0
run_0045,15,2023-11-15T16:18:40.527156+00:00,node_2,9.067337,OK,normal,normal,0,0
run_0045,15,2023-11-15T16:18:40.849879+00:00,node_3,8.990665,OK,normal,normal,0,0
run_0045,16,2023-11-15T16:19:00.366977+00:00,node_1,8.808458,OK,normal,normal,0,0
run_0045,16,2023-11-15T16:19:00.576514+00:00,node_2,8.673356,OK,normal,normal,0,0
run_0045,16,2023-11-15T16:19:00.331069+00:00,node_3,9.037491,OK,normal,normal,0,0
run_0045,17,2023-11-15T16:19:20.617301+00:00,node_1,9.090454,OK,normal,normal,0,0
run_0045,17,2023-11-15T16:19:20.586367+00:00,node_2,8.825739,OK,normal,normal,0,0
run_0045,17,2023-11-15T16:19:20.513283+00:00,node_3,8.96535,OK,normal,normal,0,0
run_0045,18,2023-11-15T16:19:40.658506+00:00,node_1,8.936364,OK,normal,normal,0,0
run_0045,18,2023-11-15T16:19:40.430498+00:00,node_2,8.916953,OK,normal,normal,0,0
run_0045,18,2023-11-15T16:19:40.589973+00:00,node_3,8.983265,OK,normal,normal,0,0
run_0045,19,2023-11-15T16:20:00.368668+00:00,node_1,8.867214,OK,normal,normal,0,0
run_0045,19,2023-11-15T16:20:00.383610+00:00,node_2,8.925654,OK,normal,normal,0,0
run_0045,19,2023-11-15T16:20:00.473438+00:00,node_3,9.058414,OK,normal,normal,0,0
run_0045,20,2023-11-15T16:20:20.344878+00:00,node_1,8.865362,OK,normal,normal,0,0
run_0045,20,2023-11-15T16:20:20.448766+00:00,node_2,9.045228,OK,normal,normal,0,0
run_0045,20,2023-11-15T16:20:20.325541+00:00,node_3,9.237582,OK,normal,normal,0,0
run_0045,21,2023-11-15T16:20:40.311348+00:00,node_1,9.160668,OK,normal,normal,0,0
run_0045,21,2023-11-15T16:20:40.103414+00:00,node_2,9.064336,OK,normal,normal,0,0
run_0045,21,2023-11-15T16:20:40.355667+00:00,node_3,8.621178,OK,normal,normal,0,0
run_0045,22,2023-11-15T16:21:00.100826+00:00,node_1,8.799595,OK,normal,normal,0,0
run_0045,22,2023-11-15T16:21:00.116415+00:00,node_2,8.865846,OK,normal,normal,0,0
run_0045,22,2023-11-15T16:20:59.953082+00:00,node_3,9.269413,OK,normal,normal,0,0
run_0045,23,2023-11-15T16:21:20.145683+00:00,node_1,8.857851,OK,normal,normal,0,0
run_0045,23,2023-11-15T16:21:20.136621+00:00,node_2,9.172365,OK,normal,normal,0,0
run_0045,23,2023-11-15T16:21:20.322381+00:00,node_3,8.732897,OK,normal,normal,0,0
run_0045,24,2023-11-15T16:21:40.288230+00:00,node_1,8.939043,OK,normal,normal,0,0
run_0045,24,2023-11-15T16:21:40.303348+00:00,node_2,8.875298,OK,normal,normal,0,0
run_0045,24,2023-11-15T16:21:40.161968+00:00,node_3,8.92541,OK,normal,normal,0,0
run_0045,25,2023-11-15T16:22:00.435472+00:00,node_1,8.559394,OK,normal,normal,0,0
run_0045,25,2023-11-15T16:22:00.805287+00:00,node_2,9.245603,OK,normal,normal,0,0
run_0045,25,2023-11-15T16:22:00.616069+00:00,node_3,9.454442,OK,normal,normal,0,0
run_0045,26,2023-11-15T16:22:21.053829+00:00,node_1,8.858497,OK,normal,normal,0,0
run_0045,26,2023-11-15T16:22:20.997931+00:00,node_2,8.996868,OK,normal,normal,0,0
run_0045,26,2023-11-15T16:22:21.219527+00:00,node_3,9.009387,OK,normal,normal,0,0
run_0045,27,2023-11-15T16:22:40.950843+00:00,node_1,8.939978,OK,normal,normal,0,0
run_0045,27,2023-11-15T16:22:41.223585+00:00,node_2,9.032663,OK,normal,normal,0,0
run_0045,27,2023-11-15T16:22:40.924866+00:00,node_3,9.090978,OK,normal,normal,0,0
run_0045,28,2023-11-15T16:23:01.288171+00:00,node_1,9.182457,OK,normal,normal,0,0
run_0045,28,2023-11-15T16:23:01.455495+00:00,node_2,9.09412,OK,normal,normal,0,0
run_0045,28,2023-11-15T16:23:01.262762+00:00,node_3,8.58351,OK,normal,normal,0,0
run_0045,29,2023-11-15T16:23:21.628897+00:00,node_1,8.954521,OK,normal,normal,0,0
run_0045,29,2023-11-15T16:23:21.665776+00:00,node_2,8.910286,OK,normal,normal,0,0
run_0045,29,2023-11-15T16:23:21.586050+00:00,node_3,8.886761,OK,normal,normal,0,0
run_0045,30,2023-11-15T16:23:41.809551+00:00,node_1,8.869391,OK,normal,normal,0,0
run_0045,30,2023-11-15T16:23:41.809988+00:00,node_2,9.033215,OK,normal,normal,0,0
run_0045,30,2023-11-15T16:23:41.715191+00:00,node_3,8.867259,OK,normal,normal,0,0
run_0045,31,2023-11-15T16:24:01.445658+00:00,node_1,8.694383,OK,normal,normal,0.0,0.0
run_0045,31,2023-11-15T16:24:01.400873+00:00,node_2,8.725318,OK,normal,normal,0.0,0.0
run_0045,31,2023-11-15T16:24:01.660584+00:00,node_3,8.735512,OK,normal,normal,0.0,0.0
run_0045,32,2023-11-15T16:24:21.785613+00:00,node_1,9.169495,OK,normal,normal,0.0,0.0
run_0045,32,2023-11-15T16:24:21.931142+00:00,node_2,9.083656,OK,normal,normal,0.0,0.0
run_0045,32,2023-11-15T16:24:21.813597+00:00,node_3,8.883033,OK,normal,normal,0.0,0.0
run_0045,33,2023-11-15T16:24:41.581682+00:00,node_1,9.061983,OK,normal,normal,0.0,0.0
run_0045,33,2023-11-15T16:24:41.726061+00:00,node_2,8.940997,OK,normal,normal,0.0,0.0
run_0045,33,2023-11-15T16:24:41.640856+00:00,node_3,9.222501,OK,normal,normal,0.0,0.0
run_0045,34,2023-11-15T16:25:01.541854+00:00,node_1,9.03643,OK,normal,normal,0.0,0.0
run_0045,34,2023-11-15T16:25:01.410675+00:00,node_2,8.764696,OK,normal,normal,0.0,0.0
run_0045,34,2023-11-15T16:25:01.502906+00:00,node_3,9.12071,OK,normal,normal,0.0,0.0
run_0045,35,2023-11-15T16:25:21.513737+00:00,node_1,8.88987,OK,normal,normal,0.0,0.0
run_0045,35,2023-11-15T16:25:21.370589+00:00,node_2,8.659216,OK,normal,normal,0.0,0.0
run_0045,35,2023-11-15T16:25:21.289847+00:00,node_3,8.966894,OK,normal,normal,0.0,0.0
run_0046,0,2023-11-15T16:37:40.113831+00:00,node_1,9.243929,OK,normal,normal,0.0,0.0
run_0046,0,2023-11-15T16:37:40.088450+00:00,node_2,9.458252,OK,normal,normal,0.0,0.0
run_0046,0,2023-11-15T16:37:40.124806+00:00,node_3,9.324145,OK,normal,normal,0.0,0.0
run_0046,1,2023-11-15T16:38:00.001952+00:00,node_1,9.613695,OK,normal,normal,0.0,0.0
run_0046,1,2023-11-15T16:38:00.135884+00:00,node_2,9.450537,OK,normal,normal,0.0,0.0
run_0046,1,2023-11-15T16:37:59.859407+00:00,node_3,9.52087,OK,normal,normal,0.0,0.0
run_0046,2,2023-11-15T16:38:20.075390+00:00,node_1,9.488491,OK,normal,normal,0.0,0.0
run_0046,2,2023-11-15T16:38:20.116225+00:00,node_2,9.296299,OK,normal,normal,0.0,0.0
run_0046,2,2023-11-15T16:38:20.209514+00:00,node_3,9.572734,OK,normal,normal,0.0,0.0
run_0046,3,2023-11-15T16:38:40.338615+00:00,node_1,9.608637,OK,normal,normal,0.0,0.0
run_0046,3,2023-11-15T16:38:40.438605+00:00,node_2,9.106026,OK,normal,normal,0.0,0.0
run_0046,3,2023-11-15T16:38:40.314609+00:00,node_3,10.047458,OK,normal,normal,0.0,0.0
run_0046,4,2023-11-15T16:39:00.854167+00:00,node_1,9.240276,OK,normal,normal,0.0,0.0
run_0046,4,2023-11-15T16:39:00.675939+00:00,node_2,9.750846,OK,normal,normal,0.0,0.0
run_0046,4,2023-11-15T16:39:00.834394+00:00,node_3,9.041161,OK,normal,normal,0.0,0.0
run_0046,5,2023-11-15T16:39:20.480213+00:00,node_1,9.472298,OK,normal,minor,0,11.065539360453903
run_0046,5,2023-11-15T16:39:20.574892+00:00,node_2,9.599193,OK,normal,minor,0,11.065539360453903
run_0046,5,2023-11-15T16:39:20.383328+00:00,node_3,8.511705,OK,normal,minor,0,11.065539360453903
run_0046,6,2023-11-15T16:39:40.402996+00:00,node_1,9.402813,OK,normal,minor,0,11.065539360453903
run_0046,6,2023-11-15T16:39:40.244814+00:00,node_2,9.554967,OK,normal,minor,0,11.065539360453903
run_0046,6,2023-11-15T16:39:40.129337+00:00,node_3,8.642436,OK,normal,minor,0,11.065539360453903
run_0046,7,2023-11-15T16:40:00.024132+00:00,node_1,9.664447,OK,normal,minor,0,11.065539360453903
run_0046,7,2023-11-15T16:39:59.780805+00:00,node_2,10.022985,OK,normal,minor,0,11.065539360453903
run_0046,7,2023-11-15T16:39:59.929603+00:00,node_3,8.427935,OK,normal,minor,0,11.065539360453903
run_0046,8,2023-11-15T16:40:20.387131+00:00,node_1,9.440755,OK,normal,minor,0,11.065539360453903
run_0046,8,2023-11-15T16:40:20.090993+00:00,node_2,9.638879,OK,normal,minor,0,11.065539360453903
run_0046,8,2023-11-15T16:40:20.104644+00:00,node_3,8.753082,OK,normal,minor,0,11.065539360453903
run_0046,9,2023-11-15T16:40:40.502887+00:00,node_1,9.593357,OK,normal,minor,0,11.065539360453903
run_0046,9,2023-11-15T16:40:40.378959+00:00,node_2,9.536987,OK,normal,minor,0,11.065539360453903
run_0046,9,2023-11-15T16:40:40.690732+00:00,node_3,8.211654,OK,normal,minor,0,11.065539360453903
run_0046,10,2023-11-15T16:41:00.420929+00:00,node_1,9.630333,OK,normal,minor,0,11.065539360453903
run_0046,10,2023-11-15T16:41:00.316193+00:00,node_2,9.581585,OK,normal,minor,0,11.065539360453903
run_0046,10,2023-11-15T16:41:00.137129+00:00,node_3,8.572301,OK,normal,minor,0,11.065539360453903
run_0046,11,2023-11-15T16:41:19.875265+00:00,node_1,9.558263,OK,normal,minor,0,11.065539360453903
run_0046,11,2023-11-15T16:41:20.051894+00:00,node_2,9.76937,OK,normal,minor,0,11.065539360453903
run_0046,11,2023-11-15T16:41:19.934059+00:00,node_3,8.254491,OK,normal,minor,0,11.065539360453903
run_0046,12,2023-11-15T16:41:39.875034+00:00,node_1,8.819484,OK,normal,minor,0,11.065539360453903
run_0046,12,2023-11-15T16:41:39.769949+00:00,node_2,8.747472,OK,normal,minor,0,11.065539360453903
run_0046,12,2023-11-15T16:41:39.619209+00:00,node_3,7.737291,OK,normal,minor,0,11.065539360453903
run_0046,13,2023-11-15T16:41:59.745604+00:00,node_1,8.477413,OK,normal,minor,0,11.065539360453903
run_0046,13,2023-11-15T16:41:59.797618+00:00,node_2,8.566374,OK,normal,minor,0,11.065539360453903
run_0046,13,2023-11-15T16:41:59.972439+00:00,node_3,7.747636,OK,normal,minor,0,11.065539360453903
run_0046,14,2023-11-15T16:42:20.229568+00:00,node_1,8.838201,OK,normal,minor,0,11.065539360453903
run_0046,14,2023-11-15T16:42:20.151614+00:00,node_2,8.659667,OK,normal,minor,0,11.065539360453903
run_0046,14,2023-11-15T16:42:20.105297+00:00,node_3,7.462797,OK,normal,minor,0,11.065539360453903
run_0046,15,2023-11-15T16:42:40.027505+00:00,node_1,8.592567,OK,normal,minor,0,11.065539360453903
run_0046,15,2023-11-15T16:42:40.064125+00:00,node_2,8.468863,OK,normal,minor,0,11.065539360453903
run_0046,15,2023-11-15T16:42:40.186506+00:00,node_3,7.581366,OK,normal,minor,0,11.065539360453903
run_0046,16,2023-11-15T16:43:00.000496+00:00,node_1,8.776964,OK,normal,minor,0,11.065539360453903
run_0046,16,2023-11-15T16:43:00.048893+00:00,node_2,8.679179,OK,normal,minor,0,11.065539360453903
run_0046,16,2023-11-15T16:43:00.130060+00:00,node_3,7.753421,OK,normal,minor,0,11.065539360453903
run_0046,17,2023-11-15T16:43:19.892105+00:00,node_1,8.538351,OK,normal,minor,0,11.065539360453903
run_0046,17,2023-11-15T16:43:19.690211+00:00,node_2,8.692849,OK,normal,minor,0,11.065539360453903
run_0046,17,2023-11-15T16:43:19.598966+00:00,node_3,7.720114,OK,normal,minor,0,11.065539360453903
run_0046,18,2023-11-15T16:43:39.560611+00:00,node_1,8.710795,OK,normal,minor,0,11.065539360453903
run_0046,18,2023-11-15T16:43:39.559391+00:00,node_2,8.29743,OK,normal,minor,0,11.065539360453903
run_0046,18,2023-11-15T16:43:39.540392+00:00,node_3,7.775558,OK,normal,minor,0,11.065539360453903
run_0046,19,2023-11-15T16:43:59.384247+00:00,node_1,8.700237,OK,normal,minor,0,11.065539360453903
run_0046,19,2023-11-15T16:43:59.201185+00:00,node_2,8.815471,OK,normal,minor,0,11.065539360453903
run_0046,19,2023-11-15T16:43:59.169771+00:00,node_3,7.921795,OK,normal,minor,0,11.065539360453903
run_0046,20,2023-11-15T16:44:19.279804+00:00,node_1,8.721167,OK,normal,minor,0,11.065539360453903
run_0046,20,2023-11-15T16:44:19.511485+00:00,node_2,8.440664,OK,normal,minor,0,11.065539360453903
run_0046,20,2023-11-15T16:44:19.485346+00:00,node_3,7.684144,OK,normal,minor,0,11.065539360453903
run_0046,21,2023-11-15T16:44:39.490255+00:00,node_1,8.76789,OK,normal,minor,0,11.065539360453903
run_0046,21,2023-11-15T16:44:39.179837+00:00,node_2,8.959096,OK,normal,minor,0,11.065539360453903
run_0046,21,2023-11-15T16:44:39.405903+00:00,node_3,8.157699,OK,normal,minor,0,11.065539360453903
run_0046,22,2023-11-15T16:44:59.145584+00:00,node_1,8.761117,OK,normal,minor,0,11.065539360453903
run_0046,22,2023-11-15T16:44:59.256552+00:00,node_2,8.928007,OK,normal,minor,0,11.065539360453903
run_0046,22,2023-11-15T16:44:59.121264+00:00,node_3,7.825028,OK,normal,minor,0,11.065539360453903
run_0046,23,2023-11-15T16:45:19.241365+00:00,node_1,8.751154,OK,normal,minor,0,11.065539360453903
run_0046,23,2023-11-15T16:45:19.229573+00:00,node_2,8.83993,OK,normal,minor,0,11.065539360453903
run_0046,23,2023-11-15T16:45:19.340022+00:00,node_3,7.876446,OK,normal,minor,0,11.065539360453903
run_0046,24,2023-11-15T16:45:38.690407+00:00,node_1,10.82218,OK,normal,minor,0,11.065539360453903
run_0046,24,2023-11-15T16:45:38.814661+00:00,node_2,11.625808,OK,normal,minor,0,11.065539360453903
run_0046,24,2023-11-15T16:45:38.927737+00:00,node_3,9.819884,OK,normal,minor,0,11.065539360453903
run_0046,25,2023-11-15T16:45:58.672265+00:00,node_1,10.936445,OK,normal,minor,0,11.065539360453903
run_0046,25,2023-11-15T16:45:58.768936+00:00,node_2,11.206546,OK,normal,minor,0,11.065539360453903
run_0046,25,2023-11-15T16:45:58.773140+00:00,node_3,9.868751,OK,normal,minor,0,11.065539360453903
run_0046,26,2023-11-15T16:46:18.326691+00:00,node_1,11.587082,OK,normal,minor,0,11.065539360453903
run_0046,26,2023-11-15T16:46:18.579262+00:00,node_2,10.872807,OK,normal,minor,0,11.065539360453903
run_0046,26,2023-11-15T16:46:18.309552+00:00,node_3,9.790855,OK,normal,minor,0,11.065539360453903
run_0046,27,2023-11-15T16:46:38.286765+00:00,node_1,11.607317,OK,normal,minor,0,11.065539360453903
run_0046,27,2023-11-15T16:46:38.392741+00:00,node_2,11.52804,OK,normal,minor,0,11.065539360453903
run_0046,27,2023-11-15T16:46:38.479604+00:00,node_3,10.074742,OK,normal,minor,0,11.065539360453903
run_0046,28,2023-11-15T16:46:58.309338+00:00,node_1,11.073469,OK,normal,minor,0,11.065539360453903
run_0046,28,2023-11-15T16:46:58.123252+00:00,node_2,10.874739,OK,normal,minor,0,11.065539360453903
run_0046,28,2023-11-15T16:46:58.299172+00:00,node_3,9.775789,OK,normal,minor,0,11.065539360453903
run_0046,29,2023-11-15T16:47:18.415116+00:00,node_1,11.176759,OK,normal,minor,0,11.065539360453903
run_0046,29,2023-11-15T16:47:18.388516+00:00,node_2,11.231657,OK,normal,minor,0,11.065539360453903
run_0046,29,2023-11-15T16:47:18.358600+00:00,node_3,10.279213,OK,normal,minor,0,11.065539360453903
run_0046,30,2023-11-15T16:47:38.164429+00:00,node_1,10.846493,OK,normal,minor,0,11.065539360453903
run_0046,30,2023-11-15T16:47:38.170368+00:00,node_2,11.243823,OK,normal,minor,0,11.065539360453903
run_0046,30,2023-11-15T16:47:38.219804+00:00,node_3,9.660983,OK,normal,minor,0,11.065539360453903
run_0046,31,2023-11-15T16:47:58.293514+00:00,node_1,11.528738,OK,normal,normal,0.0,0.0
run_0046,31,2023-11-15T16:47:58.240192+00:00,node_2,11.060047,OK,normal,normal,0.0,0.0
run_0046,31,2023-11-15T16:47:58.509069+00:00,node_3,11.680465,OK,normal,normal,0.0,0.0
run_0046,32,2023-11-15T16:48:18.833685+00:00,node_1,11.288191,OK,normal,normal,0.0,0.0
run_0046,32,2023-11-15T16:48:18.735021+00:00,node_2,11.186317,OK,normal,normal,0.0,0.0
run_0046,32,2023-11-15T16:48:18.850811+00:00,node_3,11.648123,OK,normal,normal,0.0,0.0
run_0046,33,2023-11-15T16:48:38.349481+00:00,node_1,11.113701,OK,normal,normal,0.0,0.0
run_0046,33,2023-11-15T16:48:38.433374+00:00,node_2,11.422288,OK,normal,normal,0.0,0.0
run_0046,33,2023-11-15T16:48:38.585187+00:00,node_3,11.381889,OK,normal,normal,0.0,0.0
run_0046,34,2023-11-15T16:48:58.288589+00:00,node_1,11.184795,OK,normal,normal,0.0,0.0
run_0046,34,2023-11-15T16:48:58.250139+00:00,node_2,10.611537,OK,normal,normal,0.0,0.0
run_0046,34,2023-11-15T16:48:58.349193+00:00,node_3,11.202929,OK,normal,normal,0.0,0.0
run_0046,35,2023-11-15T16:49:18.596674+00:00,node_1,11.175086,OK,normal,normal,0.0,0.0
run_0046,35,2023-11-15T16:49:18.910093+00:00,node_2,10.974486,OK,normal,normal,0.0,0.0
run_0046,35,2023-11-15T16:49:18.582346+00:00,node_3,11.062364,OK,normal,normal,0.0,0.0
run_0047,0,2023-11-15T17:01:39.968483+00:00,node_1,10.216717,OK,normal,normal,0.0,0.0
run_0047,0,2023-11-15T17:01:39.855111+00:00,node_2,10.484208,OK,normal,normal,0.0,0.0
run_0047,0,2023-11-15T17:01:39.874993+00:00,node_3,10.486898,OK,normal,normal,0.0,0.0
run_0047,1,2023-11-15T17:01:59.393953+00:00,node_1,10.602982,OK,normal,normal,0.0,0.0
run_0047,1,2023-11-15T17:01:59.427483+00:00,node_2,10.250778,OK,normal,normal,0.0,0.0
run_0047,1,2023-11-15T17:01:59.778581+00:00,node_3,10.384855,OK,normal,normal,0.0,0.0
run_0047,2,2023-11-15T17:02:19.637871+00:00,node_1,9.70623,OK,normal,normal,0.0,0.0
run_0047,2,2023-11-15T17:02:20.030516+00:00,node_2,10.329444,OK,normal,normal,0.0,0.0
run_0047,2,2023-11-15T17:02:19.783742+00:00,node_3,10.34008,OK,normal,normal,0.0,0.0
run_0047,3,2023-11-15T17:02:40.014364+00:00,node_1,10.179499,OK,normal,normal,0.0,0.0
run_0047,3,2023-11-15T17:02:39.917622+00:00,node_2,10.843918,OK,normal,normal,0.0,0.0
run_0047,3,2023-11-15T17:02:39.801142+00:00,node_3,10.489283,OK,normal,normal,0.0,0.0
run_0047,4,2023-11-15T17:03:00.180428+00:00,node_1,10.387337,OK,normal,normal,0.0,0.0
run_0047,4,2023-11-15T17:03:00.008201+00:00,node_2,10.521076,OK,normal,normal,0.0,0.0
run_0047,4,2023-11-15T17:03:00.249248+00:00,node_3,10.55454,OK,normal,normal,0.0,0.0
run_0047,5,2023-11-15T17:03:19.748322+00:00,node_1,10.100007,OK,normal,major,0,48.95685657790763
run_0047,5,2023-11-15T17:03:19.563864+00:00,node_2,10.406342,OK,normal,major,0,48.95685657790763
run_0047,5,2023-11-15T17:03:19.780354+00:00,node_3,5.174361,OK,normal,major,0,48.95685657790763
run_0047,6,2023-11-15T17:03:39.384320+00:00,node_1,10.018151,OK,normal,major,0,48.95685657790763
run_0047,6,2023-11-15T17:03:39.358686+00:00,node_2,10.088078,OK,normal,major,0,48.95685657790763
run_0047,6,2023-11-15T17:03:39.686735+00:00,node_3,5.155293,OK,normal,major,0,48.95685657790763
run_0047,7,2023-11-15T17:03:59.621380+00:00,node_1,9.935424,OK,normal,major,0,48.95685657790763
run_0047,7,2023-11-15T17:03:59.760142+00:00,node_2,10.183907,OK,normal,major,0,48.95685657790763
run_0047,7,2023-11-15T17:03:59.638317+00:00,node_3,5.260582,OK,normal,major,0,48.95685657790763
run_0047,8,2023-11-15T17:04:19.847183+00:00,node_1,10.939027,OK,normal,major,0,48.95685657790763
run_0047,8,2023-11-15T17:04:19.782940+00:00,node_2,10.337929,OK,normal,major,0,48.95685657790763
run_0047,8,2023-11-15T17:04:19.785540+00:00,node_3,5.362308,OK,normal,major,0,48.95685657790763
run_0047,9,2023-11-15T17:04:39.430084+00:00,node_1,10.24669,OK,normal,major,0,48.95685657790763
run_0047,9,2023-11-15T17:04:39.416392+00:00,node_2,10.255782,OK,normal,major,0,48.95685657790763
run_0047,9,2023-11-15T17:04:39.695161+00:00,node_3,5.290278,OK,normal,major,0,48.95685657790763
run_0047,10,2023-11-15T17:04:59.711329+00:00,node_1,10.086336,OK,normal,major,0,48.95685657790763
run_0047,10,2023-11-15T17:04:59.914227+00:00,node_2,10.52061,OK,normal,major,0,48.95685657790763
run_0047,10,2023-11-15T17:04:59.758043+00:00,node_3,5.346561,OK,normal,major,0,48.95685657790763
run_0047,11,2023-11-15T17:05:19.796623+00:00,node_1,10.309628,OK,normal,major,0,48.95685657790763
run_0047,11,2023-11-15T17:05:19.683927+00:00,node_2,10.54966,OK,normal,major,0,48.95685657790763
run_0047,11,2023-11-15T17:05:19.633754+00:00,node_3,5.316892,OK,normal,major,0,48.95685657790763
run_0047,12,2023-11-15T17:05:39.431482+00:00,node_1,11.528235,OK,normal,major,0,48.95685657790763
run_0047,12,2023-11-15T17:05:39.516092+00:00,node_2,11.32987,OK,normal,major,0,48.95685657790763
run_0047,12,2023-11-15T17:05:39.361867+00:00,node_3,5.726088,OK,normal,major,0,48.95685657790763
run_0047,13,2023-11-15T17:05:59.107697+00:00,node_1,11.833423,OK,normal,major,0,48.95685657790763
run_0047,13,2023-11-15T17:05:59.165386+00:00,node_2,11.182927,OK,normal,major,0,48.95685657790763
run_0047,13,2023-11-15T17:05:59.218700+00:00,node_3,6.023903,OK,normal,major,0,48.95685657790763
run_0047,14,2023-11-15T17:06:18.711030+00:00,node_1,10.856703,OK,normal,major,0,48.95685657790763
run_0047,14,2023-11-15T17:06:18.603976+00:00,node_2,10.805764,OK,normal,major,0,48.95685657790763
run_0047,14,2023-11-15T17:06:18.898397+00:00,node_3,5.869143,OK,normal,major,0,48.95685657790763
run_0047,15,2023-11-15T17:06:38.699651+00:00,node_1,10.918542,OK,normal,major,0,48.95685657790763
run_0047,15,2023-11-15T17:06:38.645072+00:00,node_2,11.292614,OK,normal,major,0,48.95685657790763
run_0047,15,2023-11-15T17:06:38.589343+00:00,node_3,5.645766,OK,normal,major,0,48.95685657790763
run_0047,16,2023-11-15T17:06:58.506915+00:00,node_1,11.190051,OK,normal,major,0,48.95685657790763
run_0047,16,2023-11-15T17:06:58.706251+00:00,node_2,11.04973,OK,normal,major,0,48.95685657790763
run_0047,16,2023-11-15T17:06:58.590245+00:00,node_3,5.857363,OK,normal,major,0,48.95685657790763
run_0047,17,2023-11-15T17:07:18.573827+00:00,node_1,11.017425,OK,normal,major,0,48.95685657790763
run_0047,17,2023-11-15T17:07:18.769287+00:00,node_2,10.934152,OK,normal,major,0,48.95685657790763
run_0047,17,2023-11-15T17:07:18.616820+00:00,node_3,5.750633,OK,normal,major,0,48.95685657790763
run_0047,18,2023-11-15T17:07:38.781726+00:00,node_1,11.467108,OK,normal,major,0,48.95685657790763
run_0047,18,2023-11-15T17:07:38.680463+00:00,node_2,10.975206,OK,normal,major,0,48.95685657790763
run_0047,18,2023-11-15T17:07:38.677131+00:00,node_3,5.807207,OK,normal,major,0,48.95685657790763
run_0047,19,2023-11-15T17:07:58.829167+00:00,node_1,11.490751,OK,normal,major,0,48.95685657790763
run_0047,19,2023-11-15T17:07:58.856040+00:00,node_2,11.224064,OK,normal,major,0,48.95685657790763
run_0047,19,2023-11-15T17:07:59.017527+00:00,node_3,5.702691,OK,normal,major,0,48.95685657790763
run_0047,20,2023-11-15T17:08:19.101850+00:00,node_1,11.290758,OK,normal,major,0,48.95685657790763
run_0047,20,2023-11-15T17:08:19.189180+00:00,node_2,11.404057,OK,normal,major,0,48.95685657790763
run_0047,20,2023-11-15T17:08:19.129585+00:00,node_3,6.004465,OK,normal,major,0,48.95685657790763
run_0047,21,2023-11-15T17:08:39.492868+00:00,node_1,11.46388,OK,normal,major,0,48.95685657790763
run_0047,21,2023-11-15T17:08:39.343413+00:00,node_2,11.493061,OK,normal,major,0,48.95685657790763
run_0047,21,2023-11-15T17:08:39.147333+00:00,node_3,5.93797,OK,normal,major,0,48.95685657790763
run_0047,22,2023-11-15T17:08:59.664727+00:00,node_1,11.396559,OK,normal,major,0,48.95685657790763
run_0047,22,2023-11-15T17:08:59.602176+00:00,node_2,11.793243,OK,normal,major,0,48.95685657790763
run_0047,22,2023-11-15T17:08:59.818492+00:00,node_3,5.741817,OK,normal,major,0,48.95685657790763
run_0047,23,2023-11-15T17:09:19.910998+00:00,node_1,11.454769,OK,normal,major,0,48.95685657790763
run_0047,23,2023-11-15T17:09:19.652441+00:00,node_2,11.48376,OK,normal,major,0,48.95685657790763
run_0047,23,2023-11-15T17:09:19.770057+00:00,node_3,5.634219,OK,normal,major,0,48.95685657790763
run_0047,24,2023-11-15T17:09:39.285939+00:00,node_1,12.2871,OK,normal,major,0,48.95685657790763
run_0047,24,2023-11-15T17:09:39.566627+00:00,node_2,12.151804,OK,normal,major,0,48.95685657790763
run_0047,24,2023-11-15T17:09:39.395217+00:00,node_3,6.17174,OK,normal,major,0,48.95685657790763
run_0047,25,2023-11-15T17:09:59.307819+00:00,node_1,11.840946,OK,normal,major,0,48.95685657790763
run_0047,25,2023-11-15T17:09:59.412417+00:00,node_2,12.263814,OK,normal,major,0,48.95685657790763
run_0047,25,2023-11-15T17:09:59.042062+00:00,node_3,6.166543,OK,normal,major,0,48.95685657790763
run_0047,26,2023-11-15T17:10:19.000670+00:00,node_1,11.738904,OK,normal,major,0,48.95685657790763
run_0047,26,2023-11-15T17:10:19.100070+00:00,node_2,11.883713,OK,normal,major,0,48.95685657790763
run_0047,26,2023-11-15T17:10:18.819325+00:00,node_3,5.990328,OK,normal,major,0,48.95685657790763
run_0047,27,2023-11-15T17:10:38.592610+00:00,node_1,12.288341,OK,normal,major,0,48.95685657790763
run_0047,27,2023-11-15T17:10:38.496249+00:00,node_2,11.753393,OK,normal,major,0,48.95685657790763
run_0047,27,2023-11-15T17:10:38.861939+00:00,node_3,6.084072,OK,normal,major,0,48.95685657790763
run_0047,28,2023-11-15T17:10:58.863211+00:00,node_1,11.911242,OK,normal,major,0,48.95685657790763
run_0047,28,2023-11-15T17:10:59.145136+00:00,node_2,12.07997,OK,normal,major,0,48.95685657790763
run_0047,28,2023-11-15T17:10:59.153448+00:00,node_3,5.889827,OK,normal,major,0,48.95685657790763
run_0047,29,2023-11-15T17:11:18.764487+00:00,node_1,11.931407,OK,normal,major,0,48.95685657790763
run_0047,29,2023-11-15T17:11:18.506926+00:00,node_2,12.020825,OK,normal,major,0,48.95685657790763
run_0047,29,2023-11-15T17:11:18.725286+00:00,node_3,5.953197,OK,normal,major,0,48.95685657790763
run_0047,30,2023-11-15T17:11:38.422024+00:00,node_1,12.179815,OK,normal,major,0,48.95685657790763
run_0047,30,2023-11-15T17:11:38.658704+00:00,node_2,11.92702,OK,normal,major,0,48.95685657790763
run_0047,30,2023-11-15T17:11:38.570853+00:00,node_3,6.176077,OK,normal,major,0,48.95685657790763
run_0047,31,2023-11-15T17:11:58.916057+00:00,node_1,11.379802,OK,normal,normal,0.0,0.0
run_0047,31,2023-11-15T17:11:58.746304+00:00,node_2,12.025836,OK,normal,normal,0.0,0.0
run_0047,31,2023-11-15T17:11:58.818298+00:00,node_3,11.832258,OK,normal,normal,0.0,0.0
run_0047,32,2023-11-15T17:12:19.064013+00:00,node_1,12.661003,OK,normal,normal,0.0,0.0
run_0047,32,2023-11-15T17:12:18.916798+00:00,node_2,11.915318,OK,normal,normal,0.0,0.0
run_0047,32,2023-11-15T17:12:19.063790+00:00,node_3,12.174959,OK,normal,normal,0.0,0.0
run_0047,33,2023-11-15T17:12:38.528887+00:00,node_1,11.781074,OK,normal,normal,0.0,0.0
run_0047,33,2023-11-15T17:12:38.753328+00:00,node_2,12.015016,OK,normal,normal,0.0,0.0
run_0047,33,2023-11-15T17:12:38.743036+00:00,node_3,12.159103,OK,normal,normal,0.0,0.0
run_0047,34,2023-11-15T17:12:58.360273+00:00,node_1,11.959205,OK,normal,normal,0.0,0.0
run_0047,34,2023-11-15T17:12:58.405798+00:00,node_2,12.283255,OK,normal,normal,0.0,0.0
run_0047,34,2023-11-15T17:12:58.252373+00:00,node_3,11.851628,OK,normal,normal,0.0,0.0
run_0047,35,2023-11-15T17:13:18.392649+00:00,node_1,11.995878,OK,normal,normal,0.0,0.0
run_0047,35,2023-11-15T17:13:18.606550+00:00,node_2,12.230473,OK,normal,normal,0.0,0.0
run_0047,35,2023-11-15T17:13:18.585053+00:00,node_3,11.965264,OK,normal,normal,0.0,0.0
run_0048,0,2023-11-15T17:25:39.692745+00:00,node_1,11.251994,OK,normal,normal,0.0,0.0
run_0048,0,2023-11-15T17:25:39.665918+00:00,node_2,11.575176,OK,normal,normal,0.0,0.0
run_0048,0,2023-11-15T17:25:39.866635+00:00,node_3,11.614292,OK,normal,normal,0.0,0.0
run_0048,1,2023-11-15T17:25:59.661895+00:00,node_1,11.688555,OK,normal,normal,0.0,0.0
run_0048,1,2023-11-15T17:25:59.773726+00:00,node_2,11.494686,OK,normal,normal,0.0,0.0
run_0048,1,2023-11-15T17:25:59.977769+00:00,node_3,11.269888,OK,normal,normal,0.0,0.0
run_0048,2,2023-11-15T17:26:19.603746+00:00,node_1,11.418024,OK,normal,normal,0.0,0.0
run_0048,2,2023-11-15T17:26:19.586977+00:00,node_2,11.572303,OK,normal,normal,0.0,0.0
run_0048,2,2023-11-15T17:26:19.635497+00:00,node_3,11.471595,OK,normal,normal,0.0,0.0
run_0048,3,2023-11-15T17:26:39.235853+00:00,node_1,11.630594,OK,normal,normal,0.0,0.0
run_0048,3,2023-11-15T17:26:39.329448+00:00,node_2,11.316755,OK,normal,normal,0.0,0.0
run_0048,3,2023-11-15T17:26:39.326022+00:00,node_3,11.436,OK,normal,normal,0.0,0.0
run_0048,4,2023-11-15T17:26:59.109000+00:00,node_1,11.494144,OK,normal,normal,0.0,0.0
run_0048,4,2023-11-15T17:26:59.065442+00:00,node_2,11.854729,OK,normal,normal,0.0,0.0
run_0048,4,2023-11-15T17:26:59.164907+00:00,node_3,11.150639,OK,normal,normal,0.0,0.0
run_0048,5,2023-11-15T17:27:18.847819+00:00,node_1,11.605255,OK,minor,normal,14.695837297675771,0
run_0048,5,2023-11-15T17:27:18.799229+00:00,node_2,9.885602,OK,minor,normal,14.695837297675771,0
run_0048,5,2023-11-15T17:27:19.034454+00:00,node_3,9.751568,OK,minor,normal,14.695837297675771,0
run_0048,6,2023-11-15T17:27:38.719604+00:00,node_1,11.878557,OK,minor,normal,14.695837297675771,0
run_0048,6,2023-11-15T17:27:38.824152+00:00,node_2,9.367919,OK,minor,normal,14.695837297675771,0
run_0048,6,2023-11-15T17:27:38.719095+00:00,node_3,9.683166,OK,minor,normal,14.695837297675771,0
run_0048,7,2023-11-15T17:27:58.782357+00:00,node_1,11.267897,OK,minor,normal,14.695837297675771,0
run_0048,7,2023-11-15T17:27:58.862331+00:00,node_2,9.619773,OK,minor,normal,14.695837297675771,0
run_0048,7,2023-11-15T17:27:58.577705+00:00,node_3,10.178788,OK,minor,normal,14.695837297675771,0
run_0048,8,2023-11-15T17:28:19.004100+00:00,node_1,11.548039,OK,minor,normal,14.695837297675771,0
run_0048,8,2023-11-15T17:28:19.276074+00:00,node_2,9.761057,OK,minor,normal,14.695837297675771,0
run_0048,8,2023-11-15T17:28:19.131803+00:00,node_3,9.756174,OK,minor,normal,14.695837297675771,0
run_0048,9,2023-11-15T17:28:38.726395+00:00,node_1,11.435058,OK,minor,normal,14.695837297675771,0
run_0048,9,2023-11-15T17:28:38.818285+00:00,node_2,9.553567,OK,minor,normal,14.695837297675771,0
run_0048,9,2023-11-15T17:28:38.806420+00:00,node_3,9.701758,OK,minor,normal,14.695837297675771,0
run_0048,10,2023-11-15T17:28:59.076624+00:00,node_1,11.565508,OK,minor,normal,14.695837297675771,0
run_0048,10,2023-11-15T17:28:59.069565+00:00,node_2,9.427626,OK,minor,normal,14.695837297675771,0
run_0048,10,2023-11-15T17:28:58.823968+00:00,node_3,9.660537,OK,minor,normal,14.695837297675771,0
run_0048,11,2023-11-15T17:29:18.974880+00:00,node_1,11.320958,OK,minor,normal,14.695837297675771,0
run_0048,11,2023-11-15T17:29:18.987823+00:00,node_2,9.902085,OK,minor,normal,14.695837297675771,0
run_0048,11,2023-11-15T17:29:18.594078+00:00,node_3,9.614573,OK,minor,normal,14.695837297675771,0
run_0048,12,2023-11-15T17:29:38.685364+00:00,node_1,8.832218,OK,minor,normal,14.695837297675771,0
run_0048,12,2023-11-15T17:29:38.694747+00:00,node_2,7.722846,OK,minor,normal,14.695837297675771,0
run_0048,12,2023-11-15T17:29:38.877097+00:00,node_3,7.791689,OK,minor,normal,14.695837297675771,0
run_0048,13,2023-11-15T17:29:58.526130+00:00,node_1,9.023573,OK,minor,normal,14.695837297675771,0
run_0048,13,2023-11-15T17:29:58.479387+00:00,node_2,7.418758,OK,minor,normal,14.695837297675771,0
run_0048,13,2023-11-15T17:29:58.463934+00:00,node_3,7.553614,OK,minor,normal,14.695837297675771,0
run_0048,14,2023-11-15T17:30:18.908568+00:00,node_1,9.285875,OK,minor,normal,14.695837297675771,0
run_0048,14,2023-11-15T17:30:18.811451+00:00,node_2,7.358012,OK,minor,normal,14.695837297675771,0
run_0048,14,2023-11-15T17:30:18.725699+00:00,node_3,7.827387,OK,minor,normal,14.695837297675771,0
run_0048,15,2023-11-15T17:30:38.707911+00:00,node_1,9.217328,OK,minor,normal,14.695837297675771,0
run_0048,15,2023-11-15T17:30:38.504562+00:00,node_2,7.942144,OK,minor,normal,14.695837297675771,0
run_0048,15,2023-11-15T17:30:38.467665+00:00,node_3,7.96462,OK,minor,normal,14.695837297675771,0
run_0048,16,2023-11-15T17:30:59.123725+00:00,node_1,8.80908,OK,minor,normal,14.695837297675771,0
run_0048,16,2023-11-15T17:30:59.233858+00:00,node_2,7.820697,OK,minor,normal,14.695837297675771,0
run_0048,16,2023-11-15T17:30:59.079928+00:00,node_3,7.861113,OK,minor,normal,14.695837297675771,0
run_0048,17,2023-11-15T17:31:18.977085+00:00,node_1,8.749389,OK,minor,normal,14.695837297675771,0
run_0048,17,2023-11-15T17:31:19.029334+00:00,node_2,7.813026,OK,minor,normal,14.695837297675771,0
run_0048,17,2023-11-15T17:31:19.261306+00:00,node_3,7.828842,OK,minor,normal,14.695837297675771,0
run_0048,18,2023-11-15T17:31:39.364509+00:00,node_1,9.024099,OK,minor,normal,14.695837297675771,0
run_0048,18,2023-11-15T17:31:39.377423+00:00,node_2,7.65453,OK,minor,normal,14.695837297675771,0
run_0048,18,2023-11-15T17:31:39.280678+00:00,node_3,7.615804,OK,minor,normal,14.695837297675771,0
run_0048,19,2023-11-15T17:31:59.656080+00:00,node_1,9.285641,OK,minor,normal,14.695837297675771,0
run_0048,19,2023-11-15T17:31:59.504065+00:00,node_2,7.907032,OK,minor,normal,14.695837297675771,0
run_0048,19,2023-11-15T17:31:59.687757+00:00,node_3,7.617821,OK,minor,normal,14.695837297675771,0
run_0048,20,2023-11-15T17:32:19.321502+00:00,node_1,9.299719,OK,minor,normal,14.695837297675771,0
run_0048,20,2023-11-15T17:32:19.557390+00:00,node_2,7.807234,OK,minor,normal,14.695837297675771,0
run_0048,20,2023-11-15T17:32:19.467773+00:00,node_3,7.494252,OK,minor,normal,14.695837297675771,0
run_0048,21,2023-11-15T17:32:39.134511+00:00,node_1,9.240891,OK,minor,normal,14.695837297675771,0
run_0048,21,2023-11-15T17:32:39.210426+00:00,node_2,7.900729,OK,minor,normal,14.695837297675771,0
run_0048,21,2023-11-15T17:32:39.326186+00:00,node_3,8.054791,OK,minor,normal,14.695837297675771,0
run_0048,22,2023-11-15T17:32:58.763095+00:00,node_1,9.10121,OK,minor,normal,14.695837297675771,0
run_0048,22,2023-11-15T17:32:59.009156+00:00,node_2,7.802195,OK,minor,normal,14.695837297675771,0
run_0048,22,2023-11-15T17:32:59.058772+00:00,node_3,8.034843,OK,minor,normal,14.695837297675771,0
run_0048,23,2023-11-15T17:33:18.542475+00:00,node_1,9.06663,OK,minor,normal,14.695837297675771,0
run_0048,23,2023-11-15T17:33:18.642913+00:00,node_2,7.738816,OK,minor,normal,14.695837297675771,0
run_0048,23,2023-11-15T17:33:18.883677+00:00,node_3,7.51081,OK,minor,normal,14.695837297675771,0
run_0048,24,2023-11-15T17:33:38.678811+00:00,node_1,10.744398,OK,minor,normal,14.695837297675771,0
run_0048,24,2023-11-15T17:33:38.875278+00:00,node_2,9.029259,OK,minor,normal,14.695837297675771,0
run_0048,24,2023-11-15T17:33:38.737070+00:00,node_3,9.152337,OK,minor,normal,14.695837297675771,0
run_0048,25,2023-11-15T17:33:58.761513+00:00,node_1,10.608724,OK,minor,normal,14.695837297675771,0
run_0048,25,2023-11-15T17:33:58.479491+00:00,node_2,9.292996,OK,minor,normal,14.695837297675771,0
run_0048,25,2023-11-15T17:33:58.476369+00:00,node_3,9.269894,OK,minor,normal,14.695837297675771,0
run_0048,26,2023-11-15T17:34:18.974560+00:00,node_1,10.515081,OK,minor,normal,14.695837297675771,0
run_0048,26,2023-11-15T17:34:18.995802+00:00,node_2,9.464095,OK,minor,normal,14.695837297675771,0
run_0048,26,2023-11-15T17:34:19.135775+00:00,node_3,8.948826,OK,minor,normal,14.695837297675771,0
run_0048,27,2023-11-15T17:34:38.623346+00:00,node_1,10.586362,OK,minor,normal,14.695837297675771,0
run_0048,27,2023-11-15T17:34:38.348075+00:00,node_2,8.829564,OK,minor,normal,14.695837297675771,0
run_0048,27,2023-11-15T17:34:38.424859+00:00,node_3,9.011248,OK,minor,normal,14.695837297675771,0
run_0048,28,2023-11-15T17:34:58.134731+00:00,node_1,10.883713,OK,minor,normal,14.695837297675771,0
run_0048,28,2023-11-15T17:34:58.285803+00:00,node_2,9.057101,OK,minor,normal,14.695837297675771,0
run_0048,28,2023-11-15T17:34:58.302199+00:00,node_3,8.789935,OK,minor,normal,14.695837297675771,0
run_0048,29,2023-11-15T17:35:18.554756+00:00,node_1,10.452755,OK,minor,normal,14.695837297675771,0
run_0048,29,2023-11-15T17:35:18.532673+00:00,node_2,8.695551,OK,minor,normal,14.695837297675771,0
run_0048,29,2023-11-15T17:35:18.745906+00:00,node_3,8.734681,OK,minor,normal,14.695837297675771,0
run_0048,30,2023-11-15T17:35:38.485552+00:00,node_1,10.327104,OK,minor,normal,14.695837297675771,0
run_0048,30,2023-11-15T17:35:38.564183+00:00,node_2,8.800152,OK,minor,normal,14.695837297675771,0
run_0048,30,2023-11-15T17:35:38.329569+00:00,node_3,9.146188,OK,minor,normal,14.695837297675771,0
run_0048,31,2023-11-15T17:35:58.687016+00:00,node_1,11.019226,OK,normal,normal,0.0,0.0
run_0048,31,2023-11-15T17:35:58.634073+00:00,node_2,9.974004,OK,normal,normal,0.0,0.0
run_0048,31,2023-11-15T17:35:58.877416+00:00,node_3,10.985007,OK,normal,normal,0.0,0.0
run_0048,32,2023-11-15T17:36:19.280984+00:00,node_1,10.594048,OK,normal,normal,0.0,0.0
run_0048,32,2023-11-15T17:36:19.088356+00:00,node_2,10.54715,OK,normal,normal,0.0,0.0
run_0048,32,2023-11-15T17:36:19.353055+00:00,node_3,10.66616,OK,normal,normal,0.0,0.0
run_0048,33,2023-11-15T17:36:39.269005+00:00,node_1,10.652709,OK,normal,normal,0.0,0.0
run_0048,33,2023-11-15T17:36:39.282511+00:00,node_2,10.718442,OK,normal,normal,0.0,0.0
run_0048,33,2023-11-15T17:36:39.157794+00:00,node_3,10.630759,OK,normal,normal,0.0,0.0
run_0048,34,2023-11-15T17:36:58.886459+00:00,node_1,10.868562,OK,normal,normal,0.0,0.0
run_0048,34,2023-11-15T17:36:58.778297+00:00,node_2,10.703836,OK,normal,normal,0.0,0.0
run_0048,34,2023-11-15T17:36:58.698725+00:00,node_3,10.54367,OK,normal,normal,0.0,0.0
run_0048,35,2023-11-15T17:37:18.692014+00:00,node_1,10.246584,OK,normal,normal,0.0,0.0
run_0048,35,2023-11-15T17:37:18.639812+00:00,node_2,9.905234,OK,normal,normal,0.0,0.0
run_0048,35,2023-11-15T17:37:18.676510+00:00,node_3,10.650955,OK,normal,normal,0.0,0.0
run_0049,0,2023-11-15T17:49:40.213442+00:00,node_1,10.469005,OK,normal,normal,0.0,0.0
run_0049,0,2023-11-15T17:49:40.376406+00:00,node_2,10.745271,OK,normal,normal,0.0,0.0
run_0049,0,2023-11-15T17:49:40.414643+00:00,node_3,10.153167,OK,normal,normal,0.0,0.0
run_0049,1,2023-11-15T17:49:59.919841+00:00,node_1,10.619692,OK,normal,normal,0.0,0.0
run_0049,1,2023-11-15T17:49:59.980818+00:00,node_2,10.978985,OK,normal,normal,0.0,0.0
run_0049,1,2023-11-15T17:50:00.019760+00:00,node_3,11.141282,OK,normal,normal,0.0,0.0
run_0049,2,2023-11-15T17:50:19.563376+00:00,node_1,10.756378,OK,normal,normal,0.0,0.0
run_0049,2,2023-11-15T17:50:19.697437+00:00,node_2,10.654597,OK,normal,normal,0.0,0.0
run_0049,2,2023-11-15T17:50:19.853416+00:00,node_3,10.337755,OK,normal,normal,0.0,0.0
run_0049,3,2023-11-15T17:50:40.034821+00:00,node_1,10.576437,OK,normal,normal,0.0,0.0
run_0049,3,2023-11-15T17:50:39.910888+00:00,node_2,10.882182,OK,normal,normal,0.0,0.0
run_0049,3,2023-11-15T17:50:39.828204+00:00,node_3,10.678445,OK,normal,normal,0.0,0.0
run_0049,4,2023-11-15T17:50:59.555900+00:00,node_1,11.166226,OK,normal,normal,0.0,0.0
run_0049,4,2023-11-15T17:50:59.417042+00:00,node_2,10.947578,OK,normal,normal,0.0,0.0
run_0049,4,2023-11-15T17:50:59.553778+00:00,node_3,10.873016,OK,normal,normal,0.0,0.0
run_0049,5,2023-11-15T17:51:19.620931+00:00,node_1,10.607703,OK,minor,minor,10.756747966831174,5.000929119222292
run_0049,5,2023-11-15T17:51:19.547798+00:00,node_2,9.525497,OK,minor,minor,10.756747966831174,5.000929119222292
run_0049,5,2023-11-15T17:51:19.695818+00:00,node_3,8.740466,OK,minor,minor,10.756747966831174,5.000929119222292
run_0049,6,2023-11-15T17:51:39.540818+00:00,node_1,10.751051,OK,minor,minor,10.756747966831174,5.000929119222292
run_0049,6,2023-11-15T17:51:39.646506+00:00,node_2,9.346224,OK,minor,minor,10.756747966831174,5.000929119222292
run_0049,6,2023-11-15T17:51:39.673005+00:00,node_3,9.285253,OK,minor,minor,10.756747966831174,5.000929119222292
run_0049,7,2023-11-15T17:51:59.515944+00:00,node_1,10.7491,OK,minor,minor,10.756747966831174,5.000929119222292
run_0049,7,2023-11-15T17:51:59.423781+00:00,node_2,9.437167,OK,minor,minor,10.756747966831174,5.000929119222292
run_0049,7,2023-11-15T17:51:59.551754+00:00,node_3,9.143357,OK,minor,minor,10.756747966831174,5.000929119222292
run_0049,8,2023-11-15T17:52:19.538124+00:00,node_1,10.639944,OK,minor,minor,10.756747966831174,5.000929119222292
run_0049,8,2023-11-15T17:52:19.456320+00:00,node_2,9.674307,OK,minor,minor,10.756747966831174,5.000929119222292
run_0049,8,2023-11-15T17:52:19.652471+00:00,node_3,8.933586,OK,minor,minor,10.756747966831174,5.000929119222292
run_0049,9,2023-11-15T17:52:39.951993+00:00,node_1,10.807632,OK,minor,minor,10.756747966831174,5.000929119222292
run_0049,9,2023-11-15T17:52:39.881217+00:00,node_2,9.266281,OK,minor,minor,10.756747966831174,5.000929119222292
run_0049,9,2023-11-15T17:52:39.815034+00:00,node_3,9.055457,OK,minor,minor,10.756747966831174,5.000929119222292
run_0049,10,2023-11-15T17:52:59.798048+00:00,node_1,10.331227,OK,minor,minor,10.756747966831174,5.000929119222292
run_0049,10,2023-11-15T17:53:00.096493+00:00,node_2,9.770118,OK,minor,minor,10.756747966831174,5.000929119222292
run_0049,10,2023-11-15T17:52:59.873109+00:00,node_3,9.434355,OK,minor,minor,10.756747966831174,5.000929119222292
run_0049,11,2023-11-15T17:53:19.447192+00:00,node_1,10.578541,OK,minor,minor,10.756747966831174,5.000929119222292
run_0049,11,2023-11-15T17:53:19.627553+00:00,node_2,9.589541,OK,minor,minor,10.756747966831174,5.000929119222292
run_0049,11,2023-11-15T17:53:19.454937+00:00,node_3,9.140603,OK,minor,minor,10.756747966831174,5.000929119222292
run_0049,12,2023-11-15T17:53:39.422638+00:00,node_1,10.1093,OK,minor,minor,10.756747966831174,5.000929119222292
run_0049,12,2023-11-15T17:53:39.542446+00:00,node_2,9.159243,OK,minor,minor,10.756747966831174,5.000929119222292
run_0049,12,2023-11-15T17:53:39.505945+00:00,node_3,8.54685,OK,minor,minor,10.756747966831174,5.000929119222292
run_0049,13,2023-11-15T17:53:59.066790+00:00,node_1,10.370705,OK,minor,minor,10.756747966831174,5.000929119222292
run_0049,13,2023-11-15T17:53:59.201997+00:00,node_2,9.084118,OK,minor,minor,10.756747966831174,5.000929119222292
run_0049,13,2023-11-15T17:53:59.082301+00:00,node_3,8.600443,OK,minor,minor,10.756747966831174,5.000929119222292
run_0049,14,2023-11-15T17:54:19.056255+00:00,node_1,10.200576,OK,minor,minor,10.756747966831174,5.000929119222292
run_0049,14,2023-11-15T17:54:19.308965+00:00,node_2,9.190756,OK,minor,minor,10.756747966831174,5.000929119222292
run_0049,14,2023-11-15T17:54:19.052695+00:00,node_3,8.669449,OK,minor,minor,10.756747966831174,5.000929119222292
run_0049,15,2023-11-15T17:54:39.593714+00:00,node_1,10.240912,OK,minor,minor,10.756747966831174,5.000929119222292
run_0049,15,2023-11-15T17:54:39.323743+00:00,node_2,9.232162,OK,minor,minor,10.756747966831174,5.000929119222292
run_0049,15,2023-11-15T17:54:39.366859+00:00,node_3,8.448862,OK,minor,minor,10.756747966831174,5.000929119222292
run_0049,16,2023-11-15T17:54:59.868774+00:00,node_1,10.448409,OK,minor,minor,10.756747966831174,5.000929119222292
run_0049,16,2023-11-15T17:54:59.952550+00:00,node_2,8.952303,OK,minor,minor,10.756747966831174,5.000929119222292
run_0049,16,2023-11-15T17:54:59.895109+00:00,node_3,8.914474,OK,minor,minor,10.756747966831174,5.000929119222292
run_0049,17,2023-11-15T17:55:20.097413+00:00,node_1,10.193561,OK,minor,minor,10.756747966831174,5.000929119222292
run_0049,17,2023-11-15T17:55:19.944486+00:00,node_2,9.205535,OK,minor,minor,10.756747966831174,5.000929119222292
run_0049,17,2023-11-15T17:55:19.945396+00:00,node_3,8.466602,OK,minor,minor,10.756747966831174,5.000929119222292
run_0049,18,2023-11-15T17:55:39.823218+00:00,node_1,10.089803,OK,minor,minor,10.756747966831174,5.000929119222292
run_0049,18,2023-11-15T17:55:39.764850+00:00,node_2,8.925624,OK,minor,minor,10.756747966831174,5.000929119222292
run_0049,18,2023-11-15T17:55:39.863156+00:00,node_3,8.557683,OK,minor,minor,10.756747966831174,5.000929119222292
run_0049,19,2023-11-15T17:55:59.525085+00:00,node_1,10.026394,OK,minor,minor,10.756747966831174,5.000929119222292
run_0049,19,2023-11-15T17:55:59.292576+00:00,node_2,9.291023,OK,minor,minor,10.756747966831174,5.000929119222292
run_0049,19,2023-11-15T17:55:59.450299+00:00,node_3,8.683974,OK,minor,minor,10.756747966831174,5.000929119222292
run_0049,20,2023-11-15T17:56:19.001938+00:00,node_1,10.142322,OK,minor,minor,10.756747966831174,5.000929119222292
run_0049,20,2023-11-15T17:56:19.034019+00:00,node_2,9.10061,OK,minor,minor,10.756747966831174,5.000929119222292
run_0049,20,2023-11-15T17:56:19.042011+00:00,node_3,8.776419,OK,minor,minor,10.756747966831174,5.000929119222292
run_0049,21,2023-11-15T17:56:39.135337+00:00,node_1,10.056261,OK,minor,minor,10.756747966831174,5.000929119222292
run_0049,21,2023-11-15T17:56:39.017900+00:00,node_2,9.0548,OK,minor,minor,10.756747966831174,5.000929119222292
run_0049,21,2023-11-15T17:56:39.001274+00:00,node_3,8.667026,OK,minor,minor,10.756747966831174,5.000929119222292
run_0049,22,2023-11-15T17:56:59.096080+00:00,node_1,9.95988,OK,minor,minor,10.756747966831174,5.000929119222292
run_0049,22,2023-11-15T17:56:58.784198+00:00,node_2,9.110752,OK,minor,minor,10.756747966831174,5.000929119222292
run_0049,22,2023-11-15T17:56:59.053164+00:00,node_3,8.431719,OK,minor,minor,10.756747966831174,5.000929119222292
run_0049,23,2023-11-15T17:57:19.031536+00:00,node_1,10.239129,OK,minor,minor,10.756747966831174,5.000929119222292
run_0049,23,2023-11-15T17:57:19.114699+00:00,node_2,9.278103,OK,minor,minor,10.756747966831174,5.000929119222292
run_0049,23,2023-11-15T17:57:19.182071+00:00,node_3,8.478816,OK,minor,minor,10.756747966831174,5.000929119222292
run_0049,24,2023-11-15T17:57:38.850915+00:00,node_1,9.991808,OK,minor,minor,10.756747966831174,5.000929119222292
run_0049,24,2023-11-15T17:57:38.588182+00:00,node_2,9.312857,OK,minor,minor,10.756747966831174,5.000929119222292
run_0049,24,2023-11-15T17:57:38.499852+00:00,node_3,8.856344,OK,minor,minor,10.756747966831174,5.000929119222292
run_0049,25,2023-11-15T17:57:58.228692+00:00,node_1,10.616103,OK,minor,minor,10.756747966831174,5.000929119222292
run_0049,25,2023-11-15T17:57:58.180975+00:00,node_2,9.075548,OK,minor,minor,10.756747966831174,5.000929119222292
run_0049,25,2023-11-15T17:57:58.429218+00:00,node_3,8.726555,OK,minor,minor,10.756747966831174,5.000929119222292
run_0049,26,2023-11-15T17:58:18.365294+00:00,node_1,10.375936,OK,minor,minor,10.756747966831174,5.000929119222292
run_0049,26,2023-11-15T17:58:18.192181+00:00,node_2,8.955477,OK,minor,minor,10.756747966831174,5.000929119222292
run_0049,26,2023-11-15T17:58:18.137151+00:00,node_3,8.89956,OK,minor,minor,10.756747966831174,5.000929119222292
run_0049,27,2023-11-15T17:58:38.304117+00:00,node_1,10.420685,OK,minor,minor,10.756747966831174,5.000929119222292
run_0049,27,2023-11-15T17:58:38.475656+00:00,node_2,9.388291,OK,minor,minor,10.756747966831174,5.000929119222292
run_0049,27,2023-11-15T17:58:38.444628+00:00,node_3,8.911672,OK,minor,minor,10.756747966831174,5.000929119222292
run_0049,28,2023-11-15T17:58:58.300917+00:00,node_1,10.733784,OK,minor,minor,10.756747966831174,5.000929119222292
run_0049,28,2023-11-15T17:58:58.096556+00:00,node_2,9.378531,OK,minor,minor,10.756747966831174,5.000929119222292
run_0049,28,2023-11-15T17:58:58.130205+00:00,node_3,8.725853,OK,minor,minor,10.756747966831174,5.000929119222292
run_0049,29,2023-11-15T17:59:18.259050+00:00,node_1,10.247133,OK,minor,minor,10.756747966831174,5.000929119222292
run_0049,29,2023-11-15T17:59:18.092792+00:00,node_2,9.230384,OK,minor,minor,10.756747966831174,5.000929119222292
run_0049,29,2023-11-15T17:59:18.280276+00:00,node_3,8.843952,OK,minor,minor,10.756747966831174,5.000929119222292
run_0049,30,2023-11-15T17:59:37.751343+00:00,node_1,10.252758,OK,minor,minor,10.756747966831174,5.000929119222292
run_0049,30,2023-11-15T17:59:37.776563+00:00,node_2,9.624875,OK,minor,minor,10.756747966831174,5.000929119222292
run_0049,30,2023-11-15T17:59:37.934810+00:00,node_3,8.921908,OK,minor,minor,10.756747966831174,5.000929119222292
run_0049,31,2023-11-15T17:59:58.002131+00:00,node_1,10.421302,OK,normal,normal,0.0,0.0
run_0049,31,2023-11-15T17:59:57.976791+00:00,node_2,10.551103,OK,normal,normal,0.0,0.0
run_0049,31,2023-11-15T17:59:58.114093+00:00,node_3,10.793655,OK,normal,normal,0.0,0.0
run_0049,32,2023-11-15T18:00:17.685191+00:00,node_1,10.46431,OK,normal,normal,0.0,0.0
run_0049,32,2023-11-15T18:00:17.840362+00:00,node_2,10.804069,OK,normal,normal,0.0,0.0
run_0049,32,2023-11-15T18:00:17.787801+00:00,node_3,10.701474,OK,normal,normal,0.0,0.0
run_0049,33,2023-11-15T18:00:37.710453+00:00,node_1,10.183155,OK,normal,normal,0.0,0.0
run_0049,33,2023-11-15T18:00:37.800678+00:00,node_2,10.711332,OK,normal,normal,0.0,0.0
run_0049,33,2023-11-15T18:00:37.655715+00:00,node_3,10.195367,OK,normal,normal,0.0,0.0
run_0049,34,2023-11-15T18:00:57.946159+00:00,node_1,10.417344,OK,normal,normal,0.0,0.0
run_0049,34,2023-11-15T18:00:57.739512+00:00,node_2,10.185429,OK,normal,normal,0.0,0.0
run_0049,34,2023-11-15T18:00:57.885940+00:00,node_3,10.920412,OK,normal,normal,0.0,0.0
run_0049,35,2023-11-15T18:01:17.477194+00:00,node_1,10.395626,OK,normal,normal,0.0,0.0
run_0049,35,2023-11-15T18:01:17.297990+00:00,node_2,10.876019,OK,normal,normal,0.0,0.0
run_0049,35,2023-11-15T18:01:17.569057+00:00,node_3,10.608203,OK,normal,normal,0.0,0.0
run_0050,0,2023-11-15T18:13:40.023669+00:00,node_1,9.2802,OK,normal,normal,0.0,0.0
run_0050,0,2023-11-15T18:13:40.207044+00:00,node_2,9.317096,OK,normal,normal,0.0,0.0
run_0050,0,2023-11-15T18:13:40.177587+00:00,node_3,9.262642,OK,normal,normal,0.0,0.0
run_0050,1,2023-11-15T18:14:00.386686+00:00,node_1,9.024518,OK,normal,normal,0.0,0.0
run_0050,1,2023-11-15T18:14:00.396453+00:00,node_2,9.381359,OK,normal,normal,0.0,0.0
run_0050,1,2023-11-15T18:14:00.223300+00:00,node_3,9.500405,OK,normal,normal,0.0,0.0
run_0050,2,2023-11-15T18:14:20.007817+00:00,node_1,9.281159,OK,normal,normal,0.0,0.0
run_0050,2,2023-11-15T18:14:20.206874+00:00,node_2,9.508549,OK,normal,normal,0.0,0.0
run_0050,2,2023-11-15T18:14:20.300014+00:00,node_3,8.959193,OK,normal,normal,0.0,0.0
run_0050,3,2023-11-15T18:14:40.555393+00:00,node_1,9.038089,OK,normal,normal,0.0,0.0
run_0050,3,2023-11-15T18:14:40.436719+00:00,node_2,9.144908,OK,normal,normal,0.0,0.0
run_0050,3,2023-11-15T18:14:40.452307+00:00,node_3,9.354317,OK,normal,normal,0.0,0.0
run_0050,4,2023-11-15T18:15:00.534521+00:00,node_1,9.00181,OK,normal,normal,0.0,0.0
run_0050,4,2023-11-15T18:15:00.505931+00:00,node_2,9.287848,OK,normal,normal,0.0,0.0
run_0050,4,2023-11-15T18:15:00.576697+00:00,node_3,9.141492,OK,normal,normal,0.0,0.0
run_0050,5,2023-11-15T18:15:19.846116+00:00,node_1,9.5164,OK,minor,major,13.285255769358017,31.442927305981804
run_0050,5,2023-11-15T18:15:20.171041+00:00,node_2,8.273942,OK,minor,major,13.285255769358017,31.442927305981804
run_0050,5,2023-11-15T18:15:19.899065+00:00,node_3,5.653472,OK,minor,major,13.285255769358017,31.442927305981804
run_0050,6,2023-11-15T18:15:39.808698+00:00,node_1,9.191067,OK,minor,major,13.285255769358017,31.442927305981804
run_0050,6,2023-11-15T18:15:39.751024+00:00,node_2,7.878535,OK,minor,major,13.285255769358017,31.442927305981804
run_0050,6,2023-11-15T18:15:39.993054+00:00,node_3,5.738797,OK,minor,major,13.285255769358017,31.442927305981804
run_0050,7,2023-11-15T18:15:59.721033+00:00,node_1,9.321698,OK,minor,major,13.285255769358017,31.442927305981804
run_0050,7,2023-11-15T18:15:59.689122+00:00,node_2,7.930149,OK,minor,major,13.285255769358017,31.442927305981804
run_0050,7,2023-11-15T18:15:59.658730+00:00,node_3,5.69209,OK,minor,major,13.285255769358017,31.442927305981804
run_0050,8,2023-11-15T18:16:19.694919+00:00,node_1,9.302069,OK,minor,major,13.285255769358017,31.442927305981804
run_0050,8,2023-11-15T18:16:19.700226+00:00,node_2,8.093602,OK,minor,major,13.285255769358017,31.442927305981804
run_0050,8,2023-11-15T18:16:19.574872+00:00,node_3,5.423714,OK,minor,major,13.285255769358017,31.442927305981804
run_0050,9,2023-11-15T18:16:39.636759+00:00,node_1,9.169857,OK,minor,major,13.285255769358017,31.442927305981804
run_0050,9,2023-11-15T18:16:39.470376+00:00,node_2,7.959434,OK,minor,major,13.285255769358017,31.442927305981804
run_0050,9,2023-11-15T18:16:39.691318+00:00,node_3,5.318766,OK,minor,major,13.285255769358017,31.442927305981804
run_0050,10,2023-11-15T18:16:59.784817+00:00,node_1,9.04198,OK,minor,major,13.285255769358017,31.442927305981804
run_0050,10,2023-11-15T18:16:59.922724+00:00,node_2,7.865215,OK,minor,major,13.285255769358017,31.442927305981804
run_0050,10,2023-11-15T18:16:59.792306+00:00,node_3,5.493817,OK,minor,major,13.285255769358017,31.442927305981804
run_0050,11,2023-11-15T18:17:20.220018+00:00,node_1,8.85095,OK,minor,major,13.285255769358017,31.442927305981804
run_0050,11,2023-11-15T18:17:20.401297+00:00,node_2,7.854415,OK,minor,major,13.285255769358017,31.442927305981804
run_0050,11,2023-11-15T18:17:20.434272+00:00,node_3,5.459719,OK,minor,major,13.285255769358017,31.442927305981804
run_0050,12,2023-11-15T18:17:40.365019+00:00,node_1,11.263276,OK,minor,major,13.285255769358017,31.442927305981804
run_0050,12,2023-11-15T18:17:40.225364+00:00,node_2,9.3175,OK,minor,major,13.285255769358017,31.442927305981804
run_0050,12,2023-11-15T18:17:40.484295+00:00,node_3,6.666785,OK,minor,major,13.285255769358017,31.442927305981804
run_0050,13,2023-11-15T18:17:59.907218+00:00,node_1,11.433448,OK,minor,major,13.285255769358017,31.442927305981804
run_0050,13,2023-11-15T18:18:00.296134+00:00,node_2,9.846592,OK,minor,major,13.285255769358017,31.442927305981804
run_0050,13,2023-11-15T18:18:00.108134+00:00,node_3,6.662039,OK,minor,major,13.285255769358017,31.442927305981804
run_0050,14,2023-11-15T18:18:19.697929+00:00,node_1,11.274152,OK,minor,major,13.285255769358017,31.442927305981804
run_0050,14,2023-11-15T18:18:19.724174+00:00,node_2,9.608575,OK,minor,major,13.285255769358017,31.442927305981804
run_0050,14,2023-11-15T18:18:19.844828+00:00,node_3,6.516965,OK,minor,major,13.285255769358017,31.442927305981804
run_0050,15,2023-11-15T18:18:39.589082+00:00,node_1,10.976962,OK,minor,major,13.285255769358017,31.442927305981804
run_0050,15,2023-11-15T18:18:39.661197+00:00,node_2,9.741229,OK,minor,major,13.285255769358017,31.442927305981804
run_0050,15,2023-11-15T18:18:39.845838+00:00,node_3,6.872463,OK,minor,major,13.285255769358017,31.442927305981804
run_0050,16,2023-11-15T18:18:59.720294+00:00,node_1,11.376728,OK,minor,major,13.285255769358017,31.442927305981804
run_0050,16,2023-11-15T18:18:59.750688+00:00,node_2,9.805706,OK,minor,major,13.285255769358017,31.442927305981804
run_0050,16,2023-11-15T18:18:59.887107+00:00,node_3,6.501324,OK,minor,major,13.285255769358017,31.442927305981804
run_0050,17,2023-11-15T18:19:19.739243+00:00,node_1,11.149314,OK,minor,major,13.285255769358017,31.442927305981804
run_0050,17,2023-11-15T18:19:19.744685+00:00,node_2,9.85329,OK,minor,major,13.285255769358017,31.442927305981804
run_0050,17,2023-11-15T18:19:19.844895+00:00,node_3,6.648112,OK,minor,major,13.285255769358017,31.442927305981804
run_0050,18,2023-11-15T18:19:39.995175+00:00,node_1,11.147032,OK,minor,major,13.285255769358017,31.442927305981804
run_0050,18,2023-11-15T18:19:40.223221+00:00,node_2,9.782365,OK,minor,major,13.285255769358017,31.442927305981804
run_0050,18,2023-11-15T18:19:40.152795+00:00,node_3,6.923174,OK,minor,major,13.285255769358017,31.442927305981804
run_0050,19,2023-11-15T18:20:00.139072+00:00,node_1,11.129214,OK,minor,major,13.285255769358017,31.442927305981804
run_0050,19,2023-11-15T18:19:59.922008+00:00,node_2,9.556857,OK,minor,major,13.285255769358017,31.442927305981804
run_0050,19,2023-11-15T18:20:00.029243+00:00,node_3,6.53122,OK,minor,major,13.285255769358017,31.442927305981804
run_0050,20,2023-11-15T18:20:20.236864+00:00,node_1,11.23744,OK,minor,major,13.285255769358017,31.442927305981804
run_0050,20,2023-11-15T18:20:20.059840+00:00,node_2,10.014124,OK,minor,major,13.285255769358017,31.442927305981804
run_0050,20,2023-11-15T18:20:20.149644+00:00,node_3,6.654704,OK,minor,major,13.285255769358017,31.442927305981804
run_0050,21,2023-11-15T18:20:40.274417+00:00,node_1,11.025718,OK,minor,major,13.285255769358017,31.442927305981804
run_0050,21,2023-11-15T18:20:40.254316+00:00,node_2,9.725547,OK,minor,major,13.285255769358017,31.442927305981804
run_0050,21,2023-11-15T18:20:40.332314+00:00,node_3,6.889738,OK,minor,major,13.285255769358017,31.442927305981804
run_0050,22,2023-11-15T18:21:00.401197+00:00,node_1,11.055825,OK,minor,major,13.285255769358017,31.442927305981804
run_0050,22,2023-11-15T18:21:00.414112+00:00,node_2,9.851881,OK,minor,major,13.285255769358017,31.442927305981804
run_0050,22,2023-11-15T18:21:00.483517+00:00,node_3,6.380843,OK,minor,major,13.285255769358017,31.442927305981804
run_0050,23,2023-11-15T18:21:20.535167+00:00,node_1,10.718153,OK,minor,major,13.285255769358017,31.442927305981804
run_0050,23,2023-11-15T18:21:20.300665+00:00,node_2,9.692827,OK,minor,major,13.285255769358017,31.442927305981804
run_0050,23,2023-11-15T18:21:20.473688+00:00,node_3,6.341184,OK,minor,major,13.285255769358017,31.442927305981804
run_0050,24,2023-11-15T18:21:40.208453+00:00,node_1,10.876521,OK,minor,major,13.285255769358017,31.442927305981804
run_0050,24,2023-11-15T18:21:40.098711+00:00,node_2,9.764658,OK,minor,major,13.285255769358017,31.442927305981804
run_0050,24,2023-11-15T18:21:40.289868+00:00,node_3,6.700384,OK,minor,major,13.285255769358017,31.442927305981804
run_0050,25,2023-11-15T18:22:00.633553+00:00,node_1,10.840109,OK,minor,major,13.285255769358017,31.442927305981804
run_0050,25,2023-11-15T18:22:00.334161+00:00,node_2,9.982136,OK,minor,major,13.285255769358017,31.442927305981804
run_0050,25,2023-11-15T18:22:00.626493+00:00,node_3,6.472455,OK,minor,major,13.285255769358017,31.442927305981804
run_0050,26,2023-11-15T18:22:20.846988+00:00,node_1,11.502155,OK,minor,major,13.285255769358017,31.442927305981804
run_0050,26,2023-11-15T18:22:20.920732+00:00,node_2,9.470466,OK,minor,major,13.285255769358017,31.442927305981804
run_0050,26,2023-11-15T18:22:20.558390+00:00,node_3,6.692859,OK,minor,major,13.285255769358017,31.442927305981804
run_0050,27,2023-11-15T18:22:40.696255+00:00,node_1,11.218542,OK,minor,major,13.285255769358017,31.442927305981804
run_0050,27,2023-11-15T18:22:40.801337+00:00,node_2,9.609737,OK,minor,major,13.285255769358017,31.442927305981804
run_0050,27,2023-11-15T18:22:40.990898+00:00,node_3,6.540911,OK,minor,major,13.285255769358017,31.442927305981804
run_0050,28,2023-11-15T18:23:00.972468+00:00,node_1,11.259051,OK,minor,major,13.285255769358017,31.442927305981804
run_0050,28,2023-11-15T18:23:00.990496+00:00,node_2,9.836372,OK,minor,major,13.285255769358017,31.442927305981804
run_0050,28,2023-11-15T18:23:00.878115+00:00,node_3,6.617788,OK,minor,major,13.285255769358017,31.442927305981804
run_0050,29,2023-11-15T18:23:21.237247+00:00,node_1,10.996553,OK,minor,major,13.285255769358017,31.442927305981804
run_0050,29,2023-11-15T18:23:21.102300+00:00,node_2,9.461666,OK,minor,major,13.285255769358017,31.442927305981804
run_0050,29,2023-11-15T18:23:20.884838+00:00,node_3,6.62806,OK,minor,major,13.285255769358017,31.442927305981804
run_0050,30,2023-11-15T18:23:41.270730+00:00,node_1,11.117754,OK,minor,major,13.285255769358017,31.442927305981804
run_0050,30,2023-11-15T18:23:41.525496+00:00,node_2,9.441451,OK,minor,major,13.285255769358017,31.442927305981804
run_0050,30,2023-11-15T18:23:41.493757+00:00,node_3,6.716239,OK,minor,major,13.285255769358017,31.442927305981804
run_0050,31,2023-11-15T18:24:01.507705+00:00,node_1,11.110258,OK,normal,normal,0.0,0.0
run_0050,31,2023-11-15T18:24:01.491113+00:00,node_2,11.198303,OK,normal,normal,0.0,0.0
run_0050,31,2023-11-15T18:24:01.403672+00:00,node_3,10.882553,OK,normal,normal,0.0,0.0
run_0050,32,2023-11-15T18:24:21.123407+00:00,node_1,11.004137,OK,normal,normal,0.0,0.0
run_0050,32,2023-11-15T18:24:21.155303+00:00,node_2,10.966083,OK,normal,normal,0.0,0.0
run_0050,32,2023-11-15T18:24:21.272546+00:00,node_3,11.013454,OK,normal,normal,0.0,0.0
run_0050,33,2023-11-15T18:24:40.715768+00:00,node_1,10.849055,OK,normal,normal,0.0,0.0
run_0050,33,2023-11-15T18:24:40.983063+00:00,node_2,11.283799,OK,normal,normal,0.0,0.0
run_0050,33,2023-11-15T18:24:40.999360+00:00,node_3,10.617979,OK,normal,normal,0.0,0.0
run_0050,34,2023-11-15T18:25:00.575497+00:00,node_1,11.46044,OK,normal,normal,0.0,0.0
run_0050,34,2023-11-15T18:25:00.686891+00:00,node_2,11.304925,OK,normal,normal,0.0,0.0
run_0050,34,2023-11-15T18:25:00.587003+00:00,node_3,10.728003,OK,normal,normal,0.0,0.0
run_0050,35,2023-11-15T18:25:20.706272+00:00,node_1,10.688941,OK,normal,normal,0.0,0.0
run_0050,35,2023-11-15T18:25:20.930524+00:00,node_2,11.533322,OK,normal,normal,0.0,0.0
run_0050,35,2023-11-15T18:25:20.663210+00:00,node_3,10.875206,OK,normal,normal,0.0,0.0
run_0051,0,2023-11-15T18:37:40.172585+00:00,node_1,10.733555,OK,normal,normal,0.0,0.0
run_0051,0,2023-11-15T18:37:40.206695+00:00,node_2,10.385811,OK,normal,normal,0.0,0.0
run_0051,0,2023-11-15T18:37:40.158357+00:00,node_3,10.22728,OK,normal,normal,0.0,0.0
run_0051,1,2023-11-15T18:38:00.209867+00:00,node_1,10.093868,OK,normal,normal,0.0,0.0
run_0051,1,2023-11-15T18:38:00.030614+00:00,node_2,10.755936,OK,normal,normal,0.0,0.0
run_0051,1,2023-11-15T18:37:59.902932+00:00,node_3,10.412931,OK,normal,normal,0.0,0.0
run_0051,2,2023-11-15T18:38:20.028431+00:00,node_1,10.64458,OK,normal,normal,0.0,0.0
run_0051,2,2023-11-15T18:38:20.162282+00:00,node_2,10.418003,OK,normal,normal,0.0,0.0
run_0051,2,2023-11-15T18:38:20.070041+00:00,node_3,10.423424,OK,normal,normal,0.0,0.0
run_0051,3,2023-11-15T18:38:40.280121+00:00,node_1,10.714194,OK,normal,normal,0.0,0.0
run_0051,3,2023-11-15T18:38:40.394786+00:00,node_2,10.277462,OK,normal,normal,0.0,0.0
run_0051,3,2023-11-15T18:38:40.191000+00:00,node_3,10.507034,OK,normal,normal,0.0,0.0
run_0051,4,2023-11-15T18:39:00.103714+00:00,node_1,10.523595,OK,normal,normal,0.0,0.0
run_0051,4,2023-11-15T18:39:00.212362+00:00,node_2,10.394578,OK,normal,normal,0.0,0.0
run_0051,4,2023-11-15T18:39:00.106246+00:00,node_3,10.611113,OK,normal,normal,0.0,0.0
run_0051,5,2023-11-15T18:39:19.906977+00:00,node_1,10.564118,OK,major,normal,37.84746517133865,0
run_0051,5,2023-11-15T18:39:19.860606+00:00,node_2,6.275037,OK,major,normal,37.84746517133865,0
run_0051,5,2023-11-15T18:39:19.675248+00:00,node_3,6.347581,OK,major,normal,37.84746517133865,0
run_0051,6,2023-11-15T18:39:40.305510+00:00,node_1,10.026603,OK,major,normal,37.84746517133865,0
run_0051,6,2023-11-15T18:39:40.162547+00:00,node_2,6.745665,OK,major,normal,37.84746517133865,0
run_0051,6,2023-11-15T18:39:40.309373+00:00,node_3,6.294762,OK,major,normal,37.84746517133865,0
run_0051,7,2023-11-15T18:39:59.964444+00:00,node_1,10.386105,OK,major,normal,37.84746517133865,0
run_0051,7,2023-11-15T18:39:59.977933+00:00,node_2,6.387903,OK,major,normal,37.84746517133865,0
run_0051,7,2023-11-15T18:39:59.669190+00:00,node_3,6.387196,OK,major,normal,37.84746517133865,0
run_0051,8,2023-11-15T18:40:19.925462+00:00,node_1,10.514148,OK,major,normal,37.84746517133865,0
run_0051,8,2023-11-15T18:40:19.633955+00:00,node_2,6.261561,OK,major,normal,37.84746517133865,0
run_0051,8,2023-11-15T18:40:19.919235+00:00,node_3,6.725819,OK,major,normal,37.84746517133865,0
run_0051,9,2023-11-15T18:40:39.659659+00:00,node_1,10.38925,OK,major,normal,37.84746517133865,0
run_0051,9,2023-11-15T18:40:39.837012+00:00,node_2,6.468282,OK,major,normal,37.84746517133865,0
run_0051,9,2023-11-15T18:40:39.745170+00:00,node_3,6.800237,OK,major,normal,37.84746517133865,0
run_0051,10,2023-11-15T18:40:59.224381+00:00,node_1,10.632741,OK,major,normal,37.84746517133865,0
run_0051,10,2023-11-15T18:40:59.528650+00:00,node_2,6.237759,OK,major,normal,37.84746517133865,0
run_0051,10,2023-11-15T18:40:59.263935+00:00,node_3,6.608716,OK,major,normal,37.84746517133865,0
run_0051,11,2023-11-15T18:41:19.261407+00:00,node_1,10.109736,OK,major,normal,37.84746517133865,0
run_0051,11,2023-11-15T18:41:19.467575+00:00,node_2,6.385972,OK,major,normal,37.84746517133865,0
run_0051,11,2023-11-15T18:41:19.329090+00:00,node_3,6.506769,OK,major,normal,37.84746517133865,0
run_0051,12,2023-11-15T18:41:39.188216+00:00,node_1,10.266314,OK,major,normal,37.84746517133865,0
run_0051,12,2023-11-15T18:41:39.074300+00:00,node_2,6.655705,OK,major,normal,37.84746517133865,0
run_0051,12,2023-11-15T18:41:38.973894+00:00,node_3,6.528885,OK,major,normal,37.84746517133865,0
run_0051,13,2023-11-15T18:41:59.231822+00:00,node_1,10.422548,OK,major,normal,37.84746517133865,0
run_0051,13,2023-11-15T18:41:59.543462+00:00,node_2,6.20017,OK,major,normal,37.84746517133865,0
run_0051,13,2023-11-15T18:41:59.370006+00:00,node_3,6.486421,OK,major,normal,37.84746517133865,0
run_0051,14,2023-11-15T18:42:19.534374+00:00,node_1,10.313911,OK,major,normal,37.84746517133865,0
run_0051,14,2023-11-15T18:42:19.604076+00:00,node_2,6.329073,OK,major,normal,37.84746517133865,0
run_0051,14,2023-11-15T18:42:19.268079+00:00,node_3,6.529332,OK,major,normal,37.84746517133865,0
run_0051,15,2023-11-15T18:42:39.862880+00:00,node_1,9.993328,OK,major,normal,37.84746517133865,0
run_0051,15,2023-11-15T18:42:39.546109+00:00,node_2,6.161071,OK,major,normal,37.84746517133865,0
run_0051,15,2023-11-15T18:42:39.582528+00:00,node_3,6.279775,OK,major,normal,37.84746517133865,0
run_0051,16,2023-11-15T18:42:59.739164+00:00,node_1,10.411769,OK,major,normal,37.84746517133865,0
run_0051,16,2023-11-15T18:42:59.813205+00:00,node_2,6.421071,OK,major,normal,37.84746517133865,0
run_0051,16,2023-11-15T18:42:59.763311+00:00,node_3,6.32908,OK,major,normal,37.84746517133865,0
run_0051,17,2023-11-15T18:43:19.657698+00:00,node_1,10.46806,OK,major,normal,37.84746517133865,0
run_0051,17,2023-11-15T18:43:19.647036+00:00,node_2,6.097906,OK,major,normal,37.84746517133865,0
run_0051,17,2023-11-15T18:43:19.378692+00:00,node_3,6.329753,OK,major,normal,37.84746517133865,0
run_0051,18,2023-11-15T18:43:39.544594+00:00,node_1,10.436122,OK,major,normal,37.84746517133865,0
run_0051,18,2023-11-15T18:43:39.462198+00:00,node_2,6.409984,OK,major,normal,37.84746517133865,0
run_0051,18,2023-11-15T18:43:39.767273+00:00,node_3,6.125791,OK,major,normal,37.84746517133865,0
run_0051,19,2023-11-15T18:43:59.796218+00:00,node_1,10.169034,OK,major,normal,37.84746517133865,0
run_0051,19,2023-11-15T18:43:59.803964+00:00,node_2,6.547106,OK,major,normal,37.84746517133865,0
run_0051,19,2023-11-15T18:43:59.684983+00:00,node_3,6.443639,OK,major,normal,37.84746517133865,0
run_0051,20,2023-11-15T18:44:20.186430+00:00,node_1,10.612455,OK,major,normal,37.84746517133865,0
run_0051,20,2023-11-15T18:44:20.020509+00:00,node_2,6.554937,OK,major,normal,37.84746517133865,0
run_0051,20,2023-11-15T18:44:19.875376+00:00,node_3,6.641581,OK,major,normal,37.84746517133865,0
run_0051,21,2023-11-15T18:44:39.979151+00:00,node_1,10.69875,OK,major,normal,37.84746517133865,0
run_0051,21,2023-11-15T18:44:39.970658+00:00,node_2,6.3947,OK,major,normal,37.84746517133865,0
run_0051,21,2023-11-15T18:44:40.303832+00:00,node_3,6.433781,OK,major,normal,37.84746517133865,0
run_0051,22,2023-11-15T18:45:00.183990+00:00,node_1,10.360587,OK,major,normal,37.84746517133865,0
run_0051,22,2023-11-15T18:45:00.324668+00:00,node_2,6.712003,OK,major,normal,37.84746517133865,0
run_0051,22,2023-11-15T18:45:00.211943+00:00,node_3,6.431523,OK,major,normal,37.84746517133865,0
run_0051,23,2023-11-15T18:45:20.145068+00:00,node_1,10.608779,OK,major,normal,37.84746517133865,0
run_0051,23,2023-11-15T18:45:19.901199+00:00,node_2,6.613049,OK,major,normal,37.84746517133865,0
run_0051,23,2023-11-15T18:45:19.929414+00:00,node_3,6.579343,OK,major,normal,37.84746517133865,0
run_0051,24,2023-11-15T18:45:40.044651+00:00,node_1,10.549342,OK,major,normal,37.84746517133865,0
run_0051,24,2023-11-15T18:45:39.979207+00:00,node_2,6.449272,OK,major,normal,37.84746517133865,0
run_0051,24,2023-11-15T18:45:39.851144+00:00,node_3,6.645439,OK,major,normal,37.84746517133865,0
run_0051,25,2023-11-15T18:46:00.129874+00:00,node_1,10.450403,OK,major,normal,37.84746517133865,0
run_0051,25,2023-11-15T18:45:59.786567+00:00,node_2,6.551627,OK,major,normal,37.84746517133865,0
run_0051,25,2023-11-15T18:46:00.015070+00:00,node_3,6.509297,OK,major,normal,37.84746517133865,0
run_0051,26,2023-11-15T18:46:20.346716+00:00,node_1,10.143271,OK,major,normal,37.84746517133865,0
run_0051,26,2023-11-15T18:46:20.159657+00:00,node_2,6.232207,OK,major,normal,37.84746517133865,0
run_0051,26,2023-11-15T18:46:20.073460+00:00,node_3,6.321708,OK,major,normal,37.84746517133865,0
run_0051,27,2023-11-15T18:46:39.954873+00:00,node_1,10.315957,OK,major,normal,37.84746517133865,0
run_0051,27,2023-11-15T18:46:39.919611+00:00,node_2,6.260161,OK,major,normal,37.84746517133865,0
run_0051,27,2023-11-15T18:46:39.774129+00:00,node_3,6.471289,OK,major,normal,37.84746517133865,0
run_0051,28,2023-11-15T18:46:59.946298+00:00,node_1,10.274398,OK,major,normal,37.84746517133865,0
run_0051,28,2023-11-15T18:46:59.798756+00:00,node_2,6.546591,OK,major,normal,37.84746517133865,0
run_0051,28,2023-11-15T18:46:59.764969+00:00,node_3,6.317725,OK,major,normal,37.84746517133865,0
run_0051,29,2023-11-15T18:47:19.521626+00:00,node_1,10.321778,OK,major,normal,37.84746517133865,0
run_0051,29,2023-11-15T18:47:19.628119+00:00,node_2,6.520791,OK,major,normal,37.84746517133865,0
run_0051,29,2023-11-15T18:47:19.375915+00:00,node_3,6.699352,OK,major,normal,37.84746517133865,0
run_0051,30,2023-11-15T18:47:39.843304+00:00,node_1,10.742862,OK,major,normal,37.84746517133865,0
run_0051,30,2023-11-15T18:47:39.847237+00:00,node_2,6.573979,OK,major,normal,37.84746517133865,0
run_0051,30,2023-11-15T18:47:39.655854+00:00,node_3,6.520379,OK,major,normal,37.84746517133865,0
run_0051,31,2023-11-15T18:47:59.733109+00:00,node_1,10.455549,OK,normal,normal,0.0,0.0
run_0051,31,2023-11-15T18:47:59.771068+00:00,node_2,10.511269,OK,normal,normal,0.0,0.0
run_0051,31,2023-11-15T18:47:59.545218+00:00,node_3,10.243772,OK,normal,normal,0.0,0.0
run_0051,32,2023-11-15T18:48:19.948485+00:00,node_1,10.614611,OK,normal,normal,0.0,0.0
run_0051,32,2023-11-15T18:48:19.963779+00:00,node_2,10.290974,OK,normal,normal,0.0,0.0
run_0051,32,2023-11-15T18:48:20.023548+00:00,node_3,9.994715,OK,normal,normal,0.0,0.0
run_0051,33,2023-11-15T18:48:39.668408+00:00,node_1,10.101142,OK,normal,normal,0.0,0.0
run_0051,33,2023-11-15T18:48:39.704654+00:00,node_2,10.052873,OK,normal,normal,0.0,0.0
run_0051,33,2023-11-15T18:48:39.616874+00:00,node_3,10.571483,OK,normal,normal,0.0,0.0
run_0051,34,2023-11-15T18:48:59.936752+00:00,node_1,10.198646,OK,normal,normal,0.0,0.0
run_0051,34,2023-11-15T18:48:59.661002+00:00,node_2,10.214166,OK,normal,normal,0.0,0.0
run_0051,34,2023-11-15T18:48:59.914881+00:00,node_3,10.595773,OK,normal,normal,0.0,0.0
run_0051,35,2023-11-15T18:49:19.678601+00:00,node_1,10.356853,OK,normal,normal,0.0,0.0
run_0051,35,2023-11-15T18:49:19.453034+00:00,node_2,10.453683,OK,normal,normal,0.0,0.0
run_0051,35,2023-11-15T18:49:19.589446+00:00,node_3,10.292722,OK,normal,normal,0.0,0.0
run_0052,0,2023-11-15T19:01:39.893044+00:00,node_1,8.745981,OK,normal,normal,0.0,0.0
run_0052,0,2023-11-15T19:01:39.929423+00:00,node_2,8.9983,OK,normal,normal,0.0,0.0
run_0052,0,2023-11-15T19:01:39.686179+00:00,node_3,8.541924,OK,normal,normal,0.0,0.0
run_0052,1,2023-11-15T19:02:00.178822+00:00,node_1,8.509392,OK,normal,normal,0.0,0.0
run_0052,1,2023-11-15T19:02:00.054075+00:00,node_2,8.749888,OK,normal,normal,0.0,0.0
run_0052,1,2023-11-15T19:02:00.223572+00:00,node_3,8.693956,OK,normal,normal,0.0,0.0
run_0052,2,2023-11-15T19:02:20.571550+00:00,node_1,9.052815,OK,normal,normal,0.0,0.0
run_0052,2,2023-11-15T19:02:20.660592+00:00,node_2,8.872961,OK,normal,normal,0.0,0.0
run_0052,2,2023-11-15T19:02:20.438212+00:00,node_3,8.705121,OK,normal,normal,0.0,0.0
run_0052,3,2023-11-15T19:02:40.746145+00:00,node_1,9.183208,OK,normal,normal,0.0,0.0
run_0052,3,2023-11-15T19:02:40.900659+00:00,node_2,8.746656,OK,normal,normal,0.0,0.0
run_0052,3,2023-11-15T19:02:40.932059+00:00,node_3,8.627506,OK,normal,normal,0.0,0.0
run_0052,4,2023-11-15T19:03:00.381745+00:00,node_1,8.508447,OK,normal,normal,0.0,0.0
run_0052,4,2023-11-15T19:03:00.349524+00:00,node_2,8.782771,OK,normal,normal,0.0,0.0
run_0052,4,2023-11-15T19:03:00.597589+00:00,node_3,8.637461,OK,normal,normal,0.0,0.0
run_0052,5,2023-11-15T19:03:20.577883+00:00,node_1,8.762554,OK,major,minor,45.66171054080623,11.11387418912082
run_0052,5,2023-11-15T19:03:20.549516+00:00,node_2,4.906706,OK,major,minor,45.66171054080623,11.11387418912082
run_0052,5,2023-11-15T19:03:20.626450+00:00,node_3,4.282823,OK,major,minor,45.66171054080623,11.11387418912082
run_0052,6,2023-11-15T19:03:40.865550+00:00,node_1,8.859146,OK,major,minor,45.66171054080623,11.11387418912082
run_0052,6,2023-11-15T19:03:40.819222+00:00,node_2,4.853077,OK,major,minor,45.66171054080623,11.11387418912082
run_0052,6,2023-11-15T19:03:40.845084+00:00,node_3,4.297334,OK,major,minor,45.66171054080623,11.11387418912082
run_0052,7,2023-11-15T19:04:01.149053+00:00,node_1,8.922917,OK,major,minor,45.66171054080623,11.11387418912082
run_0052,7,2023-11-15T19:04:01.237228+00:00,node_2,4.884953,OK,major,minor,45.66171054080623,11.11387418912082
run_0052,7,2023-11-15T19:04:01.188144+00:00,node_3,4.26251,OK,major,minor,45.66171054080623,11.11387418912082
run_0052,8,2023-11-15T19:04:20.854735+00:00,node_1,8.930006,OK,major,minor,45.66171054080623,11.11387418912082
run_0052,8,2023-11-15T19:04:20.952131+00:00,node_2,4.775884,OK,major,minor,45.66171054080623,11.11387418912082
run_0052,8,2023-11-15T19:04:20.901368+00:00,node_3,4.332057,OK,major,minor,45.66171054080623,11.11387418912082
run_0052,9,2023-11-15T19:04:40.779317+00:00,node_1,8.992847,OK,major,minor,45.66171054080623,11.11387418912082
run_0052,9,2023-11-15T19:04:40.823215+00:00,node_2,4.920164,OK,major,minor,45.66171054080623,11.11387418912082
run_0052,9,2023-11-15T19:04:40.971224+00:00,node_3,4.140861,OK,major,minor,45.66171054080623,11.11387418912082
run_0052,10,2023-11-15T19:05:00.993117+00:00,node_1,8.927924,OK,major,minor,45.66171054080623,11.11387418912082
run_0052,10,2023-11-15T19:05:00.758795+00:00,node_2,4.979295,OK,major,minor,45.66171054080623,11.11387418912082
run_0052,10,2023-11-15T19:05:00.991135+00:00,node_3,4.270551,OK,major,minor,45.66171054080623,11.11387418912082
run_0052,11,2023-11-15T19:05:21.190349+00:00,node_1,8.65568,OK,major,minor,45.66171054080623,11.11387418912082
run_0052,11,2023-11-15T19:05:20.951738+00:00,node_2,4.742596,OK,major,minor,45.66171054080623,11.11387418912082
run_0052,11,2023-11-15T19:05:20.992847+00:00,node_3,4.177109,OK,major,minor,45.66171054080623,11.11387418912082
run_0052,12,2023-11-15T19:05:41.091924+00:00,node_1,12.065151,OK,major,minor,45.66171054080623,11.11387418912082
run_0052,12,2023-11-15T19:05:40.955423+00:00,node_2,6.626506,OK,major,minor,45.66171054080623,11.11387418912082
run_0052,12,2023-11-15T19:05:41.093975+00:00,node_3,5.771334,OK,major,minor,45.66171054080623,11.11387418912082
run_0052,13,2023-11-15T19:06:00.930828+00:00,node_1,12.200213,OK,major,minor,45.66171054080623,11.11387418912082
run_0052,13,2023-11-15T19:06:00.785231+00:00,node_2,6.517856,OK,major,minor,45.66171054080623,11.11387418912082
run_0052,13,2023-11-15T19:06:00.774855+00:00,node_3,5.629861,OK,major,minor,45.66171054080623,11.11387418912082
run_0052,14,2023-11-15T19:06:20.756090+00:00,node_1,11.425409,OK,major,minor,45.66171054080623,11.11387418912082
run_0052,14,2023-11-15T19:06:20.894000+00:00,node_2,6.528557,OK,major,minor,45.66171054080623,11.11387418912082
run_0052,14,2023-11-15T19:06:20.787405+00:00,node_3,5.730285,OK,major,minor,45.66171054080623,11.11387418912082
run_0052,15,2023-11-15T19:06:40.938126+00:00,node_1,11.804327,OK,major,minor,45.66171054080623,11.11387418912082
run_0052,15,2023-11-15T19:06:40.953822+00:00,node_2,6.44079,OK,major,minor,45.66171054080623,11.11387418912082
run_0052,15,2023-11-15T19:06:40.953580+00:00,node_3,5.75996,OK,major,minor,45.66171054080623,11.11387418912082
run_0052,16,2023-11-15T19:07:01.147122+00:00,node_1,11.494276,OK,major,minor,45.66171054080623,11.11387418912082
run_0052,16,2023-11-15T19:07:01.329948+00:00,node_2,6.100378,OK,major,minor,45.66171054080623,11.11387418912082
run_0052,16,2023-11-15T19:07:01.138238+00:00,node_3,5.502784,OK,major,minor,45.66171054080623,11.11387418912082
run_0052,17,2023-11-15T19:07:21.233007+00:00,node_1,11.662499,OK,major,minor,45.66171054080623,11.11387418912082
run_0052,17,2023-11-15T19:07:21.568502+00:00,node_2,6.656476,OK,major,minor,45.66171054080623,11.11387418912082
run_0052,17,2023-11-15T19:07:21.506415+00:00,node_3,5.596146,OK,major,minor,45.66171054080623,11.11387418912082
run_0052,18,2023-11-15T19:07:41.464339+00:00,node_1,11.881978,OK,major,minor,45.66171054080623,11.11387418912082
run_0052,18,2023-11-15T19:07:41.444583+00:00,node_2,6.42004,OK,major,minor,45.66171054080623,11.11387418912082
run_0052,18,2023-11-15T19:07:41.272936+00:00,node_3,5.644523,OK,major,minor,45.66171054080623,11.11387418912082
run_0052,19,2023-11-15T19:08:01.290977+00:00,node_1,11.624405,OK,major,minor,45.66171054080623,11.11387418912082
run_0052,19,2023-11-15T19:08:01.260826+00:00,node_2,6.564464,OK,major,minor,45.66171054080623,11.11387418912082
run_0052,19,2023-11-15T19:08:01.238423+00:00,node_3,5.833156,OK,major,minor,45.66171054080623,11.11387418912082
run_0052,20,2023-11-15T19:08:21.149271+00:00,node_1,11.736867,OK,major,minor,45.66171054080623,11.11387418912082
run_0052,20,2023-11-15T19:08:21.228679+00:00,node_2,6.391074,OK,major,minor,45.66171054080623,11.11387418912082
run_0052,20,2023-11-15T19:08:21.400245+00:00,node_3,5.707579,OK,major,minor,45.66171054080623,11.11387418912082
run_0052,21,2023-11-15T19:08:41.312784+00:00,node_1,11.897529,OK,major,minor,45.66171054080623,11.11387418912082
run_0052,21,2023-11-15T19:08:41.344707+00:00,node_2,6.499787,OK,major,minor,45.66171054080623,11.11387418912082
run_0052,21,2023-11-15T19:08:41.426053+00:00,node_3,5.568461,OK,major,minor,45.66171054080623,11.11387418912082
run_0052,22,2023-11-15T19:09:01.927696+00:00,node_1,11.733045,OK,major,minor,45.66171054080623,11.11387418912082
run_0052,22,2023-11-15T19:09:01.767162+00:00,node_2,6.45259,OK,major,minor,45.66171054080623,11.11387418912082
run_0052,22,2023-11-15T19:09:01.842489+00:00,node_3,5.636186,OK,major,minor,45.66171054080623,11.11387418912082
run_0052,23,2023-11-15T19:09:21.600293+00:00,node_1,11.762608,OK,major,minor,45.66171054080623,11.11387418912082
run_0052,23,2023-11-15T19:09:21.746536+00:00,node_2,6.568301,OK,major,minor,45.66171054080623,11.11387418912082
run_0052,23,2023-11-15T19:09:21.835910+00:00,node_3,5.718671,OK,major,minor,45.66171054080623,11.11387418912082
run_0052,24,2023-11-15T19:09:41.484909+00:00,node_1,9.974675,OK,major,minor,45.66171054080623,11.11387418912082
run_0052,24,2023-11-15T19:09:41.491924+00:00,node_2,5.185877,OK,major,minor,45.66171054080623,11.11387418912082
run_0052,24,2023-11-15T19:09:41.601120+00:00,node_3,4.52533,OK,major,minor,45.66171054080623,11.11387418912082
run_0052,25,2023-11-15T19:10:01.544287+00:00,node_1,9.543159,OK,major,minor,45.66171054080623,11.11387418912082
run_0052,25,2023-11-15T19:10:01.467049+00:00,node_2,5.270493,OK,major,minor,45.66171054080623,11.11387418912082
run_0052,25,2023-11-15T19:10:01.586163+00:00,node_3,4.701493,OK,major,minor,45.66171054080623,11.11387418912082
run_0052,26,2023-11-15T19:10:21.174238+00:00,node_1,9.482988,OK,major,minor,45.66171054080623,11.11387418912082
run_0052,26,2023-11-15T19:10:21.202358+00:00,node_2,5.142952,OK,major,minor,45.66171054080623,11.11387418912082
run_0052,26,2023-11-15T19:10:21.425316+00:00,node_3,4.628741,OK,major,minor,45.66171054080623,11.11387418912082
run_0052,27,2023-11-15T19:10:41.297511+00:00,node_1,9.524545,OK,major,minor,45.66171054080623,11.11387418912082
run_0052,27,2023-11-15T19:10:41.291258+00:00,node_2,5.118797,OK,major,minor,45.66171054080623,11.11387418912082
run_0052,27,2023-11-15T19:10:41.423616+00:00,node_3,4.572603,OK,major,minor,45.66171054080623,11.11387418912082
run_0052,28,2023-11-15T19:11:01.727459+00:00,node_1,9.439961,OK,major,minor,45.66171054080623,11.11387418912082
run_0052,28,2023-11-15T19:11:01.622262+00:00,node_2,5.020888,OK,major,minor,45.66171054080623,11.11387418912082
run_0052,28,2023-11-15T19:11:01.580292+00:00,node_3,4.631795,OK,major,minor,45.66171054080623,11.11387418912082
run_0052,29,2023-11-15T19:11:21.966363+00:00,node_1,9.461242,OK,major,minor,45.66171054080623,11.11387418912082
run_0052,29,2023-11-15T19:11:21.986832+00:00,node_2,4.991781,OK,major,minor,45.66171054080623,11.11387418912082
run_0052,29,2023-11-15T19:11:21.900348+00:00,node_3,4.573088,OK,major,minor,45.66171054080623,11.11387418912082
run_0052,30,2023-11-15T19:11:42.195638+00:00,node_1,9.279452,OK,major,minor,45.66171054080623,11.11387418912082
run_0052,30,2023-11-15T19:11:42.214454+00:00,node_2,5.032102,OK,major,minor,45.66171054080623,11.11387418912082
run_0052,30,2023-11-15T19:11:42.087012+00:00,node_3,4.498476,OK,major,minor,45.66171054080623,11.11387418912082
run_0052,31,2023-11-15T19:12:02.092986+00:00,node_1,9.668925,OK,normal,normal,0.0,0.0
run_0052,31,2023-11-15T19:12:02.383976+00:00,node_2,9.621084,OK,normal,normal,0.0,0.0
run_0052,31,2023-11-15T19:12:02.275816+00:00,node_3,9.225063,OK,normal,normal,0.0,0.0
run_0052,32,2023-11-15T19:12:22.517283+00:00,node_1,9.485595,OK,normal,normal,0.0,0.0
run_0052,32,2023-11-15T19:12:22.613704+00:00,node_2,9.714894,OK,normal,normal,0.0,0.0
run_0052,32,2023-11-15T19:12:22.632878+00:00,node_3,9.795375,OK,normal,normal,0.0,0.0
run_0052,33,2023-11-15T19:12:42.872872+00:00,node_1,9.257828,OK,normal,normal,0.0,0.0
run_0052,33,2023-11-15T19:12:42.813820+00:00,node_2,9.660932,OK,normal,normal,0.0,0.0
run_0052,33,2023-11-15T19:12:42.835893+00:00,node_3,9.283787,OK,normal,normal,0.0,0.0
run_0052,34,2023-11-15T19:13:02.435393+00:00,node_1,9.386398,OK,normal,normal,0.0,0.0
run_0052,34,2023-11-15T19:13:02.466576+00:00,node_2,9.255804,OK,normal,normal,0.0,0.0
run_0052,34,2023-11-15T19:13:02.599809+00:00,node_3,9.158334,OK,normal,normal,0.0,0.0
run_0052,35,2023-11-15T19:13:22.807609+00:00,node_1,9.72541,OK,normal,normal,0.0,0.0
run_0052,35,2023-11-15T19:13:22.942227+00:00,node_2,9.295961,OK,normal,normal,0.0,0.0
run_0052,35,2023-11-15T19:13:22.979231+00:00,node_3,9.571965,OK,normal,normal,0.0,0.0
run_0053,0,2023-11-15T19:25:39.918803+00:00,node_1,10.695922,OK,normal,normal,0.0,0.0
run_0053,0,2023-11-15T19:25:39.681015+00:00,node_2,9.999602,OK,normal,normal,0.0,0.0
run_0053,0,2023-11-15T19:25:39.787561+00:00,node_3,10.100629,OK,normal,normal,0.0,0.0
run_0053,1,2023-11-15T19:25:59.943444+00:00,node_1,10.194487,OK,normal,normal,0.0,0.0
run_0053,1,2023-11-15T19:25:59.890901+00:00,node_2,10.332428,OK,normal,normal,0.0,0.0
run_0053,1,2023-11-15T19:25:59.967321+00:00,node_3,10.427191,OK,normal,normal,0.0,0.0
run_0053,2,2023-11-15T19:26:20.388664+00:00,node_1,10.300376,OK,normal,normal,0.0,0.0
run_0053,2,2023-11-15T19:26:20.547737+00:00,node_2,10.363782,OK,normal,normal,0.0,0.0
run_0053,2,2023-11-15T19:26:20.320334+00:00,node_3,10.397686,OK,normal,normal,0.0,0.0
run_0053,3,2023-11-15T19:26:40.350457+00:00,node_1,10.037036,OK,normal,normal,0.0,0.0
run_0053,3,2023-11-15T19:26:40.554346+00:00,node_2,10.351144,OK,normal,normal,0.0,0.0
run_0053,3,2023-11-15T19:26:40.292669+00:00,node_3,10.490771,OK,normal,normal,0.0,0.0
run_0053,4,2023-11-15T19:27:00.833025+00:00,node_1,10.455739,OK,normal,normal,0.0,0.0
run_0053,4,2023-11-15T19:27:00.841182+00:00,node_2,10.050641,OK,normal,normal,0.0,0.0
run_0053,4,2023-11-15T19:27:00.593958+00:00,node_3,10.193553,OK,normal,normal,0.0,0.0
run_0053,5,2023-11-15T19:27:20.885132+00:00,node_1,9.912264,OK,major,major,32.24606984241591,48.547458652325034
run_0053,5,2023-11-15T19:27:20.758770+00:00,node_2,6.71044,OK,major,major,32.24606984241591,48.547458652325034
run_0053,5,2023-11-15T19:27:20.670927+00:00,node_3,3.547407,OK,major,major,32.24606984241591,48.547458652325034
run_0053,6,2023-11-15T19:27:40.448547+00:00,node_1,9.997043,OK,major,major,32.24606984241591,48.547458652325034
run_0053,6,2023-11-15T19:27:40.554641+00:00,node_2,6.855724,OK,major,major,32.24606984241591,48.547458652325034
run_0053,6,2023-11-15T19:27:40.457408+00:00,node_3,3.590049,OK,major,major,32.24606984241591,48.547458652325034
run_0053,7,2023-11-15T19:28:00.347393+00:00,node_1,10.082788,OK,major,major,32.24606984241591,48.547458652325034
run_0053,7,2023-11-15T19:28:00.059627+00:00,node_2,6.994725,OK,major,major,32.24606984241591,48.547458652325034
run_0053,7,2023-11-15T19:28:00.069216+00:00,node_3,3.566481,OK,major,major,32.24606984241591,48.547458652325034
run_0053,8,2023-11-15T19:28:20.628485+00:00,node_1,9.958916,OK,major,major,32.24606984241591,48.547458652325034
run_0053,8,2023-11-15T19:28:20.312974+00:00,node_2,6.843253,OK,major,major,32.24606984241591,48.547458652325034
run_0053,8,2023-11-15T19:28:20.620484+00:00,node_3,3.557343,OK,major,major,32.24606984241591,48.547458652325034
run_0053,9,2023-11-15T19:28:40.376230+00:00,node_1,10.669886,OK,major,major,32.24606984241591,48.547458652325034
run_0053,9,2023-11-15T19:28:40.076501+00:00,node_2,6.984812,OK,major,major,32.24606984241591,48.547458652325034
run_0053,9,2023-11-15T19:28:40.247690+00:00,node_3,3.593217,OK,major,major,32.24606984241591,48.547458652325034
run_0053,10,2023-11-15T19:29:00.379490+00:00,node_1,10.042341,OK,major,major,32.24606984241591,48.547458652325034
run_0053,10,2023-11-15T19:29:00.431379+00:00,node_2,7.058407,OK,major,major,32.24606984241591,48.547458652325034
run_0053,10,2023-11-15T19:29:00.501693+00:00,node_3,3.601843,OK,major,major,32.24606984241591,48.547458652325034
run_0053,11,2023-11-15T19:29:20.506662+00:00,node_1,10.618395,OK,major,major,32.24606984241591,48.547458652325034
run_0053,11,2023-11-15T19:29:20.616167+00:00,node_2,7.112729,OK,major,major,32.24606984241591,48.547458652325034
run_0053,11,2023-11-15T19:29:20.512296+00:00,node_3,3.608676,OK,major,major,32.24606984241591,48.547458652325034
run_0053,12,2023-11-15T19:29:40.522283+00:00,node_1,8.417628,OK,major,major,32.24606984241591,48.547458652325034
run_0053,12,2023-11-15T19:29:40.585815+00:00,node_2,5.716554,OK,major,major,32.24606984241591,48.547458652325034
run_0053,12,2023-11-15T19:29:40.550148+00:00,node_3,2.966294,OK,major,major,32.24606984241591,48.547458652325034
run_0053,13,2023-11-15T19:30:00.838967+00:00,node_1,8.206648,OK,major,major,32.24606984241591,48.547458652325034
run_0053,13,2023-11-15T19:30:00.894681+00:00,node_2,5.622343,OK,major,major,32.24606984241591,48.547458652325034
run_0053,13,2023-11-15T19:30:00.950754+00:00,node_3,2.904009,OK,major,major,32.24606984241591,48.547458652325034
run_0053,14,2023-11-15T19:30:20.375536+00:00,node_1,8.561358,OK,major,major,32.24606984241591,48.547458652325034
run_0053,14,2023-11-15T19:30:20.612403+00:00,node_2,5.711909,OK,major,major,32.24606984241591,48.547458652325034
run_0053,14,2023-11-15T19:30:20.502331+00:00,node_3,2.970671,OK,major,major,32.24606984241591,48.547458652325034
run_0053,15,2023-11-15T19:30:40.806115+00:00,node_1,8.009833,OK,major,major,32.24606984241591,48.547458652325034
run_0053,15,2023-11-15T19:30:40.751324+00:00,node_2,5.675623,OK,major,major,32.24606984241591,48.547458652325034
run_0053,15,2023-11-15T19:30:40.794007+00:00,node_3,2.886446,OK,major,major,32.24606984241591,48.547458652325034
run_0053,16,2023-11-15T19:31:00.266678+00:00,node_1,8.269024,OK,major,major,32.24606984241591,48.547458652325034
run_0053,16,2023-11-15T19:31:00.313890+00:00,node_2,5.456144,OK,major,major,32.24606984241591,48.547458652325034
run_0053,16,2023-11-15T19:31:00.482502+00:00,node_3,2.888226,OK,major,major,32.24606984241591,48.547458652325034
run_0053,17,2023-11-15T19:31:20.686504+00:00,node_1,8.331167,OK,major,major,32.24606984241591,48.547458652325034
run_0053,17,2023-11-15T19:31:20.494540+00:00,node_2,5.648936,OK,major,major,32.24606984241591,48.547458652325034
run_0053,17,2023-11-15T19:31:20.696695+00:00,node_3,2.955437,OK,major,major,32.24606984241591,48.547458652325034
run_0053,18,2023-11-15T19:31:40.662056+00:00,node_1,8.315206,OK,major,major,32.24606984241591,48.547458652325034
run_0053,18,2023-11-15T19:31:40.919987+00:00,node_2,5.807514,OK,major,major,32.24606984241591,48.547458652325034
run_0053,18,2023-11-15T19:31:40.587245+00:00,node_3,2.924046,OK,major,major,32.24606984241591,48.547458652325034
run_0053,19,2023-11-15T19:32:00.593124+00:00,node_1,8.71751,OK,major,major,32.24606984241591,48.547458652325034
run_0053,19,2023-11-15T19:32:00.743634+00:00,node_2,5.676352,OK,major,major,32.24606984241591,48.547458652325034
run_0053,19,2023-11-15T19:32:00.645194+00:00,node_3,2.901551,OK,major,major,32.24606984241591,48.547458652325034
run_0053,20,2023-11-15T19:32:20.890343+00:00,node_1,8.60678,OK,major,major,32.24606984241591,48.547458652325034
run_0053,20,2023-11-15T19:32:20.895061+00:00,node_2,5.744471,OK,major,major,32.24606984241591,48.547458652325034
run_0053,20,2023-11-15T19:32:20.866762+00:00,node_3,2.920528,OK,major,major,32.24606984241591,48.547458652325034
run_0053,21,2023-11-15T19:32:40.337679+00:00,node_1,8.195802,OK,major,major,32.24606984241591,48.547458652325034
run_0053,21,2023-11-15T19:32:40.378303+00:00,node_2,5.884176,OK,major,major,32.24606984241591,48.547458652325034
run_0053,21,2023-11-15T19:32:40.441028+00:00,node_3,3.006983,OK,major,major,32.24606984241591,48.547458652325034
run_0053,22,2023-11-15T19:33:00.416609+00:00,node_1,8.484707,OK,major,major,32.24606984241591,48.547458652325034
run_0053,22,2023-11-15T19:33:00.354738+00:00,node_2,5.543576,OK,major,major,32.24606984241591,48.547458652325034
run_0053,22,2023-11-15T19:33:00.280750+00:00,node_3,3.039292,OK,major,major,32.24606984241591,48.547458652325034
run_0053,23,2023-11-15T19:33:20.633401+00:00,node_1,8.293763,OK,major,major,32.24606984241591,48.547458652325034
run_0053,23,2023-11-15T19:33:20.792127+00:00,node_2,5.973643,OK,major,major,32.24606984241591,48.547458652325034
run_0053,23,2023-11-15T19:33:20.767872+00:00,node_3,2.94681,OK,major,major,32.24606984241591,48.547458652325034
run_0053,24,2023-11-15T19:33:40.592333+00:00,node_1,8.938155,OK,major,major,32.24606984241591,48.547458652325034
run_0053,24,2023-11-15T19:33:40.738304+00:00,node_2,6.192536,OK,major,major,32.24606984241591,48.547458652325034
run_0053,24,2023-11-15T19:33:40.525195+00:00,node_3,3.150202,OK,major,major,32.24606984241591,48.547458652325034
run_0053,25,2023-11-15T19:34:00.692871+00:00,node_1,9.018372,OK,major,major,32.24606984241591,48.547458652325034
run_0053,25,2023-11-15T19:34:01.002726+00:00,node_2,6.023219,OK,major,major,32.24606984241591,48.547458652325034
run_0053,25,2023-11-15T19:34:00.779234+00:00,node_3,3.224114,OK,major,major,32.24606984241591,48.547458652325034
run_0053,26,2023-11-15T19:34:20.724907+00:00,node_1,8.777078,OK,major,major,32.24606984241591,48.547458652325034
run_0053,26,2023-11-15T19:34:20.735260+00:00,node_2,6.024598,OK,major,major,32.24606984241591,48.547458652325034
run_0053,26,2023-11-15T19:34:20.565310+00:00,node_3,3.11158,OK,major,major,32.24606984241591,48.547458652325034
run_0053,27,2023-11-15T19:34:40.614078+00:00,node_1,9.191849,OK,major,major,32.24606984241591,48.547458652325034
run_0053,27,2023-11-15T19:34:40.616568+00:00,node_2,5.950402,OK,major,major,32.24606984241591,48.547458652325034
run_0053,27,2023-11-15T19:34:40.506821+00:00,node_3,3.181918,OK,major,major,32.24606984241591,48.547458652325034
run_0053,28,2023-11-15T19:35:00.171691+00:00,node_1,8.902003,OK,major,major,32.24606984241591,48.547458652325034
run_0053,28,2023-11-15T19:35:00.544954+00:00,node_2,5.885115,OK,major,major,32.24606984241591,48.547458652325034
run_0053,28,2023-11-15T19:35:00.294526+00:00,node_3,3.167463,OK,major,major,32.24606984241591,48.547458652325034
run_0053,29,2023-11-15T19:35:20.277703+00:00,node_1,9.097373,OK,major,major,32.24606984241591,48.547458652325034
run_0053,29,2023-11-15T19:35:20.186314+00:00,node_2,6.224171,OK,major,major,32.24606984241591,48.547458652325034
run_0053,29,2023-11-15T19:35:20.259548+00:00,node_3,3.201318,OK,major,major,32.24606984241591,48.547458652325034
run_0053,30,2023-11-15T19:35:40.093226+00:00,node_1,8.758023,OK,major,major,32.24606984241591,48.547458652325034
run_0053,30,2023-11-15T19:35:39.784981+00:00,node_2,5.930037,OK,major,major,32.24606984241591,48.547458652325034
run_0053,30,2023-11-15T19:35:40.138910+00:00,node_3,3.084979,OK,major,major,32.24606984241591,48.547458652325034
run_0053,31,2023-11-15T19:36:00.167802+00:00,node_1,8.904062,OK,normal,normal,0.0,0.0
run_0053,31,2023-11-15T19:36:00.073096+00:00,node_2,8.878701,OK,normal,normal,0.0,0.0
run_0053,31,2023-11-15T19:36:00.214859+00:00,node_3,8.847621,OK,normal,normal,0.0,0.0
run_0053,32,2023-11-15T19:36:20.311923+00:00,node_1,8.81372,OK,normal,normal,0.0,0.0
run_0053,32,2023-11-15T19:36:20.056038+00:00,node_2,8.694815,OK,normal,normal,0.0,0.0
run_0053,32,2023-11-15T19:36:20.331762+00:00,node_3,8.873433,OK,normal,normal,0.0,0.0
run_0053,33,2023-11-15T19:36:40.501400+00:00,node_1,8.747737,OK,normal,normal,0.0,0.0
run_0053,33,2023-11-15T19:36:40.521807+00:00,node_2,9.067925,OK,normal,normal,0.0,0.0
run_0053,33,2023-11-15T19:36:40.607984+00:00,node_3,8.983271,OK,normal,normal,0.0,0.0
run_0053,34,2023-11-15T19:37:00.554648+00:00,node_1,9.000763,OK,normal,normal,0.0,0.0
run_0053,34,2023-11-15T19:37:00.316776+00:00,node_2,8.773192,OK,normal,normal,0.0,0.0
run_0053,34,2023-11-15T19:37:00.326652+00:00,node_3,9.135718,OK,normal,normal,0.0,0.0
run_0053,35,2023-11-15T19:37:20.457294+00:00,node_1,9.24935,OK,normal,normal,0.0,0.0
run_0053,35,2023-11-15T19:37:20.660055+00:00,node_2,8.83635,OK,normal,normal,0.0,0.0
run_0053,35,2023-11-15T19:37:20.658627+00:00,node_3,8.948193,OK,normal,normal,0.0,0.0
run_0054,0,2023-11-15T19:49:39.503333+00:00,node_1,9.019533,OK,normal,normal,0.0,0.0
run_0054,0,2023-11-15T19:49:39.503894+00:00,node_2,8.838777,OK,normal,normal,0.0,0.0
run_0054,0,2023-11-15T19:49:39.584779+00:00,node_3,8.691457,OK,normal,normal,0.0,0.0
run_0054,1,2023-11-15T19:49:59.783504+00:00,node_1,8.963756,OK,normal,normal,0.0,0.0
run_0054,1,2023-11-15T19:50:00.011093+00:00,node_2,8.897137,OK,normal,normal,0.0,0.0
run_0054,1,2023-11-15T19:49:59.713389+00:00,node_3,9.134588,OK,normal,normal,0.0,0.0
run_0054,2,2023-11-15T19:50:20.029724+00:00,node_1,8.838731,OK,normal,normal,0.0,0.0
run_0054,2,2023-11-15T19:50:20.141863+00:00,node_2,8.851798,OK,normal,normal,0.0,0.0
run_0054,2,2023-11-15T19:50:19.911127+00:00,node_3,8.904145,OK,normal,normal,0.0,0.0
run_0054,3,2023-11-15T19:50:39.926110+00:00,node_1,9.131627,OK,normal,normal,0.0,0.0
run_0054,3,2023-11-15T19:50:39.710615+00:00,node_2,8.998665,OK,normal,normal,0.0,0.0
run_0054,3,2023-11-15T19:50:39.925790+00:00,node_3,8.668565,OK,normal,normal,0.0,0.0
run_0054,4,2023-11-15T19:50:59.831473+00:00,node_1,9.131605,OK,normal,normal,0.0,0.0
run_0054,4,2023-11-15T19:51:00.041165+00:00,node_2,8.905962,OK,normal,normal,0.0,0.0
run_0054,4,2023-11-15T19:51:00.200204+00:00,node_3,8.842425,OK,normal,normal,0.0,0.0
run_0054,5,2023-11-15T19:51:19.821138+00:00,node_1,8.684613,OK,normal,normal,0,0
run_0054,5,2023-11-15T19:51:19.479180+00:00,node_2,8.889412,OK,normal,normal,0,0
run_0054,5,2023-11-15T19:51:19.577686+00:00,node_3,8.882041,OK,normal,normal,0,0
run_0054,6,2023-11-15T19:51:39.892876+00:00,node_1,9.226345,OK,normal,normal,0,0
run_0054,6,2023-11-15T19:51:40.199090+00:00,node_2,8.939283,OK,normal,normal,0,0
run_0054,6,2023-11-15T19:51:39.995009+00:00,node_3,8.967176,OK,normal,normal,0,0
run_0054,7,2023-11-15T19:52:00.298063+00:00,node_1,8.685992,OK,normal,normal,0,0
run_0054,7,2023-11-15T19:52:00.395615+00:00,node_2,8.636976,OK,normal,normal,0,0
run_0054,7,2023-11-15T19:52:00.399273+00:00,node_3,8.729249,OK,normal,normal,0,0
run_0054,8,2023-11-15T19:52:20.224459+00:00,node_1,8.77911,OK,normal,normal,0,0
run_0054,8,2023-11-15T19:52:20.016040+00:00,node_2,8.763155,OK,normal,normal,0,0
run_0054,8,2023-11-15T19:52:20.063348+00:00,node_3,9.08554,OK,normal,normal,0,0
run_0054,9,2023-11-15T19:52:39.919259+00:00,node_1,9.109902,OK,normal,normal,0,0
run_0054,9,2023-11-15T19:52:39.911066+00:00,node_2,9.239459,OK,normal,normal,0,0
run_0054,9,2023-11-15T19:52:39.897916+00:00,node_3,9.105455,OK,normal,normal,0,0
run_0054,10,2023-11-15T19:52:59.838740+00:00,node_1,9.088096,OK,normal,normal,0,0
run_0054,10,2023-11-15T19:52:59.782001+00:00,node_2,9.253791,OK,normal,normal,0,0
run_0054,10,2023-11-15T19:52:59.777098+00:00,node_3,8.936873,OK,normal,normal,0,0
run_0054,11,2023-11-15T19:53:19.879393+00:00,node_1,9.06173,OK,normal,normal,0,0
run_0054,11,2023-11-15T19:53:19.939586+00:00,node_2,8.977769,OK,normal,normal,0,0
run_0054,11,2023-11-15T19:53:20.045843+00:00,node_3,8.685949,OK,normal,normal,0,0
run_0054,12,2023-11-15T19:53:40.470193+00:00,node_1,10.731762,OK,normal,normal,0,0
run_0054,12,2023-11-15T19:53:40.332576+00:00,node_2,10.813211,OK,normal,normal,0,0
run_0054,12,2023-11-15T19:53:40.299574+00:00,node_3,10.458355,OK,normal,normal,0,0
run_0054,13,2023-11-15T19:53:59.918875+00:00,node_1,10.939498,OK,normal,normal,0,0
run_0054,13,2023-11-15T19:53:59.945934+00:00,node_2,10.780407,OK,normal,normal,0,0
run_0054,13,2023-11-15T19:54:00.280258+00:00,node_3,10.398193,OK,normal,normal,0,0
run_0054,14,2023-11-15T19:54:20.351197+00:00,node_1,10.593282,OK,normal,normal,0,0
run_0054,14,2023-11-15T19:54:20.485738+00:00,node_2,10.590574,OK,normal,normal,0,0
run_0054,14,2023-11-15T19:54:20.495303+00:00,node_3,10.406406,OK,normal,normal,0,0
run_0054,15,2023-11-15T19:54:40.623716+00:00,node_1,10.409805,OK,normal,normal,0,0
run_0054,15,2023-11-15T19:54:40.950082+00:00,node_2,11.089504,OK,normal,normal,0,0
run_0054,15,2023-11-15T19:54:40.857456+00:00,node_3,11.02251,OK,normal,normal,0,0
run_0054,16,2023-11-15T19:55:00.966197+00:00,node_1,10.129736,OK,normal,normal,0,0
run_0054,16,2023-11-15T19:55:00.935635+00:00,node_2,10.137835,OK,normal,normal,0,0
run_0054,16,2023-11-15T19:55:00.983279+00:00,node_3,10.504882,OK,normal,normal,0,0
run_0054,17,2023-11-15T19:55:20.992832+00:00,node_1,10.553791,OK,normal,normal,0,0
run_0054,17,2023-11-15T19:55:21.289607+00:00,node_2,10.685096,OK,normal,normal,0,0
run_0054,17,2023-11-15T19:55:21.079956+00:00,node_3,10.44019,OK,normal,normal,0,0
run_0054,18,2023-11-15T19:55:41.124193+00:00,node_1,10.572561,OK,normal,normal,0,0
run_0054,18,2023-11-15T19:55:40.952666+00:00,node_2,10.473724,OK,normal,normal,0,0
run_0054,18,2023-11-15T19:55:41.017082+00:00,node_3,10.693871,OK,normal,normal,0,0
run_0054,19,2023-11-15T19:56:01.387271+00:00,node_1,10.690574,OK,normal,normal,0,0
run_0054,19,2023-11-15T19:56:01.534585+00:00,node_2,10.539229,OK,normal,normal,0,0
run_0054,19,2023-11-15T19:56:01.534396+00:00,node_3,10.648454,OK,normal,normal,0,0
run_0054,20,2023-11-15T19:56:21.138350+00:00,node_1,10.842211,OK,normal,normal,0,0
run_0054,20,2023-11-15T19:56:21.164881+00:00,node_2,10.649137,OK,normal,normal,0,0
run_0054,20,2023-11-15T19:56:21.458144+00:00,node_3,10.631278,OK,normal,normal,0,0
run_0054,21,2023-11-15T19:56:41.481181+00:00,node_1,10.335401,OK,normal,normal,0,0
run_0054,21,2023-11-15T19:56:41.301395+00:00,node_2,10.139025,OK,normal,normal,0,0
run_0054,21,2023-11-15T19:56:41.531703+00:00,node_3,10.75552,OK,normal,normal,0,0
run_0054,22,2023-11-15T19:57:01.494077+00:00,node_1,10.598036,OK,normal,normal,0,0
run_0054,22,2023-11-15T19:57:01.172158+00:00,node_2,10.681966,OK,normal,normal,0,0
run_0054,22,2023-11-15T19:57:01.296761+00:00,node_3,10.658427,OK,normal,normal,0,0
run_0054,23,2023-11-15T19:57:21.641656+00:00,node_1,10.995654,OK,normal,normal,0,0
run_0054,23,2023-11-15T19:57:21.343218+00:00,node_2,10.451125,OK,normal,normal,0,0
run_0054,23,2023-11-15T19:57:21.685445+00:00,node_3,10.720041,OK,normal,normal,0,0
run_0054,24,2023-11-15T19:57:41.715843+00:00,node_1,9.027774,OK,normal,normal,0,0
run_0054,24,2023-11-15T19:57:41.590426+00:00,node_2,8.528648,OK,normal,normal,0,0
run_0054,24,2023-11-15T19:57:41.482275+00:00,node_3,8.619073,OK,normal,normal,0,0
run_0054,25,2023-11-15T19:58:02.047732+00:00,node_1,8.425938,OK,normal,normal,0,0
run_0054,25,2023-11-15T19:58:02.040279+00:00,node_2,8.529194,OK,normal,normal,0,0
run_0054,25,2023-11-15T19:58:02.138186+00:00,node_3,8.513862,OK,normal,normal,0,0
run_0054,26,2023-11-15T19:58:22.369191+00:00,node_1,8.545566,OK,normal,normal,0,0
run_0054,26,2023-11-15T19:58:22.231194+00:00,node_2,8.589216,OK,normal,normal,0,0
run_0054,26,2023-11-15T19:58:22.369983+00:00,node_3,8.775181,OK,normal,normal,0,0
run_0054,27,2023-11-15T19:58:41.771662+00:00,node_1,8.68947,OK,normal,normal,0,0
run_0054,27,2023-11-15T19:58:41.786642+00:00,node_2,8.873576,OK,normal,normal,0,0
run_0054,27,2023-11-15T19:58:41.802694+00:00,node_3,8.668523,OK,normal,normal,0,0
run_0054,28,2023-11-15T19:59:02.460947+00:00,node_1,8.863389,OK,normal,normal,0,0
run_0054,28,2023-11-15T19:59:02.180762+00:00,node_2,8.459175,OK,normal,normal,0,0
run_0054,28,2023-11-15T19:59:02.331752+00:00,node_3,8.759328,OK,normal,normal,0,0
run_0054,29,2023-11-15T19:59:22.403684+00:00,node_1,8.586111,OK,normal,normal,0,0
run_0054,29,2023-11-15T19:59:22.435467+00:00,node_2,8.510549,OK,normal,normal,0,0
run_0054,29,2023-11-15T19:59:22.541969+00:00,node_3,8.670373,OK,normal,normal,0,0
run_0054,30,2023-11-15T19:59:42.296041+00:00,node_1,8.890516,OK,normal,normal,0,0
run_0054,30,2023-11-15T19:59:42.130103+00:00,node_2,8.701431,OK,normal,normal,0,0
run_0054,30,2023-11-15T19:59:42.069768+00:00,node_3,8.509372,OK,normal,normal,0,0
run_0054,31,2023-11-15T20:00:02.084175+00:00,node_1,8.799512,OK,normal,normal,0.0,0.0
run_0054,31,2023-11-15T20:00:02.301069+00:00,node_2,8.860042,OK,normal,normal,0.0,0.0
run_0054,31,2023-11-15T20:00:02.288302+00:00,node_3,8.544512,OK,normal,normal,0.0,0.0
run_0054,32,2023-11-15T20:00:22.210537+00:00,node_1,8.462712,OK,normal,normal,0.0,0.0
run_0054,32,2023-11-15T20:00:22.170486+00:00,node_2,9.05847,OK,normal,normal,0.0,0.0
run_0054,32,2023-11-15T20:00:21.927776+00:00,node_3,8.701614,OK,normal,normal,0.0,0.0
run_0054,33,2023-11-15T20:00:41.791958+00:00,node_1,8.309826,OK,normal,normal,0.0,0.0
run_0054,33,2023-11-15T20:00:41.757072+00:00,node_2,8.729224,OK,normal,normal,0.0,0.0
run_0054,33,2023-11-15T20:00:41.877784+00:00,node_3,8.671741,OK,normal,normal,0.0,0.0
run_0054,34,2023-11-15T20:01:01.339556+00:00,node_1,8.922705,OK,normal,normal,0.0,0.0
run_0054,34,2023-11-15T20:01:01.442150+00:00,node_2,8.836338,OK,normal,normal,0.0,0.0
run_0054,34,2023-11-15T20:01:01.451618+00:00,node_3,8.970979,OK,normal,normal,0.0,0.0
run_0054,35,2023-11-15T20:01:21.173652+00:00,node_1,8.770459,OK,normal,normal,0.0,0.0
run_0054,35,2023-11-15T20:01:21.162160+00:00,node_2,8.833053,OK,normal,normal,0.0,0.0
run_0054,35,2023-11-15T20:01:21.057801+00:00,node_3,8.743757,OK,normal,normal,0.0,0.0
run_0055,0,2023-11-15T20:13:40.179954+00:00,node_1,9.600183,OK,normal,normal,0.0,0.0
run_0055,0,2023-11-15T20:13:40.430446+00:00,node_2,9.912137,OK,normal,normal,0.0,0.0
run_0055,0,2023-11-15T20:13:40.381438+00:00,node_3,10.138606,OK,normal,normal,0.0,0.0
run_0055,1,2023-11-15T20:14:00.513126+00:00,node_1,9.949402,OK,normal,normal,0.0,0.0
run_0055,1,2023-11-15T20:14:00.205366+00:00,node_2,9.773931,OK,normal,normal,0.0,0.0
run_0055,1,2023-11-15T20:14:00.198454+00:00,node_3,10.047031,OK,normal,normal,0.0,0.0
run_0055,2,2023-11-15T20:14:20.298214+00:00,node_1,9.680397,OK,normal,normal,0.0,0.0
run_0055,2,2023-11-15T20:14:20.350950+00:00,node_2,9.877521,OK,normal,normal,0.0,0.0
run_0055,2,2023-11-15T20:14:20.233939+00:00,node_3,9.469281,OK,normal,normal,0.0,0.0
run_0055,3,2023-11-15T20:14:40.556412+00:00,node_1,9.786298,OK,normal,normal,0.0,0.0
run_0055,3,2023-11-15T20:14:40.731153+00:00,node_2,9.898,OK,normal,normal,0.0,0.0
run_0055,3,2023-11-15T20:14:40.499382+00:00,node_3,9.673826,OK,normal,normal,0.0,0.0
run_0055,4,2023-11-15T20:15:00.588352+00:00,node_1,9.980435,OK,normal,normal,0.0,0.0
run_0055,4,2023-11-15T20:15:00.472005+00:00,node_2,9.64029,OK,normal,normal,0.0,0.0
run_0055,4,2023-11-15T20:15:00.572001+00:00,node_3,10.148166,OK,normal,normal,0.0,0.0
run_0055,5,2023-11-15T20:15:20.289120+00:00,node_1,10.177348,OK,normal,minor,0,12.556055019820894
run_0055,5,2023-11-15T20:15:20.516671+00:00,node_2,9.65345,OK,normal,minor,0,12.556055019820894
run_0055,5,2023-11-15T20:15:20.268297+00:00,node_3,8.439835,OK,normal,minor,0,12.556055019820894
run_0055,6,2023-11-15T20:15:40.673620+00:00,node_1,9.913406,OK,normal,minor,0,12.556055019820894
run_0055,6,2023-11-15T20:15:40.535328+00:00,node_2,9.647152,OK,normal,minor,0,12.556055019820894
run_0055,6,2023-11-15T20:15:40.422977+00:00,node_3,8.782739,OK,normal,minor,0,12.556055019820894
run_0055,7,2023-11-15T20:16:00.390719+00:00,node_1,9.870114,OK,normal,minor,0,12.556055019820894
run_0055,7,2023-11-15T20:16:00.380711+00:00,node_2,9.586947,OK,normal,minor,0,12.556055019820894
run_0055,7,2023-11-15T20:16:00.140566+00:00,node_3,8.573454,OK,normal,minor,0,12.556055019820894
run_0055,8,2023-11-15T20:16:19.959525+00:00,node_1,10.028456,OK,normal,minor,0,12.556055019820894
run_0055,8,2023-11-15T20:16:20.058175+00:00,node_2,9.695111,OK,normal,minor,0,12.556055019820894
run_0055,8,2023-11-15T20:16:19.931544+00:00,node_3,8.56945,OK,normal,minor,0,12.556055019820894
run_0055,9,2023-11-15T20:16:40.158157+00:00,node_1,10.102197,OK,normal,minor,0,12.556055019820894
run_0055,9,2023-11-15T20:16:40.109767+00:00,node_2,9.969733,OK,normal,minor,0,12.556055019820894
run_0055,9,2023-11-15T20:16:40.129771+00:00,node_3,8.80795,OK,normal,minor,0,12.556055019820894
run_0055,10,2023-11-15T20:16:59.790786+00:00,node_1,10.113675,OK,normal,minor,0,12.556055019820894
run_0055,10,2023-11-15T20:16:59.936992+00:00,node_2,10.142127,OK,normal,minor,0,12.556055019820894
run_0055,10,2023-11-15T20:16:59.863469+00:00,node_3,8.409517,OK,normal,minor,0,12.556055019820894
run_0055,11,2023-11-15T20:17:19.904366+00:00,node_1,9.925406,OK,normal,minor,0,12.556055019820894
run_0055,11,2023-11-15T20:17:19.904896+00:00,node_2,9.905461,OK,normal,minor,0,12.556055019820894
run_0055,11,2023-11-15T20:17:19.712991+00:00,node_3,8.663992,OK,normal,minor,0,12.556055019820894
run_0055,12,2023-11-15T20:17:39.884553+00:00,node_1,9.292964,OK,normal,minor,0,12.556055019820894
run_0055,12,2023-11-15T20:17:39.650976+00:00,node_2,9.151714,OK,normal,minor,0,12.556055019820894
run_0055,12,2023-11-15T20:17:39.655140+00:00,node_3,8.110089,OK,normal,minor,0,12.556055019820894
run_0055,13,2023-11-15T20:17:59.315710+00:00,node_1,9.147996,OK,normal,minor,0,12.556055019820894
run_0055,13,2023-11-15T20:17:59.451965+00:00,node_2,9.723121,OK,normal,minor,0,12.556055019820894
run_0055,13,2023-11-15T20:17:59.623725+00:00,node_3,8.491202,OK,normal,minor,0,12.556055019820894
run_0055,14,2023-11-15T20:18:19.678592+00:00,node_1,9.123497,OK,normal,minor,0,12.556055019820894
run_0055,14,2023-11-15T20:18:19.626539+00:00,node_2,9.214979,OK,normal,minor,0,12.556055019820894
run_0055,14,2023-11-15T20:18:19.763458+00:00,node_3,8.380366,OK,normal,minor,0,12.556055019820894
run_0055,15,2023-11-15T20:18:39.493543+00:00,node_1,9.343993,OK,normal,minor,0,12.556055019820894
run_0055,15,2023-11-15T20:18:39.536169+00:00,node_2,9.31779,OK,normal,minor,0,12.556055019820894
run_0055,15,2023-11-15T20:18:39.546759+00:00,node_3,7.971499,OK,normal,minor,0,12.556055019820894
run_0055,16,2023-11-15T20:18:59.531266+00:00,node_1,9.886449,OK,normal,minor,0,12.556055019820894
run_0055,16,2023-11-15T20:18:59.489569+00:00,node_2,9.055463,OK,normal,minor,0,12.556055019820894
run_0055,16,2023-11-15T20:18:59.401569+00:00,node_3,8.34474,OK,normal,minor,0,12.556055019820894
run_0055,17,2023-11-15T20:19:19.289036+00:00,node_1,9.210353,OK,normal,minor,0,12.556055019820894
run_0055,17,2023-11-15T20:19:19.416635+00:00,node_2,9.548572,OK,normal,minor,0,12.556055019820894
run_0055,17,2023-11-15T20:19:19.172944+00:00,node_3,8.302076,OK,normal,minor,0,12.556055019820894
run_0055,18,2023-11-15T20:19:39.413604+00:00,node_1,9.494198,OK,normal,minor,0,12.556055019820894
run_0055,18,2023-11-15T20:19:39.186284+00:00,node_2,9.292502,OK,normal,minor,0,12.556055019820894
run_0055,18,2023-11-15T20:19:39.054973+00:00,node_3,8.252222,OK,normal,minor,0,12.556055019820894
run_0055,19,2023-11-15T20:19:59.429214+00:00,node_1,9.469218,OK,normal,minor,0,12.556055019820894
run_0055,19,2023-11-15T20:19:59.523767+00:00,node_2,9.268663,OK,normal,minor,0,12.556055019820894
run_0055,19,2023-11-15T20:19:59.636035+00:00,node_3,8.225274,OK,normal,minor,0,12.556055019820894
run_0055,20,2023-11-15T20:20:19.179872+00:00,node_1,9.406375,OK,normal,minor,0,12.556055019820894
run_0055,20,2023-11-15T20:20:19.255899+00:00,node_2,9.665458,OK,normal,minor,0,12.556055019820894
run_0055,20,2023-11-15T20:20:18.947110+00:00,node_3,8.19164,OK,normal,minor,0,12.556055019820894
run_0055,21,2023-11-15T20:20:39.346612+00:00,node_1,9.479093,OK,normal,minor,0,12.556055019820894
run_0055,21,2023-11-15T20:20:39.507989+00:00,node_2,9.256842,OK,normal,minor,0,12.556055019820894
run_0055,21,2023-11-15T20:20:39.213649+00:00,node_3,8.171857,OK,normal,minor,0,12.556055019820894
run_0055,22,2023-11-15T20:20:59.579055+00:00,node_1,9.450093,OK,normal,minor,0,12.556055019820894
run_0055,22,2023-11-15T20:20:59.559039+00:00,node_2,9.507357,OK,normal,minor,0,12.556055019820894
run_0055,22,2023-11-15T20:20:59.458741+00:00,node_3,8.52572,OK,normal,minor,0,12.556055019820894
run_0055,23,2023-11-15T20:21:19.545150+00:00,node_1,9.3145,OK,normal,minor,0,12.556055019820894
run_0055,23,2023-11-15T20:21:19.633607+00:00,node_2,9.625536,OK,normal,minor,0,12.556055019820894
run_0055,23,2023-11-15T20:21:19.498349+00:00,node_3,8.251688,OK,normal,minor,0,12.556055019820894
run_0055,24,2023-11-15T20:21:39.188285+00:00,node_1,8.999818,OK,normal,minor,0,12.556055019820894
run_0055,24,2023-11-15T20:21:39.340307+00:00,node_2,8.717538,OK,normal,minor,0,12.556055019820894
run_0055,24,2023-11-15T20:21:39.490382+00:00,node_3,7.749196,OK,normal,minor,0,12.556055019820894
run_0055,25,2023-11-15T20:21:59.047405+00:00,node_1,8.623662,OK,normal,minor,0,12.556055019820894
run_0055,25,2023-11-15T20:21:59.150747+00:00,node_2,8.966021,OK,normal,minor,0,12.556055019820894
run_0055,25,2023-11-15T20:21:59.175517+00:00,node_3,7.738886,OK,normal,minor,0,12.556055019820894
run_0055,26,2023-11-15T20:22:19.229035+00:00,node_1,9.133366,OK,normal,minor,0,12.556055019820894
run_0055,26,2023-11-15T20:22:19.528097+00:00,node_2,9.096363,OK,normal,minor,0,12.556055019820894
run_0055,26,2023-11-15T20:22:19.211977+00:00,node_3,7.818799,OK,normal,minor,0,12.556055019820894
run_0055,27,2023-11-15T20:22:39.566562+00:00,node_1,9.067249,OK,normal,minor,0,12.556055019820894
run_0055,27,2023-11-15T20:22:39.593521+00:00,node_2,8.911047,OK,normal,minor,0,12.556055019820894
run_0055,27,2023-11-15T20:22:39.568968+00:00,node_3,7.372865,OK,normal,minor,0,12.556055019820894
run_0055,28,2023-11-15T20:22:59.882552+00:00,node_1,9.220074,OK,normal,minor,0,12.556055019820894
run_0055,28,2023-11-15T20:22:59.690519+00:00,node_2,9.117566,OK,normal,minor,0,12.556055019820894
run_0055,28,2023-11-15T20:22:59.829737+00:00,node_3,7.816745,OK,normal,minor,0,12.556055019820894
run_0055,29,2023-11-15T20:23:20.113984+00:00,node_1,9.053076,OK,normal,minor,0,12.556055019820894
run_0055,29,2023-11-15T20:23:19.834826+00:00,node_2,8.868867,OK,normal,minor,0,12.556055019820894
run_0055,29,2023-11-15T20:23:19.796051+00:00,node_3,7.821423,OK,normal,minor,0,12.556055019820894
run_0055,30,2023-11-15T20:23:39.771038+00:00,node_1,8.788334,OK,normal,minor,0,12.556055019820894
run_0055,30,2023-11-15T20:23:39.901536+00:00,node_2,9.171667,OK,normal,minor,0,12.556055019820894
run_0055,30,2023-11-15T20:23:39.845501+00:00,node_3,7.692617,OK,normal,minor,0,12.556055019820894
run_0055,31,2023-11-15T20:23:59.393368+00:00,node_1,9.249721,OK,normal,normal,0.0,0.0
run_0055,31,2023-11-15T20:23:59.471906+00:00,node_2,8.76149,OK,normal,normal,0.0,0.0
run_0055,31,2023-11-15T20:23:59.667763+00:00,node_3,8.776689,OK,normal,normal,0.0,0.0
run_0055,32,2023-11-15T20:24:19.474296+00:00,node_1,9.317788,OK,normal,normal,0.0,0.0
run_0055,32,2023-11-15T20:24:19.387248+00:00,node_2,9.318242,OK,normal,normal,0.0,0.0
run_0055,32,2023-11-15T20:24:19.725657+00:00,node_3,8.763353,OK,normal,normal,0.0,0.0
run_0055,33,2023-11-15T20:24:39.878980+00:00,node_1,8.798333,OK,normal,normal,0.0,0.0
run_0055,33,2023-11-15T20:24:39.862768+00:00,node_2,9.033581,OK,normal,normal,0.0,0.0
run_0055,33,2023-11-15T20:24:39.787742+00:00,node_3,8.864295,OK,normal,normal,0.0,0.0
run_0055,34,2023-11-15T20:25:00.066002+00:00,node_1,8.955537,OK,normal,normal,0.0,0.0
run_0055,34,2023-11-15T20:25:00.379307+00:00,node_2,9.069898,OK,normal,normal,0.0,0.0
run_0055,34,2023-11-15T20:25:00.101763+00:00,node_3,9.454784,OK,normal,normal,0.0,0.0
run_0055,35,2023-11-15T20:25:20.153132+00:00,node_1,8.973076,OK,normal,normal,0.0,0.0
run_0055,35,2023-11-15T20:25:20.180207+00:00,node_2,9.025652,OK,normal,normal,0.0,0.0
run_0055,35,2023-11-15T20:25:20.026077+00:00,node_3,9.089404,OK,normal,normal,0.0,0.0
run_0056,0,2023-11-15T20:37:40.278665+00:00,node_1,10.880613,OK,normal,normal,0.0,0.0
run_0056,0,2023-11-15T20:37:40.241298+00:00,node_2,11.153187,OK,normal,normal,0.0,0.0
run_0056,0,2023-11-15T20:37:40.304790+00:00,node_3,11.141646,OK,normal,normal,0.0,0.0
run_0056,1,2023-11-15T20:38:00.566829+00:00,node_1,10.639286,OK,normal,normal,0.0,0.0
run_0056,1,2023-11-15T20:38:00.545466+00:00,node_2,10.757191,OK,normal,normal,0.0,0.0
run_0056,1,2023-11-15T20:38:00.401671+00:00,node_3,11.091195,OK,normal,normal,0.0,0.0
run_0056,2,2023-11-15T20:38:21.046332+00:00,node_1,10.964653,OK,normal,normal,0.0,0.0
run_0056,2,2023-11-15T20:38:20.702187+00:00,node_2,10.906414,OK,normal,normal,0.0,0.0
run_0056,2,2023-11-15T20:38:20.840786+00:00,node_3,11.227711,OK,normal,normal,0.0,0.0
run_0056,3,2023-11-15T20:38:40.619179+00:00,node_1,11.051461,OK,normal,normal,0.0,0.0
run_0056,3,2023-11-15T20:38:40.760001+00:00,node_2,11.090106,OK,normal,normal,0.0,0.0
run_0056,3,2023-11-15T20:38:40.707729+00:00,node_3,10.959962,OK,normal,normal,0.0,0.0
run_0056,4,2023-11-15T20:39:00.773721+00:00,node_1,11.12523,OK,normal,normal,0.0,0.0
run_0056,4,2023-11-15T20:39:00.926080+00:00,node_2,11.337216,OK,normal,normal,0.0,0.0
run_0056,4,2023-11-15T20:39:00.903558+00:00,node_3,10.701588,OK,normal,normal,0.0,0.0
run_0056,5,2023-11-15T20:39:20.438070+00:00,node_1,11.336883,OK,normal,major,0,42.156010242348714
run_0056,5,2023-11-15T20:39:20.660601+00:00,node_2,11.669092,OK,normal,major,0,42.156010242348714
run_0056,5,2023-11-15T20:39:20.596776+00:00,node_3,6.292915,OK,normal,major,0,42.156010242348714
run_0056,6,2023-11-15T20:39:40.536938+00:00,node_1,10.618679,OK,normal,major,0,42.156010242348714
run_0056,6,2023-11-15T20:39:40.516180+00:00,node_2,11.353121,OK,normal,major,0,42.156010242348714
run_0056,6,2023-11-15T20:39:40.330056+00:00,node_3,6.362745,OK,normal,major,0,42.156010242348714
run_0056,7,2023-11-15T20:40:00.421216+00:00,node_1,11.01604,OK,normal,major,0,42.156010242348714
run_0056,7,2023-11-15T20:40:00.464773+00:00,node_2,11.076202,OK,normal,major,0,42.156010242348714
run_0056,7,2023-11-15T20:40:00.728351+00:00,node_3,6.343355,OK,normal,major,0,42.156010242348714
run_0056,8,2023-11-15T20:40:20.159375+00:00,node_1,10.821015,OK,normal,major,0,42.156010242348714
run_0056,8,2023-11-15T20:40:20.188956+00:00,node_2,11.370144,OK,normal,major,0,42.156010242348714
run_0056,8,2023-11-15T20:40:20.238339+00:00,node_3,6.517019,OK,normal,major,0,42.156010242348714
run_0056,9,2023-11-15T20:40:40.315304+00:00,node_1,10.803708,OK,normal,major,0,42.156010242348714
run_0056,9,2023-11-15T20:40:40.156410+00:00,node_2,10.902703,OK,normal,major,0,42.156010242348714
run_0056,9,2023-11-15T20:40:40.241154+00:00,node_3,6.299396,OK,normal,major,0,42.156010242348714
run_0056,10,2023-11-15T20:41:00.388010+00:00,node_1,10.885174,OK,normal,major,0,42.156010242348714
run_0056,10,2023-11-15T20:41:00.392525+00:00,node_2,11.068729,OK,normal,major,0,42.156010242348714
run_0056,10,2023-11-15T20:41:00.281053+00:00,node_3,6.514646,OK,normal,major,0,42.156010242348714
run_0056,11,2023-11-15T20:41:20.152971+00:00,node_1,11.241917,OK,normal,major,0,42.156010242348714
run_0056,11,2023-11-15T20:41:20.434455+00:00,node_2,10.859706,OK,normal,major,0,42.156010242348714
run_0056,11,2023-11-15T20:41:20.476511+00:00,node_3,6.395188,OK,normal,major,0,42.156010242348714
run_0056,12,2023-11-15T20:41:40.482718+00:00,node_1,9.080444,OK,normal,major,0,42.156010242348714
run_0056,12,2023-11-15T20:41:40.261184+00:00,node_2,8.892911,OK,normal,major,0,42.156010242348714
run_0056,12,2023-11-15T20:41:40.326659+00:00,node_3,4.873464,OK,normal,major,0,42.156010242348714
run_0056,13,2023-11-15T20:42:00.627424+00:00,node_1,8.947266,OK,normal,major,0,42.156010242348714
run_0056,13,2023-11-15T20:42:00.791945+00:00,node_2,8.968417,OK,normal,major,0,42.156010242348714
run_0056,13,2023-11-15T20:42:00.843096+00:00,node_3,5.209416,OK,normal,major,0,42.156010242348714
run_0056,14,2023-11-15T20:42:20.857523+00:00,node_1,8.644452,OK,normal,major,0,42.156010242348714
run_0056,14,2023-11-15T20:42:21.002075+00:00,node_2,8.994533,OK,normal,major,0,42.156010242348714
run_0056,14,2023-11-15T20:42:21.216688+00:00,node_3,5.041479,OK,normal,major,0,42.156010242348714
run_0056,15,2023-11-15T20:42:40.967680+00:00,node_1,8.810785,OK,normal,major,0,42.156010242348714
run_0056,15,2023-11-15T20:42:41.082100+00:00,node_2,8.526772,OK,normal,major,0,42.156010242348714
run_0056,15,2023-11-15T20:42:40.997080+00:00,node_3,4.860473,OK,normal,major,0,42.156010242348714
run_0056,16,2023-11-15T20:43:00.724619+00:00,node_1,8.428368,OK,normal,major,0,42.156010242348714
run_0056,16,2023-11-15T20:43:00.851362+00:00,node_2,8.821975,OK,normal,major,0,42.156010242348714
run_0056,16,2023-11-15T20:43:00.674929+00:00,node_3,5.295692,OK,normal,major,0,42.156010242348714
run_0056,17,2023-11-15T20:43:21.034966+00:00,node_1,8.758011,OK,normal,major,0,42.156010242348714
run_0056,17,2023-11-15T20:43:20.732013+00:00,node_2,8.644158,OK,normal,major,0,42.156010242348714
run_0056,17,2023-11-15T20:43:21.035197+00:00,node_3,5.118673,OK,normal,major,0,42.156010242348714
run_0056,18,2023-11-15T20:43:41.051843+00:00,node_1,8.823001,OK,normal,major,0,42.156010242348714
run_0056,18,2023-11-15T20:43:41.161150+00:00,node_2,8.852539,OK,normal,major,0,42.156010242348714
run_0056,18,2023-11-15T20:43:41.182894+00:00,node_3,5.1111,OK,normal,major,0,42.156010242348714
run_0056,19,2023-11-15T20:44:00.872789+00:00,node_1,8.525594,OK,normal,major,0,42.156010242348714
run_0056,19,2023-11-15T20:44:00.869622+00:00,node_2,8.486856,OK,normal,major,0,42.156010242348714
run_0056,19,2023-11-15T20:44:00.915719+00:00,node_3,4.974754,OK,normal,major,0,42.156010242348714
run_0056,20,2023-11-15T20:44:20.612593+00:00,node_1,8.660496,OK,normal,major,0,42.156010242348714
run_0056,20,2023-11-15T20:44:20.368511+00:00,node_2,8.708499,OK,normal,major,0,42.156010242348714
run_0056,20,2023-11-15T20:44:20.677398+00:00,node_3,4.964372,OK,normal,major,0,42.156010242348714
run_0056,21,2023-11-15T20:44:40.527001+00:00,node_1,8.976788,OK,normal,major,0,42.156010242348714
run_0056,21,2023-11-15T20:44:40.537142+00:00,node_2,8.739306,OK,normal,major,0,42.156010242348714
run_0056,21,2023-11-15T20:44:40.349863+00:00,node_3,4.997446,OK,normal,major,0,42.156010242348714
run_0056,22,2023-11-15T20:45:00.959476+00:00,node_1,9.152241,OK,normal,major,0,42.156010242348714
run_0056,22,2023-11-15T20:45:00.906299+00:00,node_2,8.650522,OK,normal,major,0,42.156010242348714
run_0056,22,2023-11-15T20:45:00.884800+00:00,node_3,5.256865,OK,normal,major,0,42.156010242348714
run_0056,23,2023-11-15T20:45:21.309816+00:00,node_1,8.829786,OK,normal,major,0,42.156010242348714
run_0056,23,2023-11-15T20:45:21.296148+00:00,node_2,8.770588,OK,normal,major,0,42.156010242348714
run_0056,23,2023-11-15T20:45:21.277634+00:00,node_3,5.052754,OK,normal,major,0,42.156010242348714
run_0056,24,2023-11-15T20:45:40.947786+00:00,node_1,8.718926,OK,normal,major,0,42.156010242348714
run_0056,24,2023-11-15T20:45:40.997768+00:00,node_2,8.450868,OK,normal,major,0,42.156010242348714
run_0056,24,2023-11-15T20:45:40.996307+00:00,node_3,5.190254,OK,normal,major,0,42.156010242348714
run_0056,25,2023-11-15T20:46:01.097112+00:00,node_1,8.476857,OK,normal,major,0,42.156010242348714
run_0056,25,2023-11-15T20:46:01.017022+00:00,node_2,8.306104,OK,normal,major,0,42.156010242348714
run_0056,25,2023-11-15T20:46:01.247583+00:00,node_3,4.813103,OK,normal,major,0,42.156010242348714
run_0056,26,2023-11-15T20:46:21.489642+00:00,node_1,8.484224,OK,normal,major,0,42.156010242348714
run_0056,26,2023-11-15T20:46:21.420519+00:00,node_2,8.177297,OK,normal,major,0,42.156010242348714
run_0056,26,2023-11-15T20:46:21.317032+00:00,node_3,4.771183,OK,normal,major,0,42.156010242348714
run_0056,27,2023-11-15T20:46:41.194006+00:00,node_1,8.570691,OK,normal,major,0,42.156010242348714
run_0056,27,2023-11-15T20:46:41.311609+00:00,node_2,8.313517,OK,normal,major,0,42.156010242348714
run_0056,27,2023-11-15T20:46:41.324317+00:00,node_3,5.011765,OK,normal,major,0,42.156010242348714
run_0056,28,2023-11-15T20:47:00.823175+00:00,node_1,8.435087,OK,normal,major,0,42.156010242348714
run_0056,28,2023-11-15T20:47:00.887879+00:00,node_2,8.625919,OK,normal,major,0,42.156010242348714
run_0056,28,2023-11-15T20:47:00.964862+00:00,node_3,4.840692,OK,normal,major,0,42.156010242348714
run_0056,29,2023-11-15T20:47:21.088993+00:00,node_1,8.799115,OK,normal,major,0,42.156010242348714
run_0056,29,2023-11-15T20:47:21.376251+00:00,node_2,8.570295,OK,normal,major,0,42.156010242348714
run_0056,29,2023-11-15T20:47:21.185293+00:00,node_3,4.855385,OK,normal,major,0,42.156010242348714
run_0056,30,2023-11-15T20:47:41.596556+00:00,node_1,8.539819,OK,normal,major,0,42.156010242348714
run_0056,30,2023-11-15T20:47:41.672966+00:00,node_2,8.717674,OK,normal,major,0,42.156010242348714
run_0056,30,2023-11-15T20:47:41.662220+00:00,node_3,4.962728,OK,normal,major,0,42.156010242348714
run_0056,31,2023-11-15T20:48:01.315345+00:00,node_1,8.579449,OK,normal,normal,0.0,0.0
run_0056,31,2023-11-15T20:48:01.418837+00:00,node_2,8.844251,OK,normal,normal,0.0,0.0
run_0056,31,2023-11-15T20:48:01.301886+00:00,node_3,8.830667,OK,normal,normal,0.0,0.0
run_0056,32,2023-11-15T20:48:21.249648+00:00,node_1,8.468607,OK,normal,normal,0.0,0.0
run_0056,32,2023-11-15T20:48:20.996784+00:00,node_2,8.515518,OK,normal,normal,0.0,0.0
run_0056,32,2023-11-15T20:48:21.169269+00:00,node_3,8.449181,OK,normal,normal,0.0,0.0
run_0056,33,2023-11-15T20:48:41.592995+00:00,node_1,8.490412,OK,normal,normal,0.0,0.0
run_0056,33,2023-11-15T20:48:41.371956+00:00,node_2,8.550728,OK,normal,normal,0.0,0.0
run_0056,33,2023-11-15T20:48:41.485330+00:00,node_3,8.406394,OK,normal,normal,0.0,0.0
run_0056,34,2023-11-15T20:49:01.546982+00:00,node_1,8.540291,OK,normal,normal,0.0,0.0
run_0056,34,2023-11-15T20:49:01.252612+00:00,node_2,8.547016,OK,normal,normal,0.0,0.0
run_0056,34,2023-11-15T20:49:01.369618+00:00,node_3,8.781808,OK,normal,normal,0.0,0.0
run_0056,35,2023-11-15T20:49:21.315598+00:00,node_1,8.134278,OK,normal,normal,0.0,0.0
run_0056,35,2023-11-15T20:49:21.523179+00:00,node_2,8.102202,OK,normal,normal,0.0,0.0
run_0056,35,2023-11-15T20:49:21.616548+00:00,node_3,8.260732,OK,normal,normal,0.0,0.0
run_0057,0,2023-11-15T21:01:39.555662+00:00,node_1,8.650915,OK,normal,normal,0.0,0.0
run_0057,0,2023-11-15T21:01:39.485993+00:00,node_2,8.909465,OK,normal,normal,0.0,0.0
run_0057,0,2023-11-15T21:01:39.692502+00:00,node_3,8.55776,OK,normal,normal,0.0,0.0
run_0057,1,2023-11-15T21:01:59.396460+00:00,node_1,8.813837,OK,normal,normal,0.0,0.0
run_0057,1,2023-11-15T21:01:59.607177+00:00,node_2,8.720185,OK,normal,normal,0.0,0.0
run_0057,1,2023-11-15T21:01:59.326955+00:00,node_3,8.821743,OK,normal,normal,0.0,0.0
run_0057,2,2023-11-15T21:02:19.586585+00:00,node_1,8.797393,OK,normal,normal,0.0,0.0
run_0057,2,2023-11-15T21:02:19.515805+00:00,node_2,8.78435,OK,normal,normal,0.0,0.0
run_0057,2,2023-11-15T21:02:19.502127+00:00,node_3,8.577126,OK,normal,normal,0.0,0.0
run_0057,3,2023-11-15T21:02:39.820826+00:00,node_1,9.003056,OK,normal,normal,0.0,0.0
run_0057,3,2023-11-15T21:02:39.979578+00:00,node_2,8.567254,OK,normal,normal,0.0,0.0
run_0057,3,2023-11-15T21:02:39.798346+00:00,node_3,8.694034,OK,normal,normal,0.0,0.0
run_0057,4,2023-11-15T21:02:59.645096+00:00,node_1,9.207939,OK,normal,normal,0.0,0.0
run_0057,4,2023-11-15T21:02:59.722434+00:00,node_2,8.460004,OK,normal,normal,0.0,0.0
run_0057,4,2023-11-15T21:02:59.655912+00:00,node_3,8.911573,OK,normal,normal,0.0,0.0
run_0057,5,2023-11-15T21:03:19.672346+00:00,node_1,8.975086,OK,minor,normal,5.861736484988285,0
run_0057,5,2023-11-15T21:03:19.711115+00:00,node_2,8.264961,OK,minor,normal,5.861736484988285,0
run_0057,5,2023-11-15T21:03:19.640577+00:00,node_3,8.23404,OK,minor,normal,5.861736484988285,0
run_0057,6,2023-11-15T21:03:39.147733+00:00,node_1,8.829801,OK,minor,normal,5.861736484988285,0
run_0057,6,2023-11-15T21:03:39.095726+00:00,node_2,7.988711,OK,minor,normal,5.861736484988285,0
run_0057,6,2023-11-15T21:03:39.080285+00:00,node_3,8.171176,OK,minor,normal,5.861736484988285,0
run_0057,7,2023-11-15T21:03:59.295101+00:00,node_1,9.17373,OK,minor,normal,5.861736484988285,0
run_0057,7,2023-11-15T21:03:59.191240+00:00,node_2,8.131881,OK,minor,normal,5.861736484988285,0
run_0057,7,2023-11-15T21:03:59.334156+00:00,node_3,8.039448,OK,minor,normal,5.861736484988285,0
run_0057,8,2023-11-15T21:04:18.987174+00:00,node_1,8.728649,OK,minor,normal,5.861736484988285,0
run_0057,8,2023-11-15T21:04:18.993466+00:00,node_2,8.111969,OK,minor,normal,5.861736484988285,0
run_0057,8,2023-11-15T21:04:18.790765+00:00,node_3,8.353303,OK,minor,normal,5.861736484988285,0
run_0057,9,2023-11-15T21:04:39.114502+00:00,node_1,9.011096,OK,minor,normal,5.861736484988285,0
run_0057,9,2023-11-15T21:04:39.090991+00:00,node_2,8.571106,OK,minor,normal,5.861736484988285,0
run_0057,9,2023-11-15T21:04:38.919963+00:00,node_3,8.274189,OK,minor,normal,5.861736484988285,0
run_0057,10,2023-11-15T21:04:58.847482+00:00,node_1,8.798027,OK,minor,normal,5.861736484988285,0
run_0057,10,2023-11-15T21:04:59.008590+00:00,node_2,8.50769,OK,minor,normal,5.861736484988285,0
run_0057,10,2023-11-15T21:04:59.096265+00:00,node_3,8.164987,OK,minor,normal,5.861736484988285,0
run_0057,11,2023-11-15T21:05:18.814652+00:00,node_1,8.831223,OK,minor,normal,5.861736484988285,0
run_0057,11,2023-11-15T21:05:18.791735+00:00,node_2,8.042038,OK,minor,normal,5.861736484988285,0
run_0057,11,2023-11-15T21:05:18.701103+00:00,node_3,8.328647,OK,minor,normal,5.861736484988285,0
run_0057,12,2023-11-15T21:05:38.727966+00:00,node_1,10.64458,OK,minor,normal,5.861736484988285,0
run_0057,12,2023-11-15T21:05:38.899001+00:00,node_2,9.828643,OK,minor,normal,5.861736484988285,0
run_0057,12,2023-11-15T21:05:38.806767+00:00,node_3,9.984259,OK,minor,normal,5.861736484988285,0
run_0057,13,2023-11-15T21:05:58.644670+00:00,node_1,10.77638,OK,minor,normal,5.861736484988285,0
run_0057,13,2023-11-15T21:05:58.894062+00:00,node_2,9.474414,OK,minor,normal,5.861736484988285,0
run_0057,13,2023-11-15T21:05:58.868247+00:00,node_3,9.86083,OK,minor,normal,5.861736484988285,0
run_0057,14,2023-11-15T21:06:18.715219+00:00,node_1,10.479552,OK,minor,normal,5.861736484988285,0
run_0057,14,2023-11-15T21:06:19.058446+00:00,node_2,10.124213,OK,minor,normal,5.861736484988285,0
run_0057,14,2023-11-15T21:06:18.719786+00:00,node_3,10.118473,OK,minor,normal,5.861736484988285,0
run_0057,15,2023-11-15T21:06:39.188882+00:00,node_1,10.595816,OK,minor,normal,5.861736484988285,0
run_0057,15,2023-11-15T21:06:39.092502+00:00,node_2,10.157267,OK,minor,normal,5.861736484988285,0
run_0057,15,2023-11-15T21:06:39.351988+00:00,node_3,9.840399,OK,minor,normal,5.861736484988285,0
run_0057,16,2023-11-15T21:06:58.953840+00:00,node_1,10.664638,OK,minor,normal,5.861736484988285,0
run_0057,16,2023-11-15T21:06:59.178328+00:00,node_2,9.952372,OK,minor,normal,5.861736484988285,0
run_0057,16,2023-11-15T21:06:59.084914+00:00,node_3,10.350793,OK,minor,normal,5.861736484988285,0
run_0057,17,2023-11-15T21:07:18.505064+00:00,node_1,10.52768,OK,minor,normal,5.861736484988285,0
run_0057,17,2023-11-15T21:07:18.597486+00:00,node_2,9.967362,OK,minor,normal,5.861736484988285,0
run_0057,17,2023-11-15T21:07:18.789542+00:00,node_3,10.056364,OK,minor,normal,5.861736484988285,0
run_0057,18,2023-11-15T21:07:38.587863+00:00,node_1,10.481582,OK,minor,normal,5.861736484988285,0
run_0057,18,2023-11-15T21:07:38.892289+00:00,node_2,9.526124,OK,minor,normal,5.861736484988285,0
run_0057,18,2023-11-15T21:07:38.556275+00:00,node_3,10.08893,OK,minor,normal,5.861736484988285,0
run_0057,19,2023-11-15T21:07:58.286732+00:00,node_1,10.867724,OK,minor,normal,5.861736484988285,0
run_0057,19,2023-11-15T21:07:58.475365+00:00,node_2,10.218921,OK,minor,normal,5.861736484988285,0
run_0057,19,2023-11-15T21:07:58.488052+00:00,node_3,9.559951,OK,minor,normal,5.861736484988285,0
run_0057,20,2023-11-15T21:08:18.033995+00:00,node_1,10.248907,OK,minor,normal,5.861736484988285,0
run_0057,20,2023-11-15T21:08:18.218123+00:00,node_2,9.67512,OK,minor,normal,5.861736484988285,0
run_0057,20,2023-11-15T21:08:18.327192+00:00,node_3,10.324077,OK,minor,normal,5.861736484988285,0
run_0057,21,2023-11-15T21:08:38.404844+00:00,node_1,10.362974,OK,minor,normal,5.861736484988285,0
run_0057,21,2023-11-15T21:08:38.420501+00:00,node_2,10.143672,OK,minor,normal,5.861736484988285,0
run_0057,21,2023-11-15T21:08:38.331009+00:00,node_3,9.800802,OK,minor,normal,5.861736484988285,0
run_0057,22,2023-11-15T21:08:57.833291+00:00,node_1,10.879454,OK,minor,normal,5.861736484988285,0
run_0057,22,2023-11-15T21:08:58.189943+00:00,node_2,10.034978,OK,minor,normal,5.861736484988285,0
run_0057,22,2023-11-15T21:08:58.055802+00:00,node_3,9.919952,OK,minor,normal,5.861736484988285,0
run_0057,23,2023-11-15T21:09:18.458866+00:00,node_1,10.488779,OK,minor,normal,5.861736484988285,0
run_0057,23,2023-11-15T21:09:18.322138+00:00,node_2,9.814467,OK,minor,normal,5.861736484988285,0
run_0057,23,2023-11-15T21:09:18.557929+00:00,node_3,9.890403,OK,minor,normal,5.861736484988285,0
run_0057,24,2023-11-15T21:09:38.789610+00:00,node_1,9.645759,OK,minor,normal,5.861736484988285,0
run_0057,24,2023-11-15T21:09:38.736228+00:00,node_2,9.229735,OK,minor,normal,5.861736484988285,0
run_0057,24,2023-11-15T21:09:38.849426+00:00,node_3,9.174694,OK,minor,normal,5.861736484988285,0
run_0057,25,2023-11-15T21:09:59.095962+00:00,node_1,9.795031,OK,minor,normal,5.861736484988285,0
run_0057,25,2023-11-15T21:09:58.993482+00:00,node_2,9.522267,OK,minor,normal,5.861736484988285,0
run_0057,25,2023-11-15T21:09:59.153799+00:00,node_3,8.931498,OK,minor,normal,5.861736484988285,0
run_0057,26,2023-11-15T21:10:18.703321+00:00,node_1,9.874513,OK,minor,normal,5.861736484988285,0
run_0057,26,2023-11-15T21:10:18.668447+00:00,node_2,9.012589,OK,minor,normal,5.861736484988285,0
run_0057,26,2023-11-15T21:10:19.030219+00:00,node_3,9.174982,OK,minor,normal,5.861736484988285,0
run_0057,27,2023-11-15T21:10:38.859346+00:00,node_1,9.54481,OK,minor,normal,5.861736484988285,0
run_0057,27,2023-11-15T21:10:39.029932+00:00,node_2,8.67503,OK,minor,normal,5.861736484988285,0
run_0057,27,2023-11-15T21:10:38.723749+00:00,node_3,9.275831,OK,minor,normal,5.861736484988285,0
run_0057,28,2023-11-15T21:10:58.755257+00:00,node_1,9.520705,OK,minor,normal,5.861736484988285,0
run_0057,28,2023-11-15T21:10:58.929214+00:00,node_2,9.049717,OK,minor,normal,5.861736484988285,0
run_0057,28,2023-11-15T21:10:58.844444+00:00,node_3,9.032001,OK,minor,normal,5.861736484988285,0
run_0057,29,2023-11-15T21:11:19.146681+00:00,node_1,9.245616,OK,minor,normal,5.861736484988285,0
run_0057,29,2023-11-15T21:11:19.114217+00:00,node_2,8.943103,OK,minor,normal,5.861736484988285,0
run_0057,29,2023-11-15T21:11:19.267068+00:00,node_3,9.079328,OK,minor,normal,5.861736484988285,0
run_0057,30,2023-11-15T21:11:38.978081+00:00,node_1,9.766138,OK,minor,normal,5.861736484988285,0
run_0057,30,2023-11-15T21:11:38.844641+00:00,node_2,8.855003,OK,minor,normal,5.861736484988285,0
run_0057,30,2023-11-15T21:11:38.913007+00:00,node_3,9.421754,OK,minor,normal,5.861736484988285,0
run_0057,31,2023-11-15T21:11:58.585295+00:00,node_1,9.406917,OK,normal,normal,0.0,0.0
run_0057,31,2023-11-15T21:11:58.658185+00:00,node_2,9.644289,OK,normal,normal,0.0,0.0
run_0057,31,2023-11-15T21:11:58.915681+00:00,node_3,9.851611,OK,normal,normal,0.0,0.0
run_0057,32,2023-11-15T21:12:18.376568+00:00,node_1,9.959609,OK,normal,normal,0.0,0.0
run_0057,32,2023-11-15T21:12:18.681870+00:00,node_2,9.850591,OK,normal,normal,0.0,0.0
run_0057,32,2023-11-15T21:12:18.584042+00:00,node_3,9.850281,OK,normal,normal,0.0,0.0
run_0057,33,2023-11-15T21:12:38.365026+00:00,node_1,9.601964,OK,normal,normal,0.0,0.0
run_0057,33,2023-11-15T21:12:38.035400+00:00,node_2,9.976174,OK,normal,normal,0.0,0.0
run_0057,33,2023-11-15T21:12:38.038554+00:00,node_3,9.891913,OK,normal,normal,0.0,0.0
run_0057,34,2023-11-15T21:12:58.481113+00:00,node_1,9.80802,OK,normal,normal,0.0,0.0
run_0057,34,2023-11-15T21:12:58.555051+00:00,node_2,9.92387,OK,normal,normal,0.0,0.0
run_0057,34,2023-11-15T21:12:58.704055+00:00,node_3,9.676171,OK,normal,normal,0.0,0.0
run_0057,35,2023-11-15T21:13:18.708136+00:00,node_1,9.863897,OK,normal,normal,0.0,0.0
run_0057,35,2023-11-15T21:13:18.434972+00:00,node_2,9.842045,OK,normal,normal,0.0,0.0
run_0057,35,2023-11-15T21:13:18.401427+00:00,node_3,9.848172,OK,normal,normal,0.0,0.0
run_0058,0,2023-11-15T21:25:40.396198+00:00,node_1,9.938665,OK,normal,normal,0.0,0.0
run_0058,0,2023-11-15T21:25:40.347671+00:00,node_2,9.508516,OK,normal,normal,0.0,0.0
run_0058,0,2023-11-15T21:25:40.038480+00:00,node_3,10.038369,OK,normal,normal,0.0,0.0
run_0058,1,2023-11-15T21:26:00.145120+00:00,node_1,9.701728,OK,normal,normal,0.0,0.0
run_0058,1,2023-11-15T21:26:00.174232+00:00,node_2,10.215788,OK,normal,normal,0.0,0.0
run_0058,1,2023-11-15T21:26:00.346539+00:00,node_3,9.930328,OK,normal,normal,0.0,0.0
run_0058,2,2023-11-15T21:26:20.440555+00:00,node_1,9.512836,OK,normal,normal,0.0,0.0
run_0058,2,2023-11-15T21:26:20.415064+00:00,node_2,9.677365,OK,normal,normal,0.0,0.0
run_0058,2,2023-11-15T21:26:20.568747+00:00,node_3,10.054632,OK,normal,normal,0.0,0.0
run_0058,3,2023-11-15T21:26:40.355102+00:00,node_1,9.989462,OK,normal,normal,0.0,0.0
run_0058,3,2023-11-15T21:26:40.492364+00:00,node_2,9.80298,OK,normal,normal,0.0,0.0
run_0058,3,2023-11-15T21:26:40.419504+00:00,node_3,9.952946,OK,normal,normal,0.0,0.0
run_0058,4,2023-11-15T21:27:00.698198+00:00,node_1,9.793242,OK,normal,normal,0.0,0.0
run_0058,4,2023-11-15T21:27:00.843723+00:00,node_2,9.85499,OK,normal,normal,0.0,0.0
run_0058,4,2023-11-15T21:27:00.815841+00:00,node_3,9.783991,OK,normal,normal,0.0,0.0
run_0058,5,2023-11-15T21:27:20.576622+00:00,node_1,10.130941,OK,minor,minor,14.576877726262522,14.235296168334392
run_0058,5,2023-11-15T21:27:20.551468+00:00,node_2,7.946233,OK,minor,minor,14.576877726262522,14.235296168334392
run_0058,5,2023-11-15T21:27:20.536910+00:00,node_3,7.109986,OK,minor,minor,14.576877726262522,14.235296168334392
run_0058,6,2023-11-15T21:27:40.516040+00:00,node_1,9.908805,OK,minor,minor,14.576877726262522,14.235296168334392
run_0058,6,2023-11-15T21:27:40.534882+00:00,node_2,8.333394,OK,minor,minor,14.576877726262522,14.235296168334392
run_0058,6,2023-11-15T21:27:40.347408+00:00,node_3,7.275823,OK,minor,minor,14.576877726262522,14.235296168334392
run_0058,7,2023-11-15T21:28:00.661726+00:00,node_1,10.130152,OK,minor,minor,14.576877726262522,14.235296168334392
run_0058,7,2023-11-15T21:28:00.423298+00:00,node_2,8.086252,OK,minor,minor,14.576877726262522,14.235296168334392
run_0058,7,2023-11-15T21:28:00.608025+00:00,node_3,7.224844,OK,minor,minor,14.576877726262522,14.235296168334392
run_0058,8,2023-11-15T21:28:20.157053+00:00,node_1,10.24158,OK,minor,minor,14.576877726262522,14.235296168334392
run_0058,8,2023-11-15T21:28:20.344504+00:00,node_2,8.545486,OK,minor,minor,14.576877726262522,14.235296168334392
run_0058,8,2023-11-15T21:28:20.262735+00:00,node_3,7.523264,OK,minor,minor,14.576877726262522,14.235296168334392
run_0058,9,2023-11-15T21:28:40.170985+00:00,node_1,9.756544,OK,minor,minor,14.576877726262522,14.235296168334392
run_0058,9,2023-11-15T21:28:40.153629+00:00,node_2,8.10792,OK,minor,minor,14.576877726262522,14.235296168334392
run_0058,9,2023-11-15T21:28:40.115425+00:00,node_3,7.160808,OK,minor,minor,14.576877726262522,14.235296168334392
run_0058,10,2023-11-15T21:28:59.636200+00:00,node_1,9.877755,OK,minor,minor,14.576877726262522,14.235296168334392
run_0058,10,2023-11-15T21:28:59.682080+00:00,node_2,8.585256,OK,minor,minor,14.576877726262522,14.235296168334392
run_0058,10,2023-11-15T21:28:59.916429+00:00,node_3,7.347244,OK,minor,minor,14.576877726262522,14.235296168334392
run_0058,11,2023-11-15T21:29:19.590859+00:00,node_1,10.023454,OK,minor,minor,14.576877726262522,14.235296168334392
run_0058,11,2023-11-15T21:29:19.680315+00:00,node_2,8.205853,OK,minor,minor,14.576877726262522,14.235296168334392
run_0058,11,2023-11-15T21:29:19.436298+00:00,node_3,7.217945,OK,minor,minor,14.576877726262522,14.235296168334392
run_0058,12,2023-11-15T21:29:39.669740+00:00,node_1,8.7972,OK,minor,minor,14.576877726262522,14.235296168334392
run_0058,12,2023-11-15T21:29:39.527502+00:00,node_2,7.330297,OK,minor,minor,14.576877726262522,14.235296168334392
run_0058,12,2023-11-15T21:29:39.774553+00:00,node_3,6.413166,OK,minor,minor,14.576877726262522,14.235296168334392
run_0058,13,2023-11-15T21:29:59.876146+00:00,node_1,8.822836,OK,minor,minor,14.576877726262522,14.235296168334392
run_0058,13,2023-11-15T21:29:59.573265+00:00,node_2,7.262187,OK,minor,minor,14.576877726262522,14.235296168334392
run_0058,13,2023-11-15T21:29:59.498834+00:00,node_3,6.49653,OK,minor,minor,14.576877726262522,14.235296168334392
run_0058,14,2023-11-15T21:30:19.210424+00:00,node_1,8.631976,OK,minor,minor,14.576877726262522,14.235296168334392
run_0058,14,2023-11-15T21:30:19.570820+00:00,node_2,7.355703,OK,minor,minor,14.576877726262522,14.235296168334392
run_0058,14,2023-11-15T21:30:19.474329+00:00,node_3,6.362286,OK,minor,minor,14.576877726262522,14.235296168334392
run_0058,15,2023-11-15T21:30:39.170403+00:00,node_1,8.926446,OK,minor,minor,14.576877726262522,14.235296168334392
run_0058,15,2023-11-15T21:30:39.321516+00:00,node_2,7.449917,OK,minor,minor,14.576877726262522,14.235296168334392
run_0058,15,2023-11-15T21:30:39.068671+00:00,node_3,6.321868,OK,minor,minor,14.576877726262522,14.235296168334392
run_0058,16,2023-11-15T21:30:59.197731+00:00,node_1,8.83742,OK,minor,minor,14.576877726262522,14.235296168334392
run_0058,16,2023-11-15T21:30:59.164288+00:00,node_2,7.546762,OK,minor,minor,14.576877726262522,14.235296168334392
run_0058,16,2023-11-15T21:30:59.246860+00:00,node_3,6.465718,OK,minor,minor,14.576877726262522,14.235296168334392
run_0058,17,2023-11-15T21:31:19.040880+00:00,node_1,8.320783,OK,minor,minor,14.576877726262522,14.235296168334392
run_0058,17,2023-11-15T21:31:19.234377+00:00,node_2,7.337951,OK,minor,minor,14.576877726262522,14.235296168334392
run_0058,17,2023-11-15T21:31:19.085874+00:00,node_3,6.206254,OK,minor,minor,14.576877726262522,14.235296168334392
run_0058,18,2023-11-15T21:31:39.002702+00:00,node_1,8.636597,OK,minor,minor,14.576877726262522,14.235296168334392
run_0058,18,2023-11-15T21:31:38.796961+00:00,node_2,7.406176,OK,minor,minor,14.576877726262522,14.235296168334392
run_0058,18,2023-11-15T21:31:38.852554+00:00,node_3,6.380042,OK,minor,minor,14.576877726262522,14.235296168334392
run_0058,19,2023-11-15T21:31:59.140681+00:00,node_1,8.729364,OK,minor,minor,14.576877726262522,14.235296168334392
run_0058,19,2023-11-15T21:31:59.017614+00:00,node_2,7.249612,OK,minor,minor,14.576877726262522,14.235296168334392
run_0058,19,2023-11-15T21:31:59.109613+00:00,node_3,6.108804,OK,minor,minor,14.576877726262522,14.235296168334392
run_0058,20,2023-11-15T21:32:19.367201+00:00,node_1,8.95573,OK,minor,minor,14.576877726262522,14.235296168334392
run_0058,20,2023-11-15T21:32:19.260315+00:00,node_2,7.585257,OK,minor,minor,14.576877726262522,14.235296168334392
run_0058,20,2023-11-15T21:32:19.491705+00:00,node_3,6.519464,OK,minor,minor,14.576877726262522,14.235296168334392
run_0058,21,2023-11-15T21:32:39.503186+00:00,node_1,8.610589,OK,minor,minor,14.576877726262522,14.235296168334392
run_0058,21,2023-11-15T21:32:39.668929+00:00,node_2,7.457345,OK,minor,minor,14.576877726262522,14.235296168334392
run_0058,21,2023-11-15T21:32:39.429555+00:00,node_3,6.474499,OK,minor,minor,14.576877726262522,14.235296168334392
run_0058,22,2023-11-15T21:32:59.189915+00:00,node_1,8.604641,OK,minor,minor,14.576877726262522,14.235296168334392
run_0058,22,2023-11-15T21:32:59.379653+00:00,node_2,7.157794,OK,minor,minor,14.576877726262522,14.235296168334392
run_0058,22,2023-11-15T21:32:59.379732+00:00,node_3,6.233955,OK,minor,minor,14.576877726262522,14.235296168334392
run_0058,23,2023-11-15T21:33:19.725457+00:00,node_1,8.631152,OK,minor,minor,14.576877726262522,14.235296168334392
run_0058,23,2023-11-15T21:33:19.741032+00:00,node_2,7.098239,OK,minor,minor,14.576877726262522,14.235296168334392
run_0058,23,2023-11-15T21:33:19.402732+00:00,node_3,6.386476,OK,minor,minor,14.576877726262522,14.235296168334392
run_0058,24,2023-11-15T21:33:39.493579+00:00,node_1,9.706635,OK,minor,minor,14.576877726262522,14.235296168334392
run_0058,24,2023-11-15T21:33:39.641214+00:00,node_2,8.143478,OK,minor,minor,14.576877726262522,14.235296168334392
run_0058,24,2023-11-15T21:33:39.555193+00:00,node_3,6.89632,OK,minor,minor,14.576877726262522,14.235296168334392
run_0058,25,2023-11-15T21:33:59.565855+00:00,node_1,9.669253,OK,minor,minor,14.576877726262522,14.235296168334392
run_0058,25,2023-11-15T21:33:59.490724+00:00,node_2,8.282731,OK,minor,minor,14.576877726262522,14.235296168334392
run_0058,25,2023-11-15T21:33:59.327405+00:00,node_3,7.187321,OK,minor,minor,14.576877726262522,14.235296168334392
run_0058,26,2023-11-15T21:34:19.493560+00:00,node_1,9.714729,OK,minor,minor,14.576877726262522,14.235296168334392
run_0058,26,2023-11-15T21:34:19.794595+00:00,node_2,8.163735,OK,minor,minor,14.576877726262522,14.235296168334392
run_0058,26,2023-11-15T21:34:19.488758+00:00,node_3,7.058248,OK,minor,minor,14.576877726262522,14.235296168334392
run_0058,27,2023-11-15T21:34:39.442558+00:00,node_1,9.748119,OK,minor,minor,14.576877726262522,14.235296168334392
run_0058,27,2023-11-15T21:34:39.415593+00:00,node_2,8.383037,OK,minor,minor,14.576877726262522,14.235296168334392
run_0058,27,2023-11-15T21:34:39.540002+00:00,node_3,7.246786,OK,minor,minor,14.576877726262522,14.235296168334392
run_0058,28,2023-11-15T21:34:59.706196+00:00,node_1,9.721274,OK,minor,minor,14.576877726262522,14.235296168334392
run_0058,28,2023-11-15T21:34:59.816509+00:00,node_2,8.295111,OK,minor,minor,14.576877726262522,14.235296168334392
run_0058,28,2023-11-15T21:34:59.648045+00:00,node_3,6.863469,OK,minor,minor,14.576877726262522,14.235296168334392
run_0058,29,2023-11-15T21:35:19.675998+00:00,node_1,9.722051,OK,minor,minor,14.576877726262522,14.235296168334392
run_0058,29,2023-11-15T21:35:19.487926+00:00,node_2,8.261863,OK,minor,minor,14.576877726262522,14.235296168334392
run_0058,29,2023-11-15T21:35:19.524960+00:00,node_3,6.806749,OK,minor,minor,14.576877726262522,14.235296168334392
run_0058,30,2023-11-15T21:35:39.518141+00:00,node_1,9.553875,OK,minor,minor,14.576877726262522,14.235296168334392
run_0058,30,2023-11-15T21:35:39.358232+00:00,node_2,8.117941,OK,minor,minor,14.576877726262522,14.235296168334392
run_0058,30,2023-11-15T21:35:39.413361+00:00,node_3,6.935075,OK,minor,minor,14.576877726262522,14.235296168334392
run_0058,31,2023-11-15T21:35:59.465094+00:00,node_1,10.094999,OK,normal,normal,0.0,0.0
run_0058,31,2023-11-15T21:35:59.144028+00:00,node_2,10.152309,OK,normal,normal,0.0,0.0
run_0058,31,2023-11-15T21:35:59.215617+00:00,node_3,9.525599,OK,normal,normal,0.0,0.0
run_0058,32,2023-11-15T21:36:18.819744+00:00,node_1,9.546764,OK,normal,normal,0.0,0.0
run_0058,32,2023-11-15T21:36:19.039013+00:00,node_2,9.615491,OK,normal,normal,0.0,0.0
run_0058,32,2023-11-15T21:36:18.811801+00:00,node_3,9.884647,OK,normal,normal,0.0,0.0
run_0058,33,2023-11-15T21:36:38.589996+00:00,node_1,9.352268,OK,normal,normal,0.0,0.0
run_0058,33,2023-11-15T21:36:38.665902+00:00,node_2,9.458156,OK,normal,normal,0.0,0.0
run_0058,33,2023-11-15T21:36:38.526313+00:00,node_3,9.755172,OK,normal,normal,0.0,0.0
run_0058,34,2023-11-15T21:36:58.577405+00:00,node_1,9.175729,OK,normal,normal,0.0,0.0
run_0058,34,2023-11-15T21:36:58.533331+00:00,node_2,9.515455,OK,normal,normal,0.0,0.0
run_0058,34,2023-11-15T21:36:58.586649+00:00,node_3,9.743454,OK,normal,normal,0.0,0.0
run_0058,35,2023-11-15T21:37:18.976686+00:00,node_1,9.484928,OK,normal,normal,0.0,0.0
run_0058,35,2023-11-15T21:37:19.046646+00:00,node_2,9.789844,OK,normal,normal,0.0,0.0
run_0058,35,2023-11-15T21:37:18.812047+00:00,node_3,9.447776,OK,normal,normal,0.0,0.0
run_0059,0,2023-11-15T21:49:39.901150+00:00,node_1,11.530703,OK,normal,normal,0.0,0.0
run_0059,0,2023-11-15T21:49:39.907349+00:00,node_2,11.604481,OK,normal,normal,0.0,0.0
run_0059,0,2023-11-15T21:49:40.013021+00:00,node_3,11.749379,OK,normal,normal,0.0,0.0
run_0059,1,2023-11-15T21:50:00.000744+00:00,node_1,11.454612,OK,normal,normal,0.0,0.0
run_0059,1,2023-11-15T21:50:00.138495+00:00,node_2,12.068064,OK,normal,normal,0.0,0.0
run_0059,1,2023-11-15T21:49:59.894209+00:00,node_3,11.347052,OK,normal,normal,0.0,0.0
run_0059,2,2023-11-15T21:50:19.680077+00:00,node_1,11.970028,OK,normal,normal,0.0,0.0
run_0059,2,2023-11-15T21:50:19.671986+00:00,node_2,11.409045,OK,normal,normal,0.0,0.0
run_0059,2,2023-11-15T21:50:19.600529+00:00,node_3,12.162454,OK,normal,normal,0.0,0.0
run_0059,3,2023-11-15T21:50:39.812903+00:00,node_1,12.162725,OK,normal,normal,0.0,0.0
run_0059,3,2023-11-15T21:50:39.771775+00:00,node_2,11.124642,OK,normal,normal,0.0,0.0
run_0059,3,2023-11-15T21:50:39.864268+00:00,node_3,11.962349,OK,normal,normal,0.0,0.0
run_0059,4,2023-11-15T21:51:00.044937+00:00,node_1,11.726413,OK,normal,normal,0.0,0.0
run_0059,4,2023-11-15T21:51:00.290093+00:00,node_2,11.932968,OK,normal,normal,0.0,0.0
run_0059,4,2023-11-15T21:51:00.272477+00:00,node_3,11.689685,OK,normal,normal,0.0,0.0
run_0059,5,2023-11-15T21:51:20.370451+00:00,node_1,11.566826,OK,minor,major,13.572463487897402,34.825686623651386
run_0059,5,2023-11-15T21:51:20.131946+00:00,node_2,10.433213,OK,minor,major,13.572463487897402,34.825686623651386
run_0059,5,2023-11-15T21:51:20.138241+00:00,node_3,6.492596,OK,minor,major,13.572463487897402,34.825686623651386
run_0059,6,2023-11-15T21:51:40.085332+00:00,node_1,11.612376,OK,minor,major,13.572463487897402,34.825686623651386
run_0059,6,2023-11-15T21:51:39.949106+00:00,node_2,10.181963,OK,minor,major,13.572463487897402,34.825686623651386
run_0059,6,2023-11-15T21:51:40.243124+00:00,node_3,6.822778,OK,minor,major,13.572463487897402,34.825686623651386
run_0059,7,2023-11-15T21:52:00.277743+00:00,node_1,11.800822,OK,minor,major,13.572463487897402,34.825686623651386
run_0059,7,2023-11-15T21:52:00.332020+00:00,node_2,10.532588,OK,minor,major,13.572463487897402,34.825686623651386
run_0059,7,2023-11-15T21:52:00.371140+00:00,node_3,6.862827,OK,minor,major,13.572463487897402,34.825686623651386
run_0059,8,2023-11-15T21:52:19.936503+00:00,node_1,11.890716,OK,minor,major,13.572463487897402,34.825686623651386
run_0059,8,2023-11-15T21:52:19.829251+00:00,node_2,10.551418,OK,minor,major,13.572463487897402,34.825686623651386
run_0059,8,2023-11-15T21:52:19.779478+00:00,node_3,6.794936,OK,minor,major,13.572463487897402,34.825686623651386
run_0059,9,2023-11-15T21:52:39.965613+00:00,node_1,11.705487,OK,minor,major,13.572463487897402,34.825686623651386
run_0059,9,2023-11-15T21:52:39.926113+00:00,node_2,9.757807,OK,minor,major,13.572463487897402,34.825686623651386
run_0059,9,2023-11-15T21:52:39.711014+00:00,node_3,6.747312,OK,minor,major,13.572463487897402,34.825686623651386
run_0059,10,2023-11-15T21:52:59.901866+00:00,node_1,11.356275,OK,minor,major,13.572463487897402,34.825686623651386
run_0059,10,2023-11-15T21:52:59.947862+00:00,node_2,9.785195,OK,minor,major,13.572463487897402,34.825686623651386
run_0059,10,2023-11-15T21:53:00.141664+00:00,node_3,6.576052,OK,minor,major,13.572463487897402,34.825686623651386
run_0059,11,2023-11-15T21:53:20.453769+00:00,node_1,11.812654,OK,minor,major,13.572463487897402,34.825686623651386
run_0059,11,2023-11-15T21:53:20.224142+00:00,node_2,10.450803,OK,minor,major,13.572463487897402,34.825686623651386
run_0059,11,2023-11-15T21:53:20.313000+00:00,node_3,6.469698,OK,minor,major,13.572463487897402,34.825686623651386
run_0059,12,2023-11-15T21:53:40.172810+00:00,node_1,10.346012,OK,minor,major,13.572463487897402,34.825686623651386
run_0059,12,2023-11-15T21:53:40.461900+00:00,node_2,8.776818,OK,minor,major,13.572463487897402,34.825686623651386
run_0059,12,2023-11-15T21:53:40.355772+00:00,node_3,5.792419,OK,minor,major,13.572463487897402,34.825686623651386
run_0059,13,2023-11-15T21:54:00.060919+00:00,node_1,9.970894,OK,minor,major,13.572463487897402,34.825686623651386
run_0059,13,2023-11-15T21:53:59.759955+00:00,node_2,9.06638,OK,minor,major,13.572463487897402,34.825686623651386
run_0059,13,2023-11-15T21:54:00.105831+00:00,node_3,5.56125,OK,minor,major,13.572463487897402,34.825686623651386
run_0059,14,2023-11-15T21:54:19.647045+00:00,node_1,9.988265,OK,minor,major,13.572463487897402,34.825686623651386
run_0059,14,2023-11-15T21:54:19.971327+00:00,node_2,8.95404,OK,minor,major,13.572463487897402,34.825686623651386
run_0059,14,2023-11-15T21:54:19.700065+00:00,node_3,5.786593,OK,minor,major,13.572463487897402,34.825686623651386
run_0059,15,2023-11-15T21:54:39.596239+00:00,node_1,10.431639,OK,minor,major,13.572463487897402,34.825686623651386
run_0059,15,2023-11-15T21:54:39.341799+00:00,node_2,8.966621,OK,minor,major,13.572463487897402,34.825686623651386
run_0059,15,2023-11-15T21:54:39.451661+00:00,node_3,5.774918,OK,minor,major,13.572463487897402,34.825686623651386
run_0059,16,2023-11-15T21:55:00.072728+00:00,node_1,10.172669,OK,minor,major,13.572463487897402,34.825686623651386
run_0059,16,2023-11-15T21:54:59.956358+00:00,node_2,8.90697,OK,minor,major,13.572463487897402,34.825686623651386
run_0059,16,2023-11-15T21:54:59.740077+00:00,node_3,5.657364,OK,minor,major,13.572463487897402,34.825686623651386
run_0059,17,2023-11-15T21:55:20.179349+00:00,node_1,10.24094,OK,minor,major,13.572463487897402,34.825686623651386
run_0059,17,2023-11-15T21:55:20.161772+00:00,node_2,8.807945,OK,minor,major,13.572463487897402,34.825686623651386
run_0059,17,2023-11-15T21:55:20.410329+00:00,node_3,5.748899,OK,minor,major,13.572463487897402,34.825686623651386
run_0059,18,2023-11-15T21:55:39.915506+00:00,node_1,9.993229,OK,minor,major,13.572463487897402,34.825686623651386
run_0059,18,2023-11-15T21:55:40.154548+00:00,node_2,8.833629,OK,minor,major,13.572463487897402,34.825686623651386
run_0059,18,2023-11-15T21:55:39.978499+00:00,node_3,5.571314,OK,minor,major,13.572463487897402,34.825686623651386
run_0059,19,2023-11-15T21:56:00.373521+00:00,node_1,10.296411,OK,minor,major,13.572463487897402,34.825686623651386
run_0059,19,2023-11-15T21:56:00.110073+00:00,node_2,8.878722,OK,minor,major,13.572463487897402,34.825686623651386
run_0059,19,2023-11-15T21:56:00.083811+00:00,node_3,5.768135,OK,minor,major,13.572463487897402,34.825686623651386
run_0059,20,2023-11-15T21:56:20.407894+00:00,node_1,10.06964,OK,minor,major,13.572463487897402,34.825686623651386
run_0059,20,2023-11-15T21:56:20.371339+00:00,node_2,8.985466,OK,minor,major,13.572463487897402,34.825686623651386
run_0059,20,2023-11-15T21:56:20.128739+00:00,node_3,5.941579,OK,minor,major,13.572463487897402,34.825686623651386
run_0059,21,2023-11-15T21:56:40.376803+00:00,node_1,10.243366,OK,minor,major,13.572463487897402,34.825686623651386
run_0059,21,2023-11-15T21:56:40.109243+00:00,node_2,8.971116,OK,minor,major,13.572463487897402,34.825686623651386
run_0059,21,2023-11-15T21:56:40.109697+00:00,node_3,5.579111,OK,minor,major,13.572463487897402,34.825686623651386
run_0059,22,2023-11-15T21:57:00.148316+00:00,node_1,10.097744,OK,minor,major,13.572463487897402,34.825686623651386
run_0059,22,2023-11-15T21:57:00.350948+00:00,node_2,8.806763,OK,minor,major,13.572463487897402,34.825686623651386
run_0059,22,2023-11-15T21:56:59.978724+00:00,node_3,5.734887,OK,minor,major,13.572463487897402,34.825686623651386
run_0059,23,2023-11-15T21:57:19.758766+00:00,node_1,9.975437,OK,minor,major,13.572463487897402,34.825686623651386
run_0059,23,2023-11-15T21:57:20.051865+00:00,node_2,8.723426,OK,minor,major,13.572463487897402,34.825686623651386
run_0059,23,2023-11-15T21:57:19.862902+00:00,node_3,5.756486,OK,minor,major,13.572463487897402,34.825686623651386
run_0059,24,2023-11-15T21:57:39.647308+00:00,node_1,10.030947,OK,minor,major,13.572463487897402,34.825686623651386
run_0059,24,2023-11-15T21:57:39.478290+00:00,node_2,9.07746,OK,minor,major,13.572463487897402,34.825686623651386
run_0059,24,2023-11-15T21:57:39.774484+00:00,node_3,5.527097,OK,minor,major,13.572463487897402,34.825686623651386
run_0059,25,2023-11-15T21:57:59.567458+00:00,node_1,9.820737,OK,minor,major,13.572463487897402,34.825686623651386
run_0059,25,2023-11-15T21:57:59.868328+00:00,node_2,8.740693,OK,minor,major,13.572463487897402,34.825686623651386
run_0059,25,2023-11-15T21:57:59.705499+00:00,node_3,5.468949,OK,minor,major,13.572463487897402,34.825686623651386
run_0059,26,2023-11-15T21:58:20.009304+00:00,node_1,10.324005,OK,minor,major,13.572463487897402,34.825686623651386
run_0059,26,2023-11-15T21:58:19.999064+00:00,node_2,8.443042,OK,minor,major,13.572463487897402,34.825686623651386
run_0059,26,2023-11-15T21:58:19.749973+00:00,node_3,5.62019,OK,minor,major,13.572463487897402,34.825686623651386
run_0059,27,2023-11-15T21:58:39.741760+00:00,node_1,9.954402,OK,minor,major,13.572463487897402,34.825686623651386
run_0059,27,2023-11-15T21:58:39.833277+00:00,node_2,8.882169,OK,minor,major,13.572463487897402,34.825686623651386
run_0059,27,2023-11-15T21:58:39.668763+00:00,node_3,5.862876,OK,minor,major,13.572463487897402,34.825686623651386
run_0059,28,2023-11-15T21:58:59.972067+00:00,node_1,9.775413,OK,minor,major,13.572463487897402,34.825686623651386
run_0059,28,2023-11-15T21:58:59.916437+00:00,node_2,8.304881,OK,minor,major,13.572463487897402,34.825686623651386
run_0059,28,2023-11-15T21:58:59.799641+00:00,node_3,5.894384,OK,minor,major,13.572463487897402,34.825686623651386
run_0059,29,2023-11-15T21:59:20.091189+00:00,node_1,9.63366,OK,minor,major,13.572463487897402,34.825686623651386
run_0059,29,2023-11-15T21:59:19.909106+00:00,node_2,8.749177,OK,minor,major,13.572463487897402,34.825686623651386
run_0059,29,2023-11-15T21:59:19.897906+00:00,node_3,5.839644,OK,minor,major,13.572463487897402,34.825686623651386
run_0059,30,2023-11-15T21:59:40.088363+00:00,node_1,9.382206,OK,minor,major,13.572463487897402,34.825686623651386
run_0059,30,2023-11-15T21:59:40.100835+00:00,node_2,8.278491,OK,minor,major,13.572463487897402,34.825686623651386
run_0059,30,2023-11-15T21:59:40.362774+00:00,node_3,5.335826,OK,minor,major,13.572463487897402,34.825686623651386
run_0059,31,2023-11-15T22:00:00.262890+00:00,node_1,9.880362,OK,normal,normal,0.0,0.0
run_0059,31,2023-11-15T22:00:00.344845+00:00,node_2,9.700842,OK,normal,normal,0.0,0.0
run_0059,31,2023-11-15T22:00:00.509692+00:00,node_3,9.661913,OK,normal,normal,0.0,0.0
run_0059,32,2023-11-15T22:00:20.423870+00:00,node_1,10.064132,OK,normal,normal,0.0,0.0
run_0059,32,2023-11-15T22:00:20.609555+00:00,node_2,9.830351,OK,normal,normal,0.0,0.0
run_0059,32,2023-11-15T22:00:20.538512+00:00,node_3,10.359305,OK,normal,normal,0.0,0.0
run_0059,33,2023-11-15T22:00:40.616201+00:00,node_1,9.964642,OK,normal,normal,0.0,0.0
run_0059,33,2023-11-15T22:00:40.512722+00:00,node_2,9.985382,OK,normal,normal,0.0,0.0
run_0059,33,2023-11-15T22:00:40.375137+00:00,node_3,10.151378,OK,normal,normal,0.0,0.0
run_0059,34,2023-11-15T22:01:00.911109+00:00,node_1,9.79438,OK,normal,normal,0.0,0.0
run_0059,34,2023-11-15T22:01:00.605144+00:00,node_2,9.743403,OK,normal,normal,0.0,0.0
run_0059,34,2023-11-15T22:01:00.872040+00:00,node_3,9.971922,OK,normal,normal,0.0,0.0
run_0059,35,2023-11-15T22:01:21.039915+00:00,node_1,10.038938,OK,normal,normal,0.0,0.0
run_0059,35,2023-11-15T22:01:21.076319+00:00,node_2,10.146515,OK,normal,normal,0.0,0.0
run_0059,35,2023-11-15T22:01:20.959759+00:00,node_3,9.564871,OK,normal,normal,0.0,0.0
run_0060,0,2023-11-15T22:13:40.047115+00:00,node_1,11.673656,OK,normal,normal,0.0,0.0
run_0060,0,2023-11-15T22:13:39.910747+00:00,node_2,12.001958,OK,normal,normal,0.0,0.0
run_0060,0,2023-11-15T22:13:39.758385+00:00,node_3,11.815653,OK,normal,normal,0.0,0.0
run_0060,1,2023-11-15T22:13:59.604554+00:00,node_1,11.547085,OK,normal,normal,0.0,0.0
run_0060,1,2023-11-15T22:13:59.585444+00:00,node_2,11.637374,OK,normal,normal,0.0,0.0
run_0060,1,2023-11-15T22:13:59.632058+00:00,node_3,11.570594,OK,normal,normal,0.0,0.0
run_0060,2,2023-11-15T22:14:19.727386+00:00,node_1,11.704468,OK,normal,normal,0.0,0.0
run_0060,2,2023-11-15T22:14:19.769872+00:00,node_2,11.644025,OK,normal,normal,0.0,0.0
run_0060,2,2023-11-15T22:14:19.514209+00:00,node_3,11.543207,OK,normal,normal,0.0,0.0
run_0060,3,2023-11-15T22:14:39.625030+00:00,node_1,11.626417,OK,normal,normal,0.0,0.0
run_0060,3,2023-11-15T22:14:39.485685+00:00,node_2,11.257307,OK,normal,normal,0.0,0.0
run_0060,3,2023-11-15T22:14:39.537063+00:00,node_3,11.937926,OK,normal,normal,0.0,0.0
run_0060,4,2023-11-15T22:14:59.651372+00:00,node_1,11.767654,OK,normal,normal,0.0,0.0
run_0060,4,2023-11-15T22:14:59.638304+00:00,node_2,11.664294,OK,normal,normal,0.0,0.0
run_0060,4,2023-11-15T22:14:59.635633+00:00,node_3,11.695322,OK,normal,normal,0.0,0.0
run_0060,5,2023-11-15T22:15:19.158747+00:00,node_1,11.344694,OK,major,normal,39.155660898690506,0
run_0060,5,2023-11-15T22:15:19.117334+00:00,node_2,6.94574,OK,major,normal,39.155660898690506,0
run_0060,5,2023-11-15T22:15:19.489664+00:00,node_3,6.849465,OK,major,normal,39.155660898690506,0
run_0060,6,2023-11-15T22:15:39.452431+00:00,node_1,11.671654,OK,major,normal,39.155660898690506,0
run_0060,6,2023-11-15T22:15:39.598633+00:00,node_2,7.03424,OK,major,normal,39.155660898690506,0
run_0060,6,2023-11-15T22:15:39.636757+00:00,node_3,7.078997,OK,major,normal,39.155660898690506,0
run_0060,7,2023-11-15T22:15:59.894246+00:00,node_1,11.155883,OK,major,normal,39.155660898690506,0
run_0060,7,2023-11-15T22:15:59.651611+00:00,node_2,7.061681,OK,major,normal,39.155660898690506,0
run_0060,7,2023-11-15T22:15:59.922918+00:00,node_3,7.106381,OK,major,normal,39.155660898690506,0
run_0060,8,2023-11-15T22:16:19.746831+00:00,node_1,12.2597,OK,major,normal,39.155660898690506,0
run_0060,8,2023-11-15T22:16:19.550661+00:00,node_2,7.19754,OK,major,normal,39.155660898690506,0
run_0060,8,2023-11-15T22:16:19.527861+00:00,node_3,6.908043,OK,major,normal,39.155660898690506,0
run_0060,9,2023-11-15T22:16:39.451396+00:00,node_1,11.742372,OK,major,normal,39.155660898690506,0
run_0060,9,2023-11-15T22:16:39.265784+00:00,node_2,7.153477,OK,major,normal,39.155660898690506,0
run_0060,9,2023-11-15T22:16:39.511805+00:00,node_3,6.91986,OK,major,normal,39.155660898690506,0
run_0060,10,2023-11-15T22:16:59.356937+00:00,node_1,11.676573,OK,major,normal,39.155660898690506,0
run_0060,10,2023-11-15T22:16:59.333308+00:00,node_2,7.037049,OK,major,normal,39.155660898690506,0
run_0060,10,2023-11-15T22:16:59.389467+00:00,node_3,6.986526,OK,major,normal,39.155660898690506,0
run_0060,11,2023-11-15T22:17:19.255580+00:00,node_1,11.953576,OK,major,normal,39.155660898690506,0
run_0060,11,2023-11-15T22:17:19.318711+00:00,node_2,6.948485,OK,major,normal,39.155660898690506,0
run_0060,11,2023-11-15T22:17:19.450819+00:00,node_3,7.160244,OK,major,normal,39.155660898690506,0
run_0060,12,2023-11-15T22:17:39.528351+00:00,node_1,8.222692,OK,major,normal,39.155660898690506,0
run_0060,12,2023-11-15T22:17:39.732488+00:00,node_2,5.100276,OK,major,normal,39.155660898690506,0
run_0060,12,2023-11-15T22:17:39.402538+00:00,node_3,5.052068,OK,major,normal,39.155660898690506,0
run_0060,13,2023-11-15T22:17:59.502796+00:00,node_1,8.499307,OK,major,normal,39.155660898690506,0
run_0060,13,2023-11-15T22:17:59.704713+00:00,node_2,5.222204,OK,major,normal,39.155660898690506,0
run_0060,13,2023-11-15T22:17:59.540711+00:00,node_3,5.067283,OK,major,normal,39.155660898690506,0
run_0060,14,2023-11-15T22:18:19.451823+00:00,node_1,8.371062,OK,major,normal,39.155660898690506,0
run_0060,14,2023-11-15T22:18:19.462801+00:00,node_2,5.035647,OK,major,normal,39.155660898690506,0
run_0060,14,2023-11-15T22:18:19.686237+00:00,node_3,4.989264,OK,major,normal,39.155660898690506,0
run_0060,15,2023-11-15T22:18:39.423477+00:00,node_1,8.623745,OK,major,normal,39.155660898690506,0
run_0060,15,2023-11-15T22:18:39.325957+00:00,node_2,5.098443,OK,major,normal,39.155660898690506,0
run_0060,15,2023-11-15T22:18:39.250656+00:00,node_3,5.014886,OK,major,normal,39.155660898690506,0
run_0060,16,2023-11-15T22:18:59.034817+00:00,node_1,8.373706,OK,major,normal,39.155660898690506,0
run_0060,16,2023-11-15T22:18:59.160566+00:00,node_2,5.271916,OK,major,normal,39.155660898690506,0
run_0060,16,2023-11-15T22:18:59.281399+00:00,node_3,5.025672,OK,major,normal,39.155660898690506,0
run_0060,17,2023-11-15T22:19:19.145705+00:00,node_1,8.198898,OK,major,normal,39.155660898690506,0
run_0060,17,2023-11-15T22:19:19.177124+00:00,node_2,4.872355,OK,major,normal,39.155660898690506,0
run_0060,17,2023-11-15T22:19:19.185395+00:00,node_3,5.159998,OK,major,normal,39.155660898690506,0
run_0060,18,2023-11-15T22:19:39.210825+00:00,node_1,8.441114,OK,major,normal,39.155660898690506,0
run_0060,18,2023-11-15T22:19:38.973331+00:00,node_2,5.230274,OK,major,normal,39.155660898690506,0
run_0060,18,2023-11-15T22:19:38.953334+00:00,node_3,4.971058,OK,major,normal,39.155660898690506,0
run_0060,19,2023-11-15T22:19:58.666979+00:00,node_1,8.275717,OK,major,normal,39.155660898690506,0
run_0060,19,2023-11-15T22:19:58.809963+00:00,node_2,5.258463,OK,major,normal,39.155660898690506,0
run_0060,19,2023-11-15T22:19:58.605753+00:00,node_3,5.04256,OK,major,normal,39.155660898690506,0
run_0060,20,2023-11-15T22:20:18.853676+00:00,node_1,8.275233,OK,major,normal,39.155660898690506,0
run_0060,20,2023-11-15T22:20:19.024149+00:00,node_2,5.144917,OK,major,normal,39.155660898690506,0
run_0060,20,2023-11-15T22:20:18.778837+00:00,node_3,5.288972,OK,major,normal,39.155660898690506,0
run_0060,21,2023-11-15T22:20:38.918522+00:00,node_1,8.093137,OK,major,normal,39.155660898690506,0
run_0060,21,2023-11-15T22:20:38.825254+00:00,node_2,5.090647,OK,major,normal,39.155660898690506,0
run_0060,21,2023-11-15T22:20:38.862031+00:00,node_3,5.063757,OK,major,normal,39.155660898690506,0
run_0060,22,2023-11-15T22:20:59.173661+00:00,node_1,8.266601,OK,major,normal,39.155660898690506,0
run_0060,22,2023-11-15T22:20:59.086545+00:00,node_2,4.950591,OK,major,normal,39.155660898690506,0
run_0060,22,2023-11-15T22:20:58.987284+00:00,node_3,4.870522,OK,major,normal,39.155660898690506,0
run_0060,23,2023-11-15T22:21:19.106282+00:00,node_1,8.470005,OK,major,normal,39.155660898690506,0
run_0060,23,2023-11-15T22:21:19.293240+00:00,node_2,5.307135,OK,major,normal,39.155660898690506,0
run_0060,23,2023-11-15T22:21:19.116473+00:00,node_3,5.069867,OK,major,normal,39.155660898690506,0
run_0060,24,2023-11-15T22:21:39.348584+00:00,node_1,8.443497,OK,major,normal,39.155660898690506,0
run_0060,24,2023-11-15T22:21:39.294941+00:00,node_2,5.24848,OK,major,normal,39.155660898690506,0
run_0060,24,2023-11-15T22:21:39.469974+00:00,node_3,5.041524,OK,major,normal,39.155660898690506,0
run_0060,25,2023-11-15T22:21:59.679592+00:00,node_1,8.546215,OK,major,normal,39.155660898690506,0
run_0060,25,2023-11-15T22:21:59.543123+00:00,node_2,5.164292,OK,major,normal,39.155660898690506,0
run_0060,25,2023-11-15T22:21:59.462514+00:00,node_3,5.056432,OK,major,normal,39.155660898690506,0
run_0060,26,2023-11-15T22:22:19.639420+00:00,node_1,8.466614,OK,major,normal,39.155660898690506,0
run_0060,26,2023-11-15T22:22:19.494490+00:00,node_2,5.214534,OK,major,normal,39.155660898690506,0
run_0060,26,2023-11-15T22:22:19.597044+00:00,node_3,5.210467,OK,major,normal,39.155660898690506,0
run_0060,27,2023-11-15T22:22:39.035553+00:00,node_1,8.291918,OK,major,normal,39.155660898690506,0
run_0060,27,2023-11-15T22:22:39.165597+00:00,node_2,5.282117,OK,major,normal,39.155660898690506,0
run_0060,27,2023-11-15T22:22:39.324397+00:00,node_3,5.233593,OK,major,normal,39.155660898690506,0
run_0060,28,2023-11-15T22:22:59.348589+00:00,node_1,8.334696,OK,major,normal,39.155660898690506,0
run_0060,28,2023-11-15T22:22:59.608297+00:00,node_2,4.986085,OK,major,normal,39.155660898690506,0
run_0060,28,2023-11-15T22:22:59.658000+00:00,node_3,5.006731,OK,major,normal,39.155660898690506,0
run_0060,29,2023-11-15T22:23:19.685844+00:00,node_1,8.484721,OK,major,normal,39.155660898690506,0
run_0060,29,2023-11-15T22:23:19.421202+00:00,node_2,4.910132,OK,major,normal,39.155660898690506,0
run_0060,29,2023-11-15T22:23:19.460964+00:00,node_3,4.910816,OK,major,normal,39.155660898690506,0
run_0060,30,2023-11-15T22:23:39.310596+00:00,node_1,8.601696,OK,major,normal,39.155660898690506,0
run_0060,30,2023-11-15T22:23:39.372257+00:00,node_2,5.220191,OK,major,normal,39.155660898690506,0
run_0060,30,2023-11-15T22:23:39.303836+00:00,node_3,5.160901,OK,major,normal,39.155660898690506,0
run_0060,31,2023-11-15T22:23:59.794981+00:00,node_1,8.546508,OK,normal,normal,0.0,0.0
run_0060,31,2023-11-15T22:23:59.517748+00:00,node_2,8.606363,OK,normal,normal,0.0,0.0
run_0060,31,2023-11-15T22:23:59.806646+00:00,node_3,8.623976,OK,normal,normal,0.0,0.0
run_0060,32,2023-11-15T22:24:19.382009+00:00,node_1,8.445972,OK,normal,normal,0.0,0.0
run_0060,32,2023-11-15T22:24:19.312174+00:00,node_2,8.424095,OK,normal,normal,0.0,0.0
run_0060,32,2023-11-15T22:24:19.399683+00:00,node_3,8.360508,OK,normal,normal,0.0,0.0
run_0060,33,2023-11-15T22:24:39.603333+00:00,node_1,8.355199,OK,normal,normal,0.0,0.0
run_0060,33,2023-11-15T22:24:39.615412+00:00,node_2,8.139814,OK,normal,normal,0.0,0.0
run_0060,33,2023-11-15T22:24:39.296002+00:00,node_3,8.521092,OK,normal,normal,0.0,0.0
run_0060,34,2023-11-15T22:24:59.800412+00:00,node_1,8.523489,OK,normal,normal,0.0,0.0
run_0060,34,2023-11-15T22:24:59.628342+00:00,node_2,8.743381,OK,normal,normal,0.0,0.0
run_0060,34,2023-11-15T22:24:59.817415+00:00,node_3,8.377311,OK,normal,normal,0.0,0.0
run_0060,35,2023-11-15T22:25:19.919389+00:00,node_1,8.769124,OK,normal,normal,0.0,0.0
run_0060,35,2023-11-15T22:25:20.239228+00:00,node_2,8.438665,OK,normal,normal,0.0,0.0
run_0060,35,2023-11-15T22:25:19.909285+00:00,node_3,8.318081,OK,normal,normal,0.0,0.0
run_0061,0,2023-11-15T22:37:40.100499+00:00,node_1,8.59043,OK,normal,normal,0.0,0.0
run_0061,0,2023-11-15T22:37:40.147284+00:00,node_2,9.129738,OK,normal,normal,0.0,0.0
run_0061,0,2023-11-15T22:37:40.191489+00:00,node_3,8.743415,OK,normal,normal,0.0,0.0
run_0061,1,2023-11-15T22:38:00.081647+00:00,node_1,8.604989,OK,normal,normal,0.0,0.0
run_0061,1,2023-11-15T22:37:59.833481+00:00,node_2,8.965046,OK,normal,normal,0.0,0.0
run_0061,1,2023-11-15T22:38:00.177697+00:00,node_3,8.778279,OK,normal,normal,0.0,0.0
run_0061,2,2023-11-15T22:38:19.932754+00:00,node_1,8.991779,OK,normal,normal,0.0,0.0
run_0061,2,2023-11-15T22:38:19.965188+00:00,node_2,8.512708,OK,normal,normal,0.0,0.0
run_0061,2,2023-11-15T22:38:20.230103+00:00,node_3,9.219325,OK,normal,normal,0.0,0.0
run_0061,3,2023-11-15T22:38:39.850133+00:00,node_1,9.035165,OK,normal,normal,0.0,0.0
run_0061,3,2023-11-15T22:38:39.930886+00:00,node_2,9.215842,OK,normal,normal,0.0,0.0
run_0061,3,2023-11-15T22:38:39.833865+00:00,node_3,9.017703,OK,normal,normal,0.0,0.0
run_0061,4,2023-11-15T22:38:59.970151+00:00,node_1,8.889728,OK,normal,normal,0.0,0.0
run_0061,4,2023-11-15T22:38:59.871775+00:00,node_2,9.093373,OK,normal,normal,0.0,0.0
run_0061,4,2023-11-15T22:38:59.928152+00:00,node_3,9.062368,OK,normal,normal,0.0,0.0
run_0061,5,2023-11-15T22:39:19.591139+00:00,node_1,8.872605,OK,major,minor,46.0368097421782,5.584453504917454
run_0061,5,2023-11-15T22:39:19.856566+00:00,node_2,4.820259,OK,major,minor,46.0368097421782,5.584453504917454
run_0061,5,2023-11-15T22:39:19.549158+00:00,node_3,4.563303,OK,major,minor,46.0368097421782,5.584453504917454
run_0061,6,2023-11-15T22:39:39.591032+00:00,node_1,8.654578,OK,major,minor,46.0368097421782,5.584453504917454
run_0061,6,2023-11-15T22:39:39.372947+00:00,node_2,4.79626,OK,major,minor,46.0368097421782,5.584453504917454
run_0061,6,2023-11-15T22:39:39.631766+00:00,node_3,4.506059,OK,major,minor,46.0368097421782,5.584453504917454
run_0061,7,2023-11-15T22:39:59.681910+00:00,node_1,9.028618,OK,major,minor,46.0368097421782,5.584453504917454
run_0061,7,2023-11-15T22:39:59.822328+00:00,node_2,5.036738,OK,major,minor,46.0368097421782,5.584453504917454
run_0061,7,2023-11-15T22:39:59.817394+00:00,node_3,4.514729,OK,major,minor,46.0368097421782,5.584453504917454
run_0061,8,2023-11-15T22:40:19.897563+00:00,node_1,8.978278,OK,major,minor,46.0368097421782,5.584453504917454
run_0061,8,2023-11-15T22:40:19.949415+00:00,node_2,4.958971,OK,major,minor,46.0368097421782,5.584453504917454
run_0061,8,2023-11-15T22:40:20.184777+00:00,node_3,4.705635,OK,major,minor,46.0368097421782,5.584453504917454
run_0061,9,2023-11-15T22:40:39.845654+00:00,node_1,8.666663,OK,major,minor,46.0368097421782,5.584453504917454
run_0061,9,2023-11-15T22:40:39.664165+00:00,node_2,4.842999,OK,major,minor,46.0368097421782,5.584453504917454
run_0061,9,2023-11-15T22:40:39.789612+00:00,node_3,4.740311,OK,major,minor,46.0368097421782,5.584453504917454
run_0061,10,2023-11-15T22:40:59.436803+00:00,node_1,8.839033,OK,major,minor,46.0368097421782,5.584453504917454
run_0061,10,2023-11-15T22:40:59.202758+00:00,node_2,4.841699,OK,major,minor,46.0368097421782,5.584453504917454
run_0061,10,2023-11-15T22:40:59.475073+00:00,node_3,4.634557,OK,major,minor,46.0368097421782,5.584453504917454
run_0061,11,2023-11-15T22:41:19.261004+00:00,node_1,8.668389,OK,major,minor,46.0368097421782,5.584453504917454
run_0061,11,2023-11-15T22:41:19.455715+00:00,node_2,4.804643,OK,major,minor,46.0368097421782,5.584453504917454
run_0061,11,2023-11-15T22:41:19.609185+00:00,node_3,4.665912,OK,major,minor,46.0368097421782,5.584453504917454
run_0061,12,2023-11-15T22:41:39.313138+00:00,node_1,10.506825,OK,major,minor,46.0368097421782,5.584453504917454
run_0061,12,2023-11-15T22:41:39.203773+00:00,node_2,5.849475,OK,major,minor,46.0368097421782,5.584453504917454
run_0061,12,2023-11-15T22:41:39.285321+00:00,node_3,5.451815,OK,major,minor,46.0368097421782,5.584453504917454
run_0061,13,2023-11-15T22:41:59.335501+00:00,node_1,10.467706,OK,major,minor,46.0368097421782,5.584453504917454
run_0061,13,2023-11-15T22:41:59.235055+00:00,node_2,5.778581,OK,major,minor,46.0368097421782,5.584453504917454
run_0061,13,2023-11-15T22:41:59.328000+00:00,node_3,5.516633,OK,major,minor,46.0368097421782,5.584453504917454
run_0061,14,2023-11-15T22:42:19.570473+00:00,node_1,10.628708,OK,major,minor,46.0368097421782,5.584453504917454
run_0061,14,2023-11-15T22:42:19.464447+00:00,node_2,5.768326,OK,major,minor,46.0368097421782,5.584453504917454
run_0061,14,2023-11-15T22:42:19.441921+00:00,node_3,5.360684,OK,major,minor,46.0368097421782,5.584453504917454
run_0061,15,2023-11-15T22:42:39.445091+00:00,node_1,10.833113,OK,major,minor,46.0368097421782,5.584453504917454
run_0061,15,2023-11-15T22:42:39.451695+00:00,node_2,6.020143,OK,major,minor,46.0368097421782,5.584453504917454
run_0061,15,2023-11-15T22:42:39.279807+00:00,node_3,5.526332,OK,major,minor,46.0368097421782,5.584453504917454
run_0061,16,2023-11-15T22:42:59.671093+00:00,node_1,10.615818,OK,major,minor,46.0368097421782,5.584453504917454
run_0061,16,2023-11-15T22:42:59.646584+00:00,node_2,5.852596,OK,major,minor,46.0368097421782,5.584453504917454
run_0061,16,2023-11-15T22:42:59.649743+00:00,node_3,5.439318,OK,major,minor,46.0368097421782,5.584453504917454
run_0061,17,2023-11-15T22:43:19.665359+00:00,node_1,10.290037,OK,major,minor,46.0368097421782,5.584453504917454
run_0061,17,2023-11-15T22:43:19.527449+00:00,node_2,5.70051,OK,major,minor,46.0368097421782,5.584453504917454
run_0061,17,2023-11-15T22:43:19.540117+00:00,node_3,5.368544,OK,major,minor,46.0368097421782,5.584453504917454
run_0061,18,2023-11-15T22:43:39.387889+00:00,node_1,10.863245,OK,major,minor,46.0368097421782,5.584453504917454
run_0061,18,2023-11-15T22:43:39.134611+00:00,node_2,5.82563,OK,major,minor,46.0368097421782,5.584453504917454
run_0061,18,2023-11-15T22:43:39.164002+00:00,node_3,5.389523,OK,major,minor,46.0368097421782,5.584453504917454
run_0061,19,2023-11-15T22:43:59.517963+00:00,node_1,10.65799,OK,major,minor,46.0368097421782,5.584453504917454
run_0061,19,2023-11-15T22:43:59.426640+00:00,node_2,5.790094,OK,major,minor,46.0368097421782,5.584453504917454
run_0061,19,2023-11-15T22:43:59.760916+00:00,node_3,5.469242,OK,major,minor,46.0368097421782,5.584453504917454
run_0061,20,2023-11-15T22:44:19.409428+00:00,node_1,10.800626,OK,major,minor,46.0368097421782,5.584453504917454
run_0061,20,2023-11-15T22:44:19.489405+00:00,node_2,5.787921,OK,major,minor,46.0368097421782,5.584453504917454
run_0061,20,2023-11-15T22:44:19.290777+00:00,node_3,5.38252,OK,major,minor,46.0368097421782,5.584453504917454
run_0061,21,2023-11-15T22:44:39.504871+00:00,node_1,10.575606,OK,major,minor,46.0368097421782,5.584453504917454
run_0061,21,2023-11-15T22:44:39.894733+00:00,node_2,5.778683,OK,major,minor,46.0368097421782,5.584453504917454
run_0061,21,2023-11-15T22:44:39.622039+00:00,node_3,5.47041,OK,major,minor,46.0368097421782,5.584453504917454
run_0061,22,2023-11-15T22:44:59.659405+00:00,node_1,10.671452,OK,major,minor,46.0368097421782,5.584453504917454
run_0061,22,2023-11-15T22:44:59.690567+00:00,node_2,5.676505,OK,major,minor,46.0368097421782,5.584453504917454
run_0061,22,2023-11-15T22:44:59.590760+00:00,node_3,5.43591,OK,major,minor,46.0368097421782,5.584453504917454
run_0061,23,2023-11-15T22:45:19.619365+00:00,node_1,10.737901,OK,major,minor,46.0368097421782,5.584453504917454
run_0061,23,2023-11-15T22:45:19.478287+00:00,node_2,5.742484,OK,major,minor,46.0368097421782,5.584453504917454
run_0061,23,2023-11-15T22:45:19.415037+00:00,node_3,5.394495,OK,major,minor,46.0368097421782,5.584453504917454
run_0061,24,2023-11-15T22:45:39.563689+00:00,node_1,11.830423,OK,major,minor,46.0368097421782,5.584453504917454
run_0061,24,2023-11-15T22:45:39.523859+00:00,node_2,6.06283,OK,major,minor,46.0368097421782,5.584453504917454
run_0061,24,2023-11-15T22:45:39.618819+00:00,node_3,5.686076,OK,major,minor,46.0368097421782,5.584453504917454
run_0061,25,2023-11-15T22:45:59.258930+00:00,node_1,11.448101,OK,major,minor,46.0368097421782,5.584453504917454
run_0061,25,2023-11-15T22:45:59.500830+00:00,node_2,6.286289,OK,major,minor,46.0368097421782,5.584453504917454
run_0061,25,2023-11-15T22:45:59.321983+00:00,node_3,5.961517,OK,major,minor,46.0368097421782,5.584453504917454
run_0061,26,2023-11-15T22:46:19.429594+00:00,node_1,11.686395,OK,major,minor,46.0368097421782,5.584453504917454
run_0061,26,2023-11-15T22:46:19.507865+00:00,node_2,6.026853,OK,major,minor,46.0368097421782,5.584453504917454
run_0061,26,2023-11-15T22:46:19.401635+00:00,node_3,5.98305,OK,major,minor,46.0368097421782,5.584453504917454
run_0061,27,2023-11-15T22:46:39.844848+00:00,node_1,11.781803,OK,major,minor,46.0368097421782,5.584453504917454
run_0061,27,2023-11-15T22:46:39.730101+00:00,node_2,6.331983,OK,major,minor,46.0368097421782,5.584453504917454
run_0061,27,2023-11-15T22:46:39.644300+00:00,node_3,5.847512,OK,major,minor,46.0368097421782,5.584453504917454
run_0061,28,2023-11-15T22:47:00.042361+00:00,node_1,11.460376,OK,major,minor,46.0368097421782,5.584453504917454
run_0061,28,2023-11-15T22:47:00.257995+00:00,node_2,6.353192,OK,major,minor,46.0368097421782,5.584453504917454
run_0061,28,2023-11-15T22:47:00.235467+00:00,node_3,5.981887,OK,major,minor,46.0368097421782,5.584453504917454
run_0061,29,2023-11-15T22:47:20.164874+00:00,node_1,11.511235,OK,major,minor,46.0368097421782,5.584453504917454
run_0061,29,2023-11-15T22:47:20.207460+00:00,node_2,6.274572,OK,major,minor,46.0368097421782,5.584453504917454
run_0061,29,2023-11-15T22:47:20.165881+00:00,node_3,5.914667,OK,major,minor,46.0368097421782,5.584453504917454
run_0061,30,2023-11-15T22:47:40.158850+00:00,node_1,11.470161,OK,major,minor,46.0368097421782,5.584453504917454
run_0061,30,2023-11-15T22:47:40.213806+00:00,node_2,6.196387,OK,major,minor,46.0368097421782,5.584453504917454
run_0061,30,2023-11-15T22:47:40.266580+00:00,node_3,5.934351,OK,major,minor,46.0368097421782,5.584453504917454
run_0061,31,2023-11-15T22:48:00.091825+00:00,node_1,11.595294,OK,normal,normal,0.0,0.0
run_0061,31,2023-11-15T22:48:00.065216+00:00,node_2,11.370299,OK,normal,normal,0.0,0.0
run_0061,31,2023-11-15T22:48:00.158082+00:00,node_3,11.188261,OK,normal,normal,0.0,0.0
run_0061,32,2023-11-15T22:48:20.139397+00:00,node_1,11.237457,OK,normal,normal,0.0,0.0
run_0061,32,2023-11-15T22:48:20.416785+00:00,node_2,11.652937,OK,normal,normal,0.0,0.0
run_0061,32,2023-11-15T22:48:20.114328+00:00,node_3,11.444771,OK,normal,normal,0.0,0.0
run_0061,33,2023-11-15T22:48:40.458081+00:00,node_1,11.266586,OK,normal,normal,0.0,0.0
run_0061,33,2023-11-15T22:48:40.624143+00:00,node_2,11.319461,OK,normal,normal,0.0,0.0
run_0061,33,2023-11-15T22:48:40.554982+00:00,node_3,11.081262,OK,normal,normal,0.0,0.0
run_0061,34,2023-11-15T22:49:01.032009+00:00,node_1,11.324884,OK,normal,normal,0.0,0.0
run_0061,34,2023-11-15T22:49:00.940866+00:00,node_2,11.475817,OK,normal,normal,0.0,0.0
run_0061,34,2023-11-15T22:49:00.679330+00:00,node_3,11.434038,OK,normal,normal,0.0,0.0
run_0061,35,2023-11-15T22:49:20.620531+00:00,node_1,11.425529,OK,normal,normal,0.0,0.0
run_0061,35,2023-11-15T22:49:20.831537+00:00,node_2,11.494863,OK,normal,normal,0.0,0.0
run_0061,35,2023-11-15T22:49:20.497193+00:00,node_3,11.573086,OK,normal,normal,0.0,0.0
run_0062,0,2023-11-15T23:01:40.094729+00:00,node_1,10.396543,OK,normal,normal,0.0,0.0
run_0062,0,2023-11-15T23:01:39.897061+00:00,node_2,10.847043,OK,normal,normal,0.0,0.0
run_0062,0,2023-11-15T23:01:40.132440+00:00,node_3,10.558778,OK,normal,normal,0.0,0.0
run_0062,1,2023-11-15T23:02:00.157639+00:00,node_1,10.484101,OK,normal,normal,0.0,0.0
run_0062,1,2023-11-15T23:02:00.055618+00:00,node_2,10.645543,OK,normal,normal,0.0,0.0
run_0062,1,2023-11-15T23:02:00.227707+00:00,node_3,10.731533,OK,normal,normal,0.0,0.0
run_0062,2,2023-11-15T23:02:20.185429+00:00,node_1,10.599219,OK,normal,normal,0.0,0.0
run_0062,2,2023-11-15T23:02:20.180974+00:00,node_2,10.561741,OK,normal,normal,0.0,0.0
run_0062,2,2023-11-15T23:02:20.269117+00:00,node_3,10.731333,OK,normal,normal,0.0,0.0
run_0062,3,2023-11-15T23:02:40.289882+00:00,node_1,10.404933,OK,normal,normal,0.0,0.0
run_0062,3,2023-11-15T23:02:40.611590+00:00,node_2,10.361341,OK,normal,normal,0.0,0.0
run_0062,3,2023-11-15T23:02:40.472116+00:00,node_3,10.00362,OK,normal,normal,0.0,0.0
run_0062,4,2023-11-15T23:03:00.879354+00:00,node_1,10.533037,OK,normal,normal,0.0,0.0
run_0062,4,2023-11-15T23:03:00.696774+00:00,node_2,10.163523,OK,normal,normal,0.0,0.0
run_0062,4,2023-11-15T23:03:00.778037+00:00,node_3,10.745962,OK,normal,normal,0.0,0.0
run_0062,5,2023-11-15T23:03:20.954298+00:00,node_1,10.886219,OK,major,major,47.889156999520566,37.44570043724853
run_0062,5,2023-11-15T23:03:20.960042+00:00,node_2,5.563633,OK,major,major,47.889156999520566,37.44570043724853
run_0062,5,2023-11-15T23:03:21.135506+00:00,node_3,3.539692,OK,major,major,47.889156999520566,37.44570043724853
run_0062,6,2023-11-15T23:03:40.569669+00:00,node_1,10.472029,OK,major,major,47.889156999520566,37.44570043724853
run_0062,6,2023-11-15T23:03:40.562147+00:00,node_2,5.479331,OK,major,major,47.889156999520566,37.44570043724853
run_0062,6,2023-11-15T23:03:40.563448+00:00,node_3,3.430559,OK,major,major,47.889156999520566,37.44570043724853
run_0062,7,2023-11-15T23:04:00.987648+00:00,node_1,10.320565,OK,major,major,47.889156999520566,37.44570043724853
run_0062,7,2023-11-15T23:04:00.911831+00:00,node_2,5.303698,OK,major,major,47.889156999520566,37.44570043724853
run_0062,7,2023-11-15T23:04:01.163015+00:00,node_3,3.539418,OK,major,major,47.889156999520566,37.44570043724853
run_0062,8,2023-11-15T23:04:20.983386+00:00,node_1,10.746492,OK,major,major,47.889156999520566,37.44570043724853
run_0062,8,2023-11-15T23:04:21.145729+00:00,node_2,5.507971,OK,major,major,47.889156999520566,37.44570043724853
run_0062,8,2023-11-15T23:04:20.992862+00:00,node_3,3.569028,OK,major,major,47.889156999520566,37.44570043724853
run_0062,9,2023-11-15T23:04:40.569439+00:00,node_1,10.676819,OK,major,major,47.889156999520566,37.44570043724853
run_0062,9,2023-11-15T23:04:40.526052+00:00,node_2,5.46514,OK,major,major,47.889156999520566,37.44570043724853
run_0062,9,2023-11-15T23:04:40.681514+00:00,node_3,3.309043,OK,major,major,47.889156999520566,37.44570043724853
run_0062,10,2023-11-15T23:05:00.830773+00:00,node_1,10.642959,OK,major,major,47.889156999520566,37.44570043724853
run_0062,10,2023-11-15T23:05:00.599182+00:00,node_2,5.625479,OK,major,major,47.889156999520566,37.44570043724853
run_0062,10,2023-11-15T23:05:00.750582+00:00,node_3,3.36696,OK,major,major,47.889156999520566,37.44570043724853
run_0062,11,2023-11-15T23:05:21.197069+00:00,node_1,10.467565,OK,major,major,47.889156999520566,37.44570043724853
run_0062,11,2023-11-15T23:05:20.921425+00:00,node_2,5.402492,OK,major,major,47.889156999520566,37.44570043724853
run_0062,11,2023-11-15T23:05:21.165709+00:00,node_3,3.345082,OK,major,major,47.889156999520566,37.44570043724853
run_0062,12,2023-11-15T23:05:41.119203+00:00,node_1,10.923921,OK,major,major,47.889156999520566,37.44570043724853
run_0062,12,2023-11-15T23:05:41.065911+00:00,node_2,5.907788,OK,major,major,47.889156999520566,37.44570043724853
run_0062,12,2023-11-15T23:05:41.073079+00:00,node_3,3.533525,OK,major,major,47.889156999520566,37.44570043724853
run_0062,13,2023-11-15T23:06:00.728380+00:00,node_1,11.022917,OK,major,major,47.889156999520566,37.44570043724853
run_0062,13,2023-11-15T23:06:00.896779+00:00,node_2,5.73827,OK,major,major,47.889156999520566,37.44570043724853
run_0062,13,2023-11-15T23:06:00.583469+00:00,node_3,3.575462,OK,major,major,47.889156999520566,37.44570043724853
run_0062,14,2023-11-15T23:06:20.728823+00:00,node_1,10.888086,OK,major,major,47.889156999520566,37.44570043724853
run_0062,14,2023-11-15T23:06:20.854805+00:00,node_2,5.672166,OK,major,major,47.889156999520566,37.44570043724853
run_0062,14,2023-11-15T23:06:20.841820+00:00,node_3,3.579803,OK,major,major,47.889156999520566,37.44570043724853
run_0062,15,2023-11-15T23:06:41.310102+00:00,node_1,11.11215,OK,major,major,47.889156999520566,37.44570043724853
run_0062,15,2023-11-15T23:06:41.205981+00:00,node_2,5.690124,OK,major,major,47.889156999520566,37.44570043724853
run_0062,15,2023-11-15T23:06:41.298532+00:00,node_3,3.564136,OK,major,major,47.889156999520566,37.44570043724853
run_0062,16,2023-11-15T23:07:01.607703+00:00,node_1,11.015581,OK,major,major,47.889156999520566,37.44570043724853
run_0062,16,2023-11-15T23:07:01.486893+00:00,node_2,5.600801,OK,major,major,47.889156999520566,37.44570043724853
run_0062,16,2023-11-15T23:07:01.395633+00:00,node_3,3.608658,OK,major,major,47.889156999520566,37.44570043724853
run_0062,17,2023-11-15T23:07:21.332465+00:00,node_1,11.176066,OK,major,major,47.889156999520566,37.44570043724853
run_0062,17,2023-11-15T23:07:21.370136+00:00,node_2,5.793226,OK,major,major,47.889156999520566,37.44570043724853
run_0062,17,2023-11-15T23:07:21.591631+00:00,node_3,3.526745,OK,major,major,47.889156999520566,37.44570043724853
run_0062,18,2023-11-15T23:07:41.329912+00:00,node_1,10.726991,OK,major,major,47.889156999520566,37.44570043724853
run_0062,18,2023-11-15T23:07:41.327334+00:00,node_2,5.602333,OK,major,major,47.889156999520566,37.44570043724853
run_0062,18,2023-11-15T23:07:41.344343+00:00,node_3,3.625736,OK,major,major,47.889156999520566,37.44570043724853
run_0062,19,2023-11-15T23:08:01.172903+00:00,node_1,11.03866,OK,major,major,47.889156999520566,37.44570043724853
run_0062,19,2023-11-15T23:08:00.951175+00:00,node_2,5.650022,OK,major,major,47.889156999520566,37.44570043724853
run_0062,19,2023-11-15T23:08:01.095908+00:00,node_3,3.546812,OK,major,major,47.889156999520566,37.44570043724853
run_0062,20,2023-11-15T23:08:20.902931+00:00,node_1,10.342053,OK,major,major,47.889156999520566,37.44570043724853
run_0062,20,2023-11-15T23:08:20.721623+00:00,node_2,5.730602,OK,major,major,47.889156999520566,37.44570043724853
run_0062,20,2023-11-15T23:08:20.955504+00:00,node_3,3.627493,OK,major,major,47.889156999520566,37.44570043724853
run_0062,21,2023-11-15T23:08:40.841522+00:00,node_1,11.081822,OK,major,major,47.889156999520566,37.44570043724853
run_0062,21,2023-11-15T23:08:40.623040+00:00,node_2,5.64787,OK,major,major,47.889156999520566,37.44570043724853
run_0062,21,2023-11-15T23:08:40.575227+00:00,node_3,3.573756,OK,major,major,47.889156999520566,37.44570043724853
run_0062,22,2023-11-15T23:09:00.651968+00:00,node_1,10.661412,OK,major,major,47.889156999520566,37.44570043724853
run_0062,22,2023-11-15T23:09:00.855430+00:00,node_2,5.581828,OK,major,major,47.889156999520566,37.44570043724853
run_0062,22,2023-11-15T23:09:00.838274+00:00,node_3,3.64819,OK,major,major,47.889156999520566,37.44570043724853
run_0062,23,2023-11-15T23:09:20.248792+00:00,node_1,11.035816,OK,major,major,47.889156999520566,37.44570043724853
run_0062,23,2023-11-15T23:09:20.301437+00:00,node_2,5.698517,OK,major,major,47.889156999520566,37.44570043724853
run_0062,23,2023-11-15T23:09:20.384262+00:00,node_3,3.569997,OK,major,major,47.889156999520566,37.44570043724853
run_0062,24,2023-11-15T23:09:40.431228+00:00,node_1,9.156179,OK,major,major,47.889156999520566,37.44570043724853
run_0062,24,2023-11-15T23:09:40.599829+00:00,node_2,4.794996,OK,major,major,47.889156999520566,37.44570043724853
run_0062,24,2023-11-15T23:09:40.631031+00:00,node_3,3.134633,OK,major,major,47.889156999520566,37.44570043724853
run_0062,25,2023-11-15T23:10:00.720539+00:00,node_1,9.541152,OK,major,major,47.889156999520566,37.44570043724853
run_0062,25,2023-11-15T23:10:00.695776+00:00,node_2,4.986536,OK,major,major,47.889156999520566,37.44570043724853
run_0062,25,2023-11-15T23:10:00.677044+00:00,node_3,3.20289,OK,major,major,47.889156999520566,37.44570043724853
run_0062,26,2023-11-15T23:10:20.694246+00:00,node_1,9.845882,OK,major,major,47.889156999520566,37.44570043724853
run_0062,26,2023-11-15T23:10:20.418173+00:00,node_2,5.107479,OK,major,major,47.889156999520566,37.44570043724853
run_0062,26,2023-11-15T23:10:20.557972+00:00,node_3,3.063146,OK,major,major,47.889156999520566,37.44570043724853
run_0062,27,2023-11-15T23:10:40.341680+00:00,node_1,9.65508,OK,major,major,47.889156999520566,37.44570043724853
run_0062,27,2023-11-15T23:10:40.527706+00:00,node_2,4.834059,OK,major,major,47.889156999520566,37.44570043724853
run_0062,27,2023-11-15T23:10:40.247062+00:00,node_3,3.161619,OK,major,major,47.889156999520566,37.44570043724853
run_0062,28,2023-11-15T23:11:00.215080+00:00,node_1,9.453342,OK,major,major,47.889156999520566,37.44570043724853
run_0062,28,2023-11-15T23:11:00.175658+00:00,node_2,4.945857,OK,major,major,47.889156999520566,37.44570043724853
run_0062,28,2023-11-15T23:11:00.364995+00:00,node_3,3.264682,OK,major,major,47.889156999520566,37.44570043724853
run_0062,29,2023-11-15T23:11:20.422315+00:00,node_1,9.593305,OK,major,major,47.889156999520566,37.44570043724853
run_0062,29,2023-11-15T23:11:20.419565+00:00,node_2,5.183171,OK,major,major,47.889156999520566,37.44570043724853
run_0062,29,2023-11-15T23:11:20.409771+00:00,node_3,3.011707,OK,major,major,47.889156999520566,37.44570043724853
run_0062,30,2023-11-15T23:11:40.561631+00:00,node_1,9.732881,OK,major,major,47.889156999520566,37.44570043724853
run_0062,30,2023-11-15T23:11:40.392556+00:00,node_2,5.168588,OK,major,major,47.889156999520566,37.44570043724853
run_0062,30,2023-11-15T23:11:40.534756+00:00,node_3,3.190518,OK,major,major,47.889156999520566,37.44570043724853
run_0062,31,2023-11-15T23:12:00.123247+00:00,node_1,9.532866,OK,normal,normal,0.0,0.0
run_0062,31,2023-11-15T23:12:00.199011+00:00,node_2,9.693812,OK,normal,normal,0.0,0.0
run_0062,31,2023-11-15T23:12:00.389320+00:00,node_3,9.413178,OK,normal,normal,0.0,0.0
run_0062,32,2023-11-15T23:12:19.972292+00:00,node_1,9.618937,OK,normal,normal,0.0,0.0
run_0062,32,2023-11-15T23:12:19.945440+00:00,node_2,9.549835,OK,normal,normal,0.0,0.0
run_0062,32,2023-11-15T23:12:20.089312+00:00,node_3,9.856736,OK,normal,normal,0.0,0.0
run_0062,33,2023-11-15T23:12:40.344458+00:00,node_1,9.830865,OK,normal,normal,0.0,0.0
run_0062,33,2023-11-15T23:12:40.334811+00:00,node_2,9.669689,OK,normal,normal,0.0,0.0
run_0062,33,2023-11-15T23:12:40.266080+00:00,node_3,9.842984,OK,normal,normal,0.0,0.0
run_0062,34,2023-11-15T23:13:00.554781+00:00,node_1,9.755471,OK,normal,normal,0.0,0.0
run_0062,34,2023-11-15T23:13:00.444237+00:00,node_2,9.595587,OK,normal,normal,0.0,0.0
run_0062,34,2023-11-15T23:13:00.519787+00:00,node_3,9.407678,OK,normal,normal,0.0,0.0
run_0062,35,2023-11-15T23:13:20.585384+00:00,node_1,9.448242,OK,normal,normal,0.0,0.0
run_0062,35,2023-11-15T23:13:20.695582+00:00,node_2,9.722743,OK,normal,normal,0.0,0.0
run_0062,35,2023-11-15T23:13:20.801652+00:00,node_3,9.582327,OK,normal,normal,0.0,0.0
run_0063,0,2023-11-15T23:25:40.303530+00:00,node_1,10.243547,OK,normal,normal,0.0,0.0
run_0063,0,2023-11-15T23:25:40.364142+00:00,node_2,9.963723,OK,normal,normal,0.0,0.0
run_0063,0,2023-11-15T23:25:40.083539+00:00,node_3,10.218938,OK,normal,normal,0.0,0.0
run_0063,1,2023-11-15T23:26:00.027484+00:00,node_1,10.167788,OK,normal,normal,0.0,0.0
run_0063,1,2023-11-15T23:26:00.070437+00:00,node_2,10.169753,OK,normal,normal,0.0,0.0
run_0063,1,2023-11-15T23:25:59.941479+00:00,node_3,10.119627,OK,normal,normal,0.0,0.0
run_0063,2,2023-11-15T23:26:20.448807+00:00,node_1,10.326946,OK,normal,normal,0.0,0.0
run_0063,2,2023-11-15T23:26:20.133844+00:00,node_2,9.989449,OK,normal,normal,0.0,0.0
run_0063,2,2023-11-15T23:26:20.319355+00:00,node_3,10.69812,OK,normal,normal,0.0,0.0
run_0063,3,2023-11-15T23:26:40.097723+00:00,node_1,10.134086,OK,normal,normal,0.0,0.0
run_0063,3,2023-11-15T23:26:40.043246+00:00,node_2,9.613448,OK,normal,normal,0.0,0.0
run_0063,3,2023-11-15T23:26:39.865536+00:00,node_3,9.903937,OK,normal,normal,0.0,0.0
run_0063,4,2023-11-15T23:26:59.867800+00:00,node_1,10.252005,OK,normal,normal,0.0,0.0
run_0063,4,2023-11-15T23:26:59.801065+00:00,node_2,10.498636,OK,normal,normal,0.0,0.0
run_0063,4,2023-11-15T23:26:59.731028+00:00,node_3,10.491299,OK,normal,normal,0.0,0.0
run_0063,5,2023-11-15T23:27:19.610006+00:00,node_1,10.363032,OK,normal,normal,0,0
run_0063,5,2023-11-15T23:27:19.782297+00:00,node_2,10.227703,OK,normal,normal,0,0
run_0063,5,2023-11-15T23:27:19.671416+00:00,node_3,10.086006,OK,normal,normal,0,0
run_0063,6,2023-11-15T23:27:39.486897+00:00,node_1,9.91132,OK,normal,normal,0,0
run_0063,6,2023-11-15T23:27:39.503226+00:00,node_2,10.309673,OK,normal,normal,0,0
run_0063,6,2023-11-15T23:27:39.466585+00:00,node_3,10.144665,OK,normal,normal,0,0
run_0063,7,2023-11-15T23:27:59.582928+00:00,node_1,10.006147,OK,normal,normal,0,0
run_0063,7,2023-11-15T23:27:59.382569+00:00,node_2,9.967579,OK,normal,normal,0,0
run_0063,7,2023-11-15T23:27:59.673649+00:00,node_3,10.031255,OK,normal,normal,0,0
run_0063,8,2023-11-15T23:28:19.461596+00:00,node_1,10.215882,OK,normal,normal,0,0
run_0063,8,2023-11-15T23:28:19.420883+00:00,node_2,10.299455,OK,normal,normal,0,0
run_0063,8,2023-11-15T23:28:19.216686+00:00,node_3,10.128266,OK,normal,normal,0,0
run_0063,9,2023-11-15T23:28:38.884943+00:00,node_1,9.868319,OK,normal,normal,0,0
run_0063,9,2023-11-15T23:28:39.125765+00:00,node_2,10.183537,OK,normal,normal,0,0
run_0063,9,2023-11-15T23:28:39.241003+00:00,node_3,10.015799,OK,normal,normal,0,0
run_0063,10,2023-11-15T23:28:59.395736+00:00,node_1,10.414639,OK,normal,normal,0,0
run_0063,10,2023-11-15T23:28:59.460138+00:00,node_2,10.480222,OK,normal,normal,0,0
run_0063,10,2023-11-15T23:28:59.392141+00:00,node_3,10.109773,OK,normal,normal,0,0
run_0063,11,2023-11-15T23:29:19.150689+00:00,node_1,9.953336,OK,normal,normal,0,0
run_0063,11,2023-11-15T23:29:19.060852+00:00,node_2,10.148765,OK,normal,normal,0,0
run_0063,11,2023-11-15T23:29:19.202500+00:00,node_3,10.357278,OK,normal,normal,0,0
run_0063,12,2023-11-15T23:29:39.248280+00:00,node_1,8.588159,OK,normal,normal,0,0
run_0063,12,2023-11-15T23:29:39.100824+00:00,node_2,8.457839,OK,normal,normal,0,0
run_0063,12,2023-11-15T23:29:39.138205+00:00,node_3,8.858889,OK,normal,normal,0,0
run_0063,13,2023-11-15T23:29:59.391385+00:00,node_1,8.826596,OK,normal,normal,0,0
run_0063,13,2023-11-15T23:29:59.378662+00:00,node_2,8.773385,OK,normal,normal,0,0
run_0063,13,2023-11-15T23:29:59.698443+00:00,node_3,8.715196,OK,normal,normal,0,0
run_0063,14,2023-11-15T23:30:19.174797+00:00,node_1,8.768973,OK,normal,normal,0,0
run_0063,14,2023-11-15T23:30:19.301377+00:00,node_2,8.578622,OK,normal,normal,0,0
run_0063,14,2023-11-15T23:30:19.250954+00:00,node_3,8.852424,OK,normal,normal,0,0
run_0063,15,2023-11-15T23:30:39.092370+00:00,node_1,8.89319,OK,normal,normal,0,0
run_0063,15,2023-11-15T23:30:38.925654+00:00,node_2,8.685858,OK,normal,normal,0,0
run_0063,15,2023-11-15T23:30:39.196588+00:00,node_3,8.436193,OK,normal,normal,0,0
run_0063,16,2023-11-15T23:30:59.172107+00:00,node_1,8.790325,OK,normal,normal,0,0
run_0063,16,2023-11-15T23:30:58.965549+00:00,node_2,8.521658,OK,normal,normal,0,0
run_0063,16,2023-11-15T23:30:59.210316+00:00,node_3,8.597256,OK,normal,normal,0,0
run_0063,17,2023-11-15T23:31:18.826061+00:00,node_1,8.84565,OK,normal,normal,0,0
run_0063,17,2023-11-15T23:31:18.699444+00:00,node_2,8.637956,OK,normal,normal,0,0
run_0063,17,2023-11-15T23:31:18.645593+00:00,node_3,8.731762,OK,normal,normal,0,0
run_0063,18,2023-11-15T23:31:39.100071+00:00,node_1,8.571455,OK,normal,normal,0,0
run_0063,18,2023-11-15T23:31:39.013197+00:00,node_2,9.064061,OK,normal,normal,0,0
run_0063,18,2023-11-15T23:31:38.857321+00:00,node_3,8.423413,OK,normal,normal,0,0
run_0063,19,2023-11-15T23:31:59.187338+00:00,node_1,8.647282,OK,normal,normal,0,0
run_0063,19,2023-11-15T23:31:59.013862+00:00,node_2,8.900589,OK,normal,normal,0,0
run_0063,19,2023-11-15T23:31:59.011982+00:00,node_3,8.770236,OK,normal,normal,0,0
run_0063,20,2023-11-15T23:32:18.555997+00:00,node_1,8.572366,OK,normal,normal,0,0
run_0063,20,2023-11-15T23:32:18.607677+00:00,node_2,8.78878,OK,normal,normal,0,0
run_0063,20,2023-11-15T23:32:18.551901+00:00,node_3,8.750662,OK,normal,normal,0,0
run_0063,21,2023-11-15T23:32:38.582556+00:00,node_1,8.30056,OK,normal,normal,0,0
run_0063,21,2023-11-15T23:32:38.495724+00:00,node_2,8.274563,OK,normal,normal,0,0
run_0063,21,2023-11-15T23:32:38.331592+00:00,node_3,8.639696,OK,normal,normal,0,0
run_0063,22,2023-11-15T23:32:58.533947+00:00,node_1,8.871252,OK,normal,normal,0,0
run_0063,22,2023-11-15T23:32:58.541226+00:00,node_2,8.613156,OK,normal,normal,0,0
run_0063,22,2023-11-15T23:32:58.636689+00:00,node_3,9.06765,OK,normal,normal,0,0
run_0063,23,2023-11-15T23:33:18.620384+00:00,node_1,8.752261,OK,normal,normal,0,0
run_0063,23,2023-11-15T23:33:18.420912+00:00,node_2,8.577311,OK,normal,normal,0,0
run_0063,23,2023-11-15T23:33:18.380715+00:00,node_3,8.618937,OK,normal,normal,0,0
run_0063,24,2023-11-15T23:33:38.465240+00:00,node_1,10.06999,OK,normal,normal,0,0
run_0063,24,2023-11-15T23:33:38.350180+00:00,node_2,9.712573,OK,normal,normal,0,0
run_0063,24,2023-11-15T23:33:38.457435+00:00,node_3,10.465259,OK,normal,normal,0,0
run_0063,25,2023-11-15T23:33:58.318557+00:00,node_1,10.094159,OK,normal,normal,0,0
run_0063,25,2023-11-15T23:33:58.465567+00:00,node_2,10.083347,OK,normal,normal,0,0
run_0063,25,2023-11-15T23:33:58.504666+00:00,node_3,10.314133,OK,normal,normal,0,0
run_0063,26,2023-11-15T23:34:18.582272+00:00,node_1,10.869386,OK,normal,normal,0,0
run_0063,26,2023-11-15T23:34:18.514845+00:00,node_2,10.499586,OK,normal,normal,0,0
run_0063,26,2023-11-15T23:34:18.462564+00:00,node_3,10.635405,OK,normal,normal,0,0
run_0063,27,2023-11-15T23:34:38.434301+00:00,node_1,10.3371,OK,normal,normal,0,0
run_0063,27,2023-11-15T23:34:38.626969+00:00,node_2,10.26645,OK,normal,normal,0,0
run_0063,27,2023-11-15T23:34:38.435394+00:00,node_3,10.85695,OK,normal,normal,0,0
run_0063,28,2023-11-15T23:34:58.806922+00:00,node_1,10.270125,OK,normal,normal,0,0
run_0063,28,2023-11-15T23:34:58.741660+00:00,node_2,10.196914,OK,normal,normal,0,0
run_0063,28,2023-11-15T23:34:58.867980+00:00,node_3,10.305497,OK,normal,normal,0,0
run_0063,29,2023-11-15T23:35:19.060343+00:00,node_1,10.301242,OK,normal,normal,0,0
run_0063,29,2023-11-15T23:35:19.154531+00:00,node_2,10.213721,OK,normal,normal,0,0
run_0063,29,2023-11-15T23:35:19.073111+00:00,node_3,10.590509,OK,normal,normal,0,0
run_0063,30,2023-11-15T23:35:39.226864+00:00,node_1,10.446693,OK,normal,normal,0,0
run_0063,30,2023-11-15T23:35:39.294102+00:00,node_2,10.059327,OK,normal,normal,0,0
run_0063,30,2023-11-15T23:35:39.409299+00:00,node_3,10.206758,OK,normal,normal,0,0
run_0063,31,2023-11-15T23:35:59.446700+00:00,node_1,10.109826,OK,normal,normal,0.0,0.0
run_0063,31,2023-11-15T23:35:59.689926+00:00,node_2,10.089487,OK,normal,normal,0.0,0.0
run_0063,31,2023-11-15T23:35:59.507745+00:00,node_3,10.328177,OK,normal,normal,0.0,0.0
run_0063,32,2023-11-15T23:36:19.224803+00:00,node_1,10.448499,OK,normal,normal,0.0,0.0
run_0063,32,2023-11-15T23:36:19.362740+00:00,node_2,10.207434,OK,normal,normal,0.0,0.0
run_0063,32,2023-11-15T23:36:19.316918+00:00,node_3,10.911788,OK,normal,normal,0.0,0.0
run_0063,33,2023-11-15T23:36:39.423025+00:00,node_1,10.2544,OK,normal,normal,0.0,0.0
run_0063,33,2023-11-15T23:36:39.380977+00:00,node_2,10.507037,OK,normal,normal,0.0,0.0
run_0063,33,2023-11-15T23:36:39.433837+00:00,node_3,10.175966,OK,normal,normal,0.0,0.0
run_0063,34,2023-11-15T23:36:58.974858+00:00,node_1,10.073972,OK,normal,normal,0.0,0.0
run_0063,34,2023-11-15T23:36:59.230458+00:00,node_2,9.960761,OK,normal,normal,0.0,0.0
run_0063,34,2023-11-15T23:36:58.936521+00:00,node_3,10.325448,OK,normal,normal,0.0,0.0
run_0063,35,2023-11-15T23:37:18.753096+00:00,node_1,10.988277,OK,normal,normal,0.0,0.0
run_0063,35,2023-11-15T23:37:18.922997+00:00,node_2,10.16215,OK,normal,normal,0.0,0.0
run_0063,35,2023-11-15T23:37:18.786998+00:00,node_3,10.308851,OK,normal,normal,0.0,0.0
run_0064,0,2023-11-15T23:49:40.408326+00:00,node_1,11.211561,OK,normal,normal,0.0,0.0
run_0064,0,2023-11-15T23:49:40.223131+00:00,node_2,11.026854,OK,normal,normal,0.0,0.0
run_0064,0,2023-11-15T23:49:40.134091+00:00,node_3,11.495744,OK,normal,normal,0.0,0.0
run_0064,1,2023-11-15T23:50:00.452527+00:00,node_1,11.441774,OK,normal,normal,0.0,0.0
run_0064,1,2023-11-15T23:50:00.695746+00:00,node_2,11.506054,OK,normal,normal,0.0,0.0
run_0064,1,2023-11-15T23:50:00.489355+00:00,node_3,11.47388,OK,normal,normal,0.0,0.0
run_0064,2,2023-11-15T23:50:20.553668+00:00,node_1,11.126472,OK,normal,normal,0.0,0.0
run_0064,2,2023-11-15T23:50:20.635371+00:00,node_2,11.409214,OK,normal,normal,0.0,0.0
run_0064,2,2023-11-15T23:50:20.445860+00:00,node_3,11.107756,OK,normal,normal,0.0,0.0
run_0064,3,2023-11-15T23:50:40.555208+00:00,node_1,11.656827,OK,normal,normal,0.0,0.0
run_0064,3,2023-11-15T23:50:40.510638+00:00,node_2,11.526065,OK,normal,normal,0.0,0.0
run_0064,3,2023-11-15T23:50:40.889875+00:00,node_3,11.904351,OK,normal,normal,0.0,0.0
run_0064,4,2023-11-15T23:51:00.655524+00:00,node_1,11.080741,OK,normal,normal,0.0,0.0
run_0064,4,2023-11-15T23:51:00.581080+00:00,node_2,11.393045,OK,normal,normal,0.0,0.0
run_0064,4,2023-11-15T23:51:00.821978+00:00,node_3,11.444371,OK,normal,normal,0.0,0.0
run_0064,5,2023-11-15T23:51:20.496926+00:00,node_1,11.682361,OK,normal,minor,0,11.566911706098905
run_0064,5,2023-11-15T23:51:20.453257+00:00,node_2,11.613346,OK,normal,minor,0,11.566911706098905
run_0064,5,2023-11-15T23:51:20.183472+00:00,node_3,9.847037,OK,normal,minor,0,11.566911706098905
run_0064,6,2023-11-15T23:51:40.314431+00:00,node_1,11.413747,OK,normal,minor,0,11.566911706098905
run_0064,6,2023-11-15T23:51:40.165878+00:00,node_2,11.47126,OK,normal,minor,0,11.566911706098905
run_0064,6,2023-11-15T23:51:40.307441+00:00,node_3,10.276575,OK,normal,minor,0,11.566911706098905
run_0064,7,2023-11-15T23:52:00.419014+00:00,node_1,11.456839,OK,normal,minor,0,11.566911706098905
run_0064,7,2023-11-15T23:52:00.534274+00:00,node_2,11.432453,OK,normal,minor,0,11.566911706098905
run_0064,7,2023-11-15T23:52:00.462054+00:00,node_3,10.075958,OK,normal,minor,0,11.566911706098905
run_0064,8,2023-11-15T23:52:20.434656+00:00,node_1,11.40763,OK,normal,minor,0,11.566911706098905
run_0064,8,2023-11-15T23:52:20.588511+00:00,node_2,11.11184,OK,normal,minor,0,11.566911706098905
run_0064,8,2023-11-15T23:52:20.555680+00:00,node_3,9.922303,OK,normal,minor,0,11.566911706098905
run_0064,9,2023-11-15T23:52:40.890281+00:00,node_1,11.559462,OK,normal,minor,0,11.566911706098905
run_0064,9,2023-11-15T23:52:40.898346+00:00,node_2,11.137574,OK,normal,minor,0,11.566911706098905
run_0064,9,2023-11-15T23:52:40.816725+00:00,node_3,10.650361,OK,normal,minor,0,11.566911706098905
run_0064,10,2023-11-15T23:53:00.934493+00:00,node_1,11.25372,OK,normal,minor,0,11.566911706098905
run_0064,10,2023-11-15T23:53:00.977417+00:00,node_2,11.334546,OK,normal,minor,0,11.566911706098905
run_0064,10,2023-11-15T23:53:01.189618+00:00,node_3,10.243151,OK,normal,minor,0,11.566911706098905
run_0064,11,2023-11-15T23:53:20.791276+00:00,node_1,11.716813,OK,normal,minor,0,11.566911706098905
run_0064,11,2023-11-15T23:53:20.722963+00:00,node_2,11.514722,OK,normal,minor,0,11.566911706098905
run_0064,11,2023-11-15T23:53:20.615733+00:00,node_3,10.184971,OK,normal,minor,0,11.566911706098905
run_0064,12,2023-11-15T23:53:40.677396+00:00,node_1,9.716741,OK,normal,minor,0,11.566911706098905
run_0064,12,2023-11-15T23:53:40.510541+00:00,node_2,9.84581,OK,normal,minor,0,11.566911706098905
run_0064,12,2023-11-15T23:53:40.874312+00:00,node_3,8.588196,OK,normal,minor,0,11.566911706098905
run_0064,13,2023-11-15T23:54:00.446610+00:00,node_1,9.782357,OK,normal,minor,0,11.566911706098905
run_0064,13,2023-11-15T23:54:00.509538+00:00,node_2,10.000429,OK,normal,minor,0,11.566911706098905
run_0064,13,2023-11-15T23:54:00.358640+00:00,node_3,8.778147,OK,normal,minor,0,11.566911706098905
run_0064,14,2023-11-15T23:54:20.408045+00:00,node_1,9.931734,OK,normal,minor,0,11.566911706098905
run_0064,14,2023-11-15T23:54:20.242695+00:00,node_2,9.758472,OK,normal,minor,0,11.566911706098905
run_0064,14,2023-11-15T23:54:20.355783+00:00,node_3,8.687187,OK,normal,minor,0,11.566911706098905
run_0064,15,2023-11-15T23:54:40.753891+00:00,node_1,9.908681,OK,normal,minor,0,11.566911706098905
run_0064,15,2023-11-15T23:54:40.631478+00:00,node_2,9.793955,OK,normal,minor,0,11.566911706098905
run_0064,15,2023-11-15T23:54:40.582511+00:00,node_3,8.670435,OK,normal,minor,0,11.566911706098905
run_0064,16,2023-11-15T23:55:00.129145+00:00,node_1,9.870372,OK,normal,minor,0,11.566911706098905
run_0064,16,2023-11-15T23:55:00.445512+00:00,node_2,9.608103,OK,normal,minor,0,11.566911706098905
run_0064,16,2023-11-15T23:55:00.275705+00:00,node_3,8.811496,OK,normal,minor,0,11.566911706098905
run_0064,17,2023-11-15T23:55:19.935335+00:00,node_1,9.58685,OK,normal,minor,0,11.566911706098905
run_0064,17,2023-11-15T23:55:19.990811+00:00,node_2,9.468235,OK,normal,minor,0,11.566911706098905
run_0064,17,2023-11-15T23:55:20.071719+00:00,node_3,8.622282,OK,normal,minor,0,11.566911706098905
run_0064,18,2023-11-15T23:55:40.113234+00:00,node_1,9.679267,OK,normal,minor,0,11.566911706098905
run_0064,18,2023-11-15T23:55:40.397741+00:00,node_2,9.55987,OK,normal,minor,0,11.566911706098905
run_0064,18,2023-11-15T23:55:40.462249+00:00,node_3,8.658595,OK,normal,minor,0,11.566911706098905
run_0064,19,2023-11-15T23:56:00.384923+00:00,node_1,9.586992,OK,normal,minor,0,11.566911706098905
run_0064,19,2023-11-15T23:56:00.688898+00:00,node_2,9.823632,OK,normal,minor,0,11.566911706098905
run_0064,19,2023-11-15T23:56:00.494774+00:00,node_3,8.841343,OK,normal,minor,0,11.566911706098905
run_0064,20,2023-11-15T23:56:20.602379+00:00,node_1,9.863911,OK,normal,minor,0,11.566911706098905
run_0064,20,2023-11-15T23:56:20.757184+00:00,node_2,9.827877,OK,normal,minor,0,11.566911706098905
run_0064,20,2023-11-15T23:56:20.806882+00:00,node_3,8.655658,OK,normal,minor,0,11.566911706098905
run_0064,21,2023-11-15T23:56:40.742268+00:00,node_1,9.646001,OK,normal,minor,0,11.566911706098905
run_0064,21,2023-11-15T23:56:41.043260+00:00,node_2,9.44514,OK,normal,minor,0,11.566911706098905
run_0064,21,2023-11-15T23:56:40.696463+00:00,node_3,8.617997,OK,normal,minor,0,11.566911706098905
run_0064,22,2023-11-15T23:57:01.456270+00:00,node_1,9.44816,OK,normal,minor,0,11.566911706098905
run_0064,22,2023-11-15T23:57:01.397880+00:00,node_2,9.913428,OK,normal,minor,0,11.566911706098905
run_0064,22,2023-11-15T23:57:01.390527+00:00,node_3,8.477689,OK,normal,minor,0,11.566911706098905
run_0064,23,2023-11-15T23:57:21.404777+00:00,node_1,9.8151,OK,normal,minor,0,11.566911706098905
run_0064,23,2023-11-15T23:57:21.491837+00:00,node_2,9.84274,OK,normal,minor,0,11.566911706098905
run_0064,23,2023-11-15T23:57:21.308752+00:00,node_3,8.916806,OK,normal,minor,0,11.566911706098905
run_0064,24,2023-11-15T23:57:41.662204+00:00,node_1,10.256483,OK,normal,minor,0,11.566911706098905
run_0064,24,2023-11-15T23:57:41.439365+00:00,node_2,10.077446,OK,normal,minor,0,11.566911706098905
run_0064,24,2023-11-15T23:57:41.581876+00:00,node_3,9.086801,OK,normal,minor,0,11.566911706098905
run_0064,25,2023-11-15T23:58:01.524074+00:00,node_1,10.166058,OK,normal,minor,0,11.566911706098905
run_0064,25,2023-11-15T23:58:01.282176+00:00,node_2,9.932418,OK,normal,minor,0,11.566911706098905
run_0064,25,2023-11-15T23:58:01.617695+00:00,node_3,8.897824,OK,normal,minor,0,11.566911706098905
run_0064,26,2023-11-15T23:58:21.379221+00:00,node_1,9.918996,OK,normal,minor,0,11.566911706098905
run_0064,26,2023-11-15T23:58:21.044787+00:00,node_2,10.242334,OK,normal,minor,0,11.566911706098905
run_0064,26,2023-11-15T23:58:21.097294+00:00,node_3,9.177954,OK,normal,minor,0,11.566911706098905
run_0064,27,2023-11-15T23:58:40.987061+00:00,node_1,10.317742,OK,normal,minor,0,11.566911706098905
run_0064,27,2023-11-15T23:58:41.082753+00:00,node_2,10.388324,OK,normal,minor,0,11.566911706098905
run_0064,27,2023-11-15T23:58:40.969463+00:00,node_3,9.402143,OK,normal,minor,0,11.566911706098905
run_0064,28,2023-11-15T23:59:00.907236+00:00,node_1,10.369179,OK,normal,minor,0,11.566911706098905
run_0064,28,2023-11-15T23:59:00.926945+00:00,node_2,10.107507,OK,normal,minor,0,11.566911706098905
run_0064,28,2023-11-15T23:59:01.180363+00:00,node_3,8.93797,OK,normal,minor,0,11.566911706098905
run_0064,29,2023-11-15T23:59:21.281891+00:00,node_1,10.12029,OK,normal,minor,0,11.566911706098905
run_0064,29,2023-11-15T23:59:21.368194+00:00,node_2,10.276015,OK,normal,minor,0,11.566911706098905
run_0064,29,2023-11-15T23:59:21.391956+00:00,node_3,9.210235,OK,normal,minor,0,11.566911706098905
run_0064,30,2023-11-15T23:59:41.416928+00:00,node_1,10.383411,OK,normal,minor,0,11.566911706098905
run_0064,30,2023-11-15T23:59:41.228255+00:00,node_2,10.445383,OK,normal,minor,0,11.566911706098905
run_0064,30,2023-11-15T23:59:41.470739+00:00,node_3,9.247569,OK,normal,minor,0,11.566911706098905
run_0064,31,2023-11-16T00:00:01.499818+00:00,node_1,10.212431,OK,normal,normal,0.0,0.0
run_0064,31,2023-11-16T00:00:01.598852+00:00,node_2,9.737295,OK,normal,normal,0.0,0.0
run_0064,31,2023-11-16T00:00:01.551887+00:00,node_3,10.198322,OK,normal,normal,0.0,0.0
run_0064,32,2023-11-16T00:00:21.296387+00:00,node_1,10.366011,OK,normal,normal,0.0,0.0
run_0064,32,2023-11-16T00:00:21.322797+00:00,node_2,9.983522,OK,normal,normal,0.0,0.0
run_0064,32,2023-11-16T00:00:21.380981+00:00,node_3,10.238445,OK,normal,normal,0.0,0.0
run_0064,33,2023-11-16T00:00:41.162741+00:00,node_1,10.111571,OK,normal,normal,0.0,0.0
run_0064,33,2023-11-16T00:00:41.408522+00:00,node_2,10.125466,OK,normal,normal,0.0,0.0
run_0064,33,2023-11-16T00:00:41.097794+00:00,node_3,10.338048,OK,normal,normal,0.0,0.0
run_0064,34,2023-11-16T00:01:01.106099+00:00,node_1,10.330734,OK,normal,normal,0.0,0.0
run_0064,34,2023-11-16T00:01:00.890806+00:00,node_2,10.147968,OK,normal,normal,0.0,0.0
run_0064,34,2023-11-16T00:01:00.990825+00:00,node_3,10.401055,OK,normal,normal,0.0,0.0
run_0064,35,2023-11-16T00:01:21.047228+00:00,node_1,10.720193,OK,normal,normal,0.0,0.0
run_0064,35,2023-11-16T00:01:21.298422+00:00,node_2,10.481156,OK,normal,normal,0.0,0.0
run_0064,35,2023-11-16T00:01:21.081228+00:00,node_3,10.351743,OK,normal,normal,0.0,0.0
run_0065,0,2023-11-16T00:13:40.352688+00:00,node_1,8.801104,OK,normal,normal,0.0,0.0
run_0065,0,2023-11-16T00:13:40.205061+00:00,node_2,8.737207,OK,normal,normal,0.0,0.0
run_0065,0,2023-11-16T00:13:40.264107+00:00,node_3,8.720469,OK,normal,normal,0.0,0.0
run_0065,1,2023-11-16T00:14:00.043978+00:00,node_1,8.429214,OK,normal,normal,0.0,0.0
run_0065,1,2023-11-16T00:14:00.069370+00:00,node_2,8.587982,OK,normal,normal,0.0,0.0
run_0065,1,2023-11-16T00:14:00.334634+00:00,node_3,8.859068,OK,normal,normal,0.0,0.0
run_0065,2,2023-11-16T00:14:19.704928+00:00,node_1,8.81803,OK,normal,normal,0.0,0.0
run_0065,2,2023-11-16T00:14:19.677768+00:00,node_2,8.579203,OK,normal,normal,0.0,0.0
run_0065,2,2023-11-16T00:14:19.864992+00:00,node_3,8.677478,OK,normal,normal,0.0,0.0
run_0065,3,2023-11-16T00:14:40.043200+00:00,node_1,8.612005,OK,normal,normal,0.0,0.0
run_0065,3,2023-11-16T00:14:40.095430+00:00,node_2,9.06133,OK,normal,normal,0.0,0.0
run_0065,3,2023-11-16T00:14:40.337765+00:00,node_3,8.765953,OK,normal,normal,0.0,0.0
run_0065,4,2023-11-16T00:15:00.587242+00:00,node_1,8.505394,OK,normal,normal,0.0,0.0
run_0065,4,2023-11-16T00:15:00.510821+00:00,node_2,8.855927,OK,normal,normal,0.0,0.0
run_0065,4,2023-11-16T00:15:00.573489+00:00,node_3,8.818226,OK,normal,normal,0.0,0.0
run_0065,5,2023-11-16T00:15:20.264844+00:00,node_1,8.872682,OK,normal,major,0,39.28103099770676
run_0065,5,2023-11-16T00:15:20.496914+00:00,node_2,9.286457,OK,normal,major,0,39.28103099770676
run_0065,5,2023-11-16T00:15:20.470724+00:00,node_3,5.441985,OK,normal,major,0,39.28103099770676
run_0065,6,2023-11-16T00:15:40.074869+00:00,node_1,8.4801,OK,normal,major,0,39.28103099770676
run_0065,6,2023-11-16T00:15:40.007560+00:00,node_2,8.965372,OK,normal,major,0,39.28103099770676
run_0065,6,2023-11-16T00:15:40.138330+00:00,node_3,5.455132,OK,normal,major,0,39.28103099770676
run_0065,7,2023-11-16T00:15:59.829907+00:00,node_1,8.58192,OK,normal,major,0,39.28103099770676
run_0065,7,2023-11-16T00:16:00.065311+00:00,node_2,8.648464,OK,normal,major,0,39.28103099770676
run_0065,7,2023-11-16T00:16:00.006477+00:00,node_3,5.017042,OK,normal,major,0,39.28103099770676
run_0065,8,2023-11-16T00:16:19.806998+00:00,node_1,8.585781,OK,normal,major,0,39.28103099770676
run_0065,8,2023-11-16T00:16:19.700511+00:00,node_2,8.930282,OK,normal,major,0,39.28103099770676
run_0065,8,2023-11-16T00:16:19.690266+00:00,node_3,5.479002,OK,normal,major,0,39.28103099770676
run_0065,9,2023-11-16T00:16:40.099635+00:00,node_1,8.867014,OK,normal,major,0,39.28103099770676
run_0065,9,2023-11-16T00:16:39.916703+00:00,node_2,8.692835,OK,normal,major,0,39.28103099770676
run_0065,9,2023-11-16T00:16:40.057792+00:00,node_3,5.313803,OK,normal,major,0,39.28103099770676
run_0065,10,2023-11-16T00:16:59.960190+00:00,node_1,9.05084,OK,normal,major,0,39.28103099770676
run_0065,10,2023-11-16T00:17:00.050252+00:00,node_2,9.253726,OK,normal,major,0,39.28103099770676
run_0065,10,2023-11-16T00:17:00.122636+00:00,node_3,5.345594,OK,normal,major,0,39.28103099770676
run_0065,11,2023-11-16T00:17:19.826162+00:00,node_1,8.867875,OK,normal,major,0,39.28103099770676
run_0065,11,2023-11-16T00:17:19.810983+00:00,node_2,9.143998,OK,normal,major,0,39.28103099770676
run_0065,11,2023-11-16T00:17:19.965048+00:00,node_3,5.502784,OK,normal,major,0,39.28103099770676
run_0065,12,2023-11-16T00:17:39.571887+00:00,node_1,11.149235,OK,normal,major,0,39.28103099770676
run_0065,12,2023-11-16T00:17:39.483252+00:00,node_2,11.085441,OK,normal,major,0,39.28103099770676
run_0065,12,2023-11-16T00:17:39.434358+00:00,node_3,6.933668,OK,normal,major,0,39.28103099770676
run_0065,13,2023-11-16T00:17:59.644350+00:00,node_1,11.354196,OK,normal,major,0,39.28103099770676
run_0065,13,2023-11-16T00:17:59.437527+00:00,node_2,11.048391,OK,normal,major,0,39.28103099770676
run_0065,13,2023-11-16T00:17:59.651735+00:00,node_3,6.659275,OK,normal,major,0,39.28103099770676
run_0065,14,2023-11-16T00:18:19.760842+00:00,node_1,11.217892,OK,normal,major,0,39.28103099770676
run_0065,14,2023-11-16T00:18:19.753696+00:00,node_2,11.532177,OK,normal,major,0,39.28103099770676
run_0065,14,2023-11-16T00:18:19.841307+00:00,node_3,6.793507,OK,normal,major,0,39.28103099770676
run_0065,15,2023-11-16T00:18:39.972516+00:00,node_1,11.278732,OK,normal,major,0,39.28103099770676
run_0065,15,2023-11-16T00:18:40.011756+00:00,node_2,11.128143,OK,normal,major,0,39.28103099770676
run_0065,15,2023-11-16T00:18:40.134378+00:00,node_3,7.061629,OK,normal,major,0,39.28103099770676
run_0065,16,2023-11-16T00:18:59.900031+00:00,node_1,11.39208,OK,normal,major,0,39.28103099770676
run_0065,16,2023-11-16T00:18:59.971349+00:00,node_2,11.479678,OK,normal,major,0,39.28103099770676
run_0065,16,2023-11-16T00:18:59.675034+00:00,node_3,6.64588,OK,normal,major,0,39.28103099770676
run_0065,17,2023-11-16T00:19:19.759690+00:00,node_1,11.145483,OK,normal,major,0,39.28103099770676
run_0065,17,2023-11-16T00:19:19.896871+00:00,node_2,11.133529,OK,normal,major,0,39.28103099770676
run_0065,17,2023-11-16T00:19:19.884682+00:00,node_3,6.874091,OK,normal,major,0,39.28103099770676
run_0065,18,2023-11-16T00:19:39.560161+00:00,node_1,11.260145,OK,normal,major,0,39.28103099770676
run_0065,18,2023-11-16T00:19:39.661160+00:00,node_2,11.322795,OK,normal,major,0,39.28103099770676
run_0065,18,2023-11-16T00:19:39.606802+00:00,node_3,7.147849,OK,normal,major,0,39.28103099770676
run_0065,19,2023-11-16T00:19:59.273433+00:00,node_1,11.23336,OK,normal,major,0,39.28103099770676
run_0065,19,2023-11-16T00:19:59.443733+00:00,node_2,11.395611,OK,normal,major,0,39.28103099770676
run_0065,19,2023-11-16T00:19:59.622586+00:00,node_3,6.982265,OK,normal,major,0,39.28103099770676
run_0065,20,2023-11-16T00:20:18.966370+00:00,node_1,11.440019,OK,normal,major,0,39.28103099770676
run_0065,20,2023-11-16T00:20:18.990158+00:00,node_2,11.382285,OK,normal,major,0,39.28103099770676
run_0065,20,2023-11-16T00:20:18.973043+00:00,node_3,6.96018,OK,normal,major,0,39.28103099770676
run_0065,21,2023-11-16T00:20:39.266699+00:00,node_1,11.452638,OK,normal,major,0,39.28103099770676
run_0065,21,2023-11-16T00:20:39.025464+00:00,node_2,11.076184,OK,normal,major,0,39.28103099770676
run_0065,21,2023-11-16T00:20:38.982903+00:00,node_3,6.846651,OK,normal,major,0,39.28103099770676
run_0065,22,2023-11-16T00:20:59.393607+00:00,node_1,11.003483,OK,normal,major,0,39.28103099770676
run_0065,22,2023-11-16T00:20:59.313226+00:00,node_2,11.199483,OK,normal,major,0,39.28103099770676
run_0065,22,2023-11-16T00:20:59.003155+00:00,node_3,6.779162,OK,normal,major,0,39.28103099770676
run_0065,23,2023-11-16T00:21:19.659041+00:00,node_1,11.121711,OK,normal,major,0,39.28103099770676
run_0065,23,2023-11-16T00:21:19.413399+00:00,node_2,10.957075,OK,normal,major,0,39.28103099770676
run_0065,23,2023-11-16T00:21:19.555643+00:00,node_3,6.627736,OK,normal,major,0,39.28103099770676
run_0065,24,2023-11-16T00:21:40.014243+00:00,node_1,10.814834,OK,normal,major,0,39.28103099770676
run_0065,24,2023-11-16T00:21:39.952019+00:00,node_2,10.842857,OK,normal,major,0,39.28103099770676
run_0065,24,2023-11-16T00:21:39.860191+00:00,node_3,6.381817,OK,normal,major,0,39.28103099770676
run_0065,25,2023-11-16T00:22:00.133927+00:00,node_1,10.822168,OK,normal,major,0,39.28103099770676
run_0065,25,2023-11-16T00:22:00.084971+00:00,node_2,11.453667,OK,normal,major,0,39.28103099770676
run_0065,25,2023-11-16T00:21:59.957376+00:00,node_3,6.535926,OK,normal,major,0,39.28103099770676
run_0065,26,2023-11-16T00:22:19.742618+00:00,node_1,11.173725,OK,normal,major,0,39.28103099770676
run_0065,26,2023-11-16T00:22:20.111330+00:00,node_2,11.312233,OK,normal,major,0,39.28103099770676
run_0065,26,2023-11-16T00:22:19.928374+00:00,node_3,6.518215,OK,normal,major,0,39.28103099770676
run_0065,27,2023-11-16T00:22:39.908504+00:00,node_1,11.122277,OK,normal,major,0,39.28103099770676
run_0065,27,2023-11-16T00:22:39.902784+00:00,node_2,11.235756,OK,normal,major,0,39.28103099770676
run_0065,27,2023-11-16T00:22:39.908240+00:00,node_3,6.35231,OK,normal,major,0,39.28103099770676
run_0065,28,2023-11-16T00:23:00.397814+00:00,node_1,11.267705,OK,normal,major,0,39.28103099770676
run_0065,28,2023-11-16T00:23:00.376195+00:00,node_2,10.80703,OK,normal,major,0,39.28103099770676
run_0065,28,2023-11-16T00:23:00.479387+00:00,node_3,6.688747,OK,normal,major,0,39.28103099770676
run_0065,29,2023-11-16T00:23:20.621623+00:00,node_1,11.499121,OK,normal,major,0,39.28103099770676
run_0065,29,2023-11-16T00:23:20.550793+00:00,node_2,10.874899,OK,normal,major,0,39.28103099770676
run_0065,29,2023-11-16T00:23:20.691185+00:00,node_3,6.857084,OK,normal,major,0,39.28103099770676
run_0065,30,2023-11-16T00:23:40.417120+00:00,node_1,11.241976,OK,normal,major,0,39.28103099770676
run_0065,30,2023-11-16T00:23:40.648015+00:00,node_2,10.734545,OK,normal,major,0,39.28103099770676
run_0065,30,2023-11-16T00:23:40.505284+00:00,node_3,6.9259,OK,normal,major,0,39.28103099770676
run_0065,31,2023-11-16T00:24:00.643512+00:00,node_1,10.55941,OK,normal,normal,0.0,0.0
run_0065,31,2023-11-16T00:24:00.494159+00:00,node_2,10.968525,OK,normal,normal,0.0,0.0
run_0065,31,2023-11-16T00:24:00.525914+00:00,node_3,10.953031,OK,normal,normal,0.0,0.0
run_0065,32,2023-11-16T00:24:21.058259+00:00,node_1,10.599355,OK,normal,normal,0.0,0.0
run_0065,32,2023-11-16T00:24:20.978521+00:00,node_2,10.846338,OK,normal,normal,0.0,0.0
run_0065,32,2023-11-16T00:24:21.143983+00:00,node_3,10.885618,OK,normal,normal,0.0,0.0
run_0065,33,2023-11-16T00:24:41.204640+00:00,node_1,10.906369,OK,normal,normal,0.0,0.0
run_0065,33,2023-11-16T00:24:41.254090+00:00,node_2,11.000117,OK,normal,normal,0.0,0.0
run_0065,33,2023-11-16T00:24:40.954113+00:00,node_3,10.823807,OK,normal,normal,0.0,0.0
run_0065,34,2023-11-16T00:25:01.027352+00:00,node_1,10.988423,OK,normal,normal,0.0,0.0
run_0065,34,2023-11-16T00:25:01.013481+00:00,node_2,10.882825,OK,normal,normal,0.0,0.0
run_0065,34,2023-11-16T00:25:01.287617+00:00,node_3,11.011427,OK,normal,normal,0.0,0.0
run_0065,35,2023-11-16T00:25:21.412673+00:00,node_1,11.207832,OK,normal,normal,0.0,0.0
run_0065,35,2023-11-16T00:25:21.039217+00:00,node_2,11.10338,OK,normal,normal,0.0,0.0
run_0065,35,2023-11-16T00:25:21.150122+00:00,node_3,11.662026,OK,normal,normal,0.0,0.0
run_0066,0,2023-11-16T00:37:40.040920+00:00,node_1,9.991727,OK,normal,normal,0.0,0.0
run_0066,0,2023-11-16T00:37:40.055434+00:00,node_2,9.832429,OK,normal,normal,0.0,0.0
run_0066,0,2023-11-16T00:37:39.803993+00:00,node_3,9.890369,OK,normal,normal,0.0,0.0
run_0066,1,2023-11-16T00:37:59.325701+00:00,node_1,9.73868,OK,normal,normal,0.0,0.0
run_0066,1,2023-11-16T00:37:59.349089+00:00,node_2,10.323723,OK,normal,normal,0.0,0.0
run_0066,1,2023-11-16T00:37:59.302084+00:00,node_3,10.214976,OK,normal,normal,0.0,0.0
run_0066,2,2023-11-16T00:38:19.445731+00:00,node_1,10.209579,OK,normal,normal,0.0,0.0
run_0066,2,2023-11-16T00:38:19.232958+00:00,node_2,9.965879,OK,normal,normal,0.0,0.0
run_0066,2,2023-11-16T00:38:19.510471+00:00,node_3,10.227738,OK,normal,normal,0.0,0.0
run_0066,3,2023-11-16T00:38:39.468479+00:00,node_1,10.775772,OK,normal,normal,0.0,0.0
run_0066,3,2023-11-16T00:38:39.588504+00:00,node_2,10.198256,OK,normal,normal,0.0,0.0
run_0066,3,2023-11-16T00:38:39.557957+00:00,node_3,9.845581,OK,normal,normal,0.0,0.0
run_0066,4,2023-11-16T00:38:59.330633+00:00,node_1,10.01359,OK,normal,normal,0.0,0.0
run_0066,4,2023-11-16T00:38:59.289446+00:00,node_2,9.970737,OK,normal,normal,0.0,0.0
run_0066,4,2023-11-16T00:38:59.418265+00:00,node_3,10.377568,OK,normal,normal,0.0,0.0
run_0066,5,2023-11-16T00:39:19.262582+00:00,node_1,9.825175,OK,minor,normal,14.504177655241579,0
run_0066,5,2023-11-16T00:39:19.187366+00:00,node_2,8.737294,OK,minor,normal,14.504177655241579,0
run_0066,5,2023-11-16T00:39:19.285461+00:00,node_3,8.641269,OK,minor,normal,14.504177655241579,0
run_0066,6,2023-11-16T00:39:38.917495+00:00,node_1,10.289098,OK,minor,normal,14.504177655241579,0
run_0066,6,2023-11-16T00:39:38.861511+00:00,node_2,9.044085,OK,minor,normal,14.504177655241579,0
run_0066,6,2023-11-16T00:39:39.071660+00:00,node_3,8.735904,OK,minor,normal,14.504177655241579,0
run_0066,7,2023-11-16T00:39:58.364433+00:00,node_1,10.006184,OK,minor,normal,14.504177655241579,0
run_0066,7,2023-11-16T00:39:58.612064+00:00,node_2,8.370971,OK,minor,normal,14.504177655241579,0
run_0066,7,2023-11-16T00:39:58.443678+00:00,node_3,8.718027,OK,minor,normal,14.504177655241579,0
run_0066,8,2023-11-16T00:40:18.641158+00:00,node_1,10.143912,OK,minor,normal,14.504177655241579,0
run_0066,8,2023-11-16T00:40:18.743674+00:00,node_2,8.491917,OK,minor,normal,14.504177655241579,0
run_0066,8,2023-11-16T00:40:18.711139+00:00,node_3,8.655526,OK,minor,normal,14.504177655241579,0
run_0066,9,2023-11-16T00:40:38.582249+00:00,node_1,10.1383,OK,minor,normal,14.504177655241579,0
run_0066,9,2023-11-16T00:40:38.663553+00:00,node_2,8.907769,OK,minor,normal,14.504177655241579,0
run_0066,9,2023-11-16T00:40:38.440164+00:00,node_3,8.969491,OK,minor,normal,14.504177655241579,0
run_0066,10,2023-11-16T00:40:58.953397+00:00,node_1,10.033095,OK,minor,normal,14.504177655241579,0
run_0066,10,2023-11-16T00:40:58.951476+00:00,node_2,8.470041,OK,minor,normal,14.504177655241579,0
run_0066,10,2023-11-16T00:40:58.832036+00:00,node_3,8.754672,OK,minor,normal,14.504177655241579,0
run_0066,11,2023-11-16T00:41:18.776632+00:00,node_1,10.720727,OK,minor,normal,14.504177655241579,0
run_0066,11,2023-11-16T00:41:18.793190+00:00,node_2,8.65328,OK,minor,normal,14.504177655241579,0
run_0066,11,2023-11-16T00:41:18.734995+00:00,node_3,8.719126,OK,minor,normal,14.504177655241579,0
run_0066,12,2023-11-16T00:41:38.536995+00:00,node_1,11.692593,OK,minor,normal,14.504177655241579,0
run_0066,12,2023-11-16T00:41:38.578945+00:00,node_2,9.857948,OK,minor,normal,14.504177655241579,0
run_0066,12,2023-11-16T00:41:38.603317+00:00,node_3,9.533471,OK,minor,normal,14.504177655241579,0
run_0066,13,2023-11-16T00:41:58.280499+00:00,node_1,11.687294,OK,minor,normal,14.504177655241579,0
run_0066,13,2023-11-16T00:41:58.430306+00:00,node_2,9.630524,OK,minor,normal,14.504177655241579,0
run_0066,13,2023-11-16T00:41:58.357492+00:00,node_3,9.915452,OK,minor,normal,14.504177655241579,0
run_0066,14,2023-11-16T00:42:18.278095+00:00,node_1,11.852168,OK,minor,normal,14.504177655241579,0
run_0066,14,2023-11-16T00:42:18.121127+00:00,node_2,9.678436,OK,minor,normal,14.504177655241579,0
run_0066,14,2023-11-16T00:42:18.248985+00:00,node_3,9.960636,OK,minor,normal,14.504177655241579,0
run_0066,15,2023-11-16T00:42:37.890892+00:00,node_1,11.493319,OK,minor,normal,14.504177655241579,0
run_0066,15,2023-11-16T00:42:37.957251+00:00,node_2,9.795186,OK,minor,normal,14.504177655241579,0
run_0066,15,2023-11-16T00:42:38.151442+00:00,node_3,9.607183,OK,minor,normal,14.504177655241579,0
run_0066,16,2023-11-16T00:42:57.809991+00:00,node_1,11.570373,OK,minor,normal,14.504177655241579,0
run_0066,16,2023-11-16T00:42:57.851729+00:00,node_2,9.967361,OK,minor,normal,14.504177655241579,0
run_0066,16,2023-11-16T00:42:57.854386+00:00,node_3,9.698871,OK,minor,normal,14.504177655241579,0
run_0066,17,2023-11-16T00:43:18.279955+00:00,node_1,11.284022,OK,minor,normal,14.504177655241579,0
run_0066,17,2023-11-16T00:43:18.216025+00:00,node_2,9.601977,OK,minor,normal,14.504177655241579,0
run_0066,17,2023-11-16T00:43:18.208331+00:00,node_3,9.802524,OK,minor,normal,14.504177655241579,0
run_0066,18,2023-11-16T00:43:38.060133+00:00,node_1,11.480424,OK,minor,normal,14.504177655241579,0
run_0066,18,2023-11-16T00:43:38.282314+00:00,node_2,9.849947,OK,minor,normal,14.504177655241579,0
run_0066,18,2023-11-16T00:43:38.166909+00:00,node_3,10.163422,OK,minor,normal,14.504177655241579,0
run_0066,19,2023-11-16T00:43:58.469226+00:00,node_1,11.074398,OK,minor,normal,14.504177655241579,0
run_0066,19,2023-11-16T00:43:58.472668+00:00,node_2,9.696764,OK,minor,normal,14.504177655241579,0
run_0066,19,2023-11-16T00:43:58.655161+00:00,node_3,10.170174,OK,minor,normal,14.504177655241579,0
run_0066,20,2023-11-16T00:44:18.520751+00:00,node_1,11.361054,OK,minor,normal,14.504177655241579,0
run_0066,20,2023-11-16T00:44:18.254751+00:00,node_2,9.984852,OK,minor,normal,14.504177655241579,0
run_0066,20,2023-11-16T00:44:18.246453+00:00,node_3,9.238585,OK,minor,normal,14.504177655241579,0
run_0066,21,2023-11-16T00:44:38.596170+00:00,node_1,11.662361,OK,minor,normal,14.504177655241579,0
run_0066,21,2023-11-16T00:44:38.829859+00:00,node_2,9.740686,OK,minor,normal,14.504177655241579,0
run_0066,21,2023-11-16T00:44:38.531969+00:00,node_3,9.64784,OK,minor,normal,14.504177655241579,0
run_0066,22,2023-11-16T00:44:58.616899+00:00,node_1,11.697979,OK,minor,normal,14.504177655241579,0
run_0066,22,2023-11-16T00:44:58.604411+00:00,node_2,10.16709,OK,minor,normal,14.504177655241579,0
run_0066,22,2023-11-16T00:44:58.445935+00:00,node_3,9.775115,OK,minor,normal,14.504177655241579,0
run_0066,23,2023-11-16T00:45:18.984709+00:00,node_1,11.264512,OK,minor,normal,14.504177655241579,0
run_0066,23,2023-11-16T00:45:18.869274+00:00,node_2,9.784005,OK,minor,normal,14.504177655241579,0
run_0066,23,2023-11-16T00:45:18.631741+00:00,node_3,9.897043,OK,minor,normal,14.504177655241579,0
run_0066,24,2023-11-16T00:45:38.566904+00:00,node_1,10.833787,OK,minor,normal,14.504177655241579,0
run_0066,24,2023-11-16T00:45:38.922448+00:00,node_2,9.682004,OK,minor,normal,14.504177655241579,0
run_0066,24,2023-11-16T00:45:38.631047+00:00,node_3,9.698647,OK,minor,normal,14.504177655241579,0
run_0066,25,2023-11-16T00:45:58.925066+00:00,node_1,11.262039,OK,minor,normal,14.504177655241579,0
run_0066,25,2023-11-16T00:45:59.118169+00:00,node_2,9.489089,OK,minor,normal,14.504177655241579,0
run_0066,25,2023-11-16T00:45:59.068945+00:00,node_3,9.374965,OK,minor,normal,14.504177655241579,0
run_0066,26,2023-11-16T00:46:19.046062+00:00,node_1,11.383278,OK,minor,normal,14.504177655241579,0
run_0066,26,2023-11-16T00:46:19.375002+00:00,node_2,9.425882,OK,minor,normal,14.504177655241579,0
run_0066,26,2023-11-16T00:46:19.308300+00:00,node_3,9.481804,OK,minor,normal,14.504177655241579,0
run_0066,27,2023-11-16T00:46:39.656504+00:00,node_1,10.95451,OK,minor,normal,14.504177655241579,0
run_0066,27,2023-11-16T00:46:39.395411+00:00,node_2,9.821545,OK,minor,normal,14.504177655241579,0
run_0066,27,2023-11-16T00:46:39.615208+00:00,node_3,9.741173,OK,minor,normal,14.504177655241579,0
run_0066,28,2023-11-16T00:46:59.763785+00:00,node_1,10.885991,OK,minor,normal,14.504177655241579,0
run_0066,28,2023-11-16T00:46:59.680515+00:00,node_2,9.552675,OK,minor,normal,14.504177655241579,0
run_0066,28,2023-11-16T00:46:59.714736+00:00,node_3,9.655043,OK,minor,normal,14.504177655241579,0
run_0066,29,2023-11-16T00:47:19.864830+00:00,node_1,11.560467,OK,minor,normal,14.504177655241579,0
run_0066,29,2023-11-16T00:47:19.805607+00:00,node_2,10.076414,OK,minor,normal,14.504177655241579,0
run_0066,29,2023-11-16T00:47:19.852761+00:00,node_3,9.770385,OK,minor,normal,14.504177655241579,0
run_0066,30,2023-11-16T00:47:39.907100+00:00,node_1,11.266171,OK,minor,normal,14.504177655241579,0
run_0066,30,2023-11-16T00:47:40.138083+00:00,node_2,9.30785,OK,minor,normal,14.504177655241579,0
run_0066,30,2023-11-16T00:47:40.039238+00:00,node_3,9.758873,OK,minor,normal,14.504177655241579,0
run_0066,31,2023-11-16T00:48:00.484557+00:00,node_1,11.317861,OK,normal,normal,0.0,0.0
run_0066,31,2023-11-16T00:48:00.598833+00:00,node_2,11.517485,OK,normal,normal,0.0,0.0
run_0066,31,2023-11-16T00:48:00.270305+00:00,node_3,11.555416,OK,normal,normal,0.0,0.0
run_0066,32,2023-11-16T00:48:20.758691+00:00,node_1,10.804432,OK,normal,normal,0.0,0.0
run_0066,32,2023-11-16T00:48:20.719624+00:00,node_2,11.382748,OK,normal,normal,0.0,0.0
run_0066,32,2023-11-16T00:48:20.571705+00:00,node_3,11.275074,OK,normal,normal,0.0,0.0
run_0066,33,2023-11-16T00:48:40.460795+00:00,node_1,11.388375,OK,normal,normal,0.0,0.0
run_0066,33,2023-11-16T00:48:40.641700+00:00,node_2,10.850081,OK,normal,normal,0.0,0.0
run_0066,33,2023-11-16T00:48:40.284621+00:00,node_3,11.539079,OK,normal,normal,0.0,0.0
run_0066,34,2023-11-16T00:49:00.806974+00:00,node_1,11.090286,OK,normal,normal,0.0,0.0
run_0066,34,2023-11-16T00:49:00.867300+00:00,node_2,11.041276,OK,normal,normal,0.0,0.0
run_0066,34,2023-11-16T00:49:00.720647+00:00,node_3,11.41256,OK,normal,normal,0.0,0.0
run_0066,35,2023-11-16T00:49:20.249495+00:00,node_1,10.949475,OK,normal,normal,0.0,0.0
run_0066,35,2023-11-16T00:49:20.482767+00:00,node_2,11.251117,OK,normal,normal,0.0,0.0
run_0066,35,2023-11-16T00:49:20.517835+00:00,node_3,11.175321,OK,normal,normal,0.0,0.0
run_0067,0,2023-11-16T01:01:40.114567+00:00,node_1,10.137995,OK,normal,normal,0.0,0.0
run_0067,0,2023-11-16T01:01:40.331074+00:00,node_2,10.312313,OK,normal,normal,0.0,0.0
run_0067,0,2023-11-16T01:01:40.283631+00:00,node_3,10.252635,OK,normal,normal,0.0,0.0
run_0067,1,2023-11-16T01:01:59.994303+00:00,node_1,10.412271,OK,normal,normal,0.0,0.0
run_0067,1,2023-11-16T01:02:00.041811+00:00,node_2,10.627047,OK,normal,normal,0.0,0.0
run_0067,1,2023-11-16T01:02:00.195368+00:00,node_3,9.942939,OK,normal,normal,0.0,0.0
run_0067,2,2023-11-16T01:02:20.492238+00:00,node_1,10.5511,OK,normal,normal,0.0,0.0
run_0067,2,2023-11-16T01:02:20.527298+00:00,node_2,10.711337,OK,normal,normal,0.0,0.0
run_0067,2,2023-11-16T01:02:20.353276+00:00,node_3,10.055619,OK,normal,normal,0.0,0.0
run_0067,3,2023-11-16T01:02:39.947039+00:00,node_1,10.348152,OK,normal,normal,0.0,0.0
run_0067,3,2023-11-16T01:02:40.060958+00:00,node_2,10.997445,OK,normal,normal,0.0,0.0
run_0067,3,2023-11-16T01:02:40.108185+00:00,node_3,10.368483,OK,normal,normal,0.0,0.0
run_0067,4,2023-11-16T01:03:00.396804+00:00,node_1,10.777902,OK,normal,normal,0.0,0.0
run_0067,4,2023-11-16T01:03:00.461959+00:00,node_2,10.409415,OK,normal,normal,0.0,0.0
run_0067,4,2023-11-16T01:03:00.346833+00:00,node_3,10.188906,OK,normal,normal,0.0,0.0
run_0067,5,2023-11-16T01:03:20.034681+00:00,node_1,10.222973,OK,minor,minor,5.380514397423119,14.933141945634167
run_0067,5,2023-11-16T01:03:20.241961+00:00,node_2,10.359224,OK,minor,minor,5.380514397423119,14.933141945634167
run_0067,5,2023-11-16T01:03:20.186799+00:00,node_3,8.428636,OK,minor,minor,5.380514397423119,14.933141945634167
run_0067,6,2023-11-16T01:03:40.285569+00:00,node_1,10.227715,OK,minor,minor,5.380514397423119,14.933141945634167
run_0067,6,2023-11-16T01:03:40.222623+00:00,node_2,10.014873,OK,minor,minor,5.380514397423119,14.933141945634167
run_0067,6,2023-11-16T01:03:40.384625+00:00,node_3,8.514812,OK,minor,minor,5.380514397423119,14.933141945634167
run_0067,7,2023-11-16T01:04:00.241153+00:00,node_1,10.154688,OK,minor,minor,5.380514397423119,14.933141945634167
run_0067,7,2023-11-16T01:04:00.183926+00:00,node_2,9.828035,OK,minor,minor,5.380514397423119,14.933141945634167
run_0067,7,2023-11-16T01:04:00.352998+00:00,node_3,8.648042,OK,minor,minor,5.380514397423119,14.933141945634167
run_0067,8,2023-11-16T01:04:20.654454+00:00,node_1,10.287433,OK,minor,minor,5.380514397423119,14.933141945634167
run_0067,8,2023-11-16T01:04:20.762547+00:00,node_2,10.054636,OK,minor,minor,5.380514397423119,14.933141945634167
run_0067,8,2023-11-16T01:04:20.786659+00:00,node_3,8.475208,OK,minor,minor,5.380514397423119,14.933141945634167
run_0067,9,2023-11-16T01:04:40.652833+00:00,node_1,10.329688,OK,minor,minor,5.380514397423119,14.933141945634167
run_0067,9,2023-11-16T01:04:40.489466+00:00,node_2,9.474829,OK,minor,minor,5.380514397423119,14.933141945634167
run_0067,9,2023-11-16T01:04:40.425178+00:00,node_3,8.350596,OK,minor,minor,5.380514397423119,14.933141945634167
run_0067,10,2023-11-16T01:05:00.757492+00:00,node_1,10.497059,OK,minor,minor,5.380514397423119,14.933141945634167
run_0067,10,2023-11-16T01:05:00.667175+00:00,node_2,9.848248,OK,minor,minor,5.380514397423119,14.933141945634167
run_0067,10,2023-11-16T01:05:00.841112+00:00,node_3,7.983602,OK,minor,minor,5.380514397423119,14.933141945634167
run_0067,11,2023-11-16T01:05:20.606668+00:00,node_1,10.384434,OK,minor,minor,5.380514397423119,14.933141945634167
run_0067,11,2023-11-16T01:05:20.589827+00:00,node_2,9.993355,OK,minor,minor,5.380514397423119,14.933141945634167
run_0067,11,2023-11-16T01:05:20.482896+00:00,node_3,8.48274,OK,minor,minor,5.380514397423119,14.933141945634167
run_0067,12,2023-11-16T01:05:40.218363+00:00,node_1,9.791806,OK,minor,minor,5.380514397423119,14.933141945634167
run_0067,12,2023-11-16T01:05:40.147310+00:00,node_2,9.058332,OK,minor,minor,5.380514397423119,14.933141945634167
run_0067,12,2023-11-16T01:05:40.053399+00:00,node_3,7.37134,OK,minor,minor,5.380514397423119,14.933141945634167
run_0067,13,2023-11-16T01:06:00.043301+00:00,node_1,9.751877,OK,minor,minor,5.380514397423119,14.933141945634167
run_0067,13,2023-11-16T01:06:00.177929+00:00,node_2,8.985762,OK,minor,minor,5.380514397423119,14.933141945634167
run_0067,13,2023-11-16T01:06:00.038388+00:00,node_3,7.178269,OK,minor,minor,5.380514397423119,14.933141945634167
run_0067,14,2023-11-16T01:06:20.015926+00:00,node_1,9.591321,OK,minor,minor,5.380514397423119,14.933141945634167
run_0067,14,2023-11-16T01:06:20.170073+00:00,node_2,9.12286,OK,minor,minor,5.380514397423119,14.933141945634167
run_0067,14,2023-11-16T01:06:20.024847+00:00,node_3,7.643522,OK,minor,minor,5.380514397423119,14.933141945634167
run_0067,15,2023-11-16T01:06:39.920906+00:00,node_1,9.152638,OK,minor,minor,5.380514397423119,14.933141945634167
run_0067,15,2023-11-16T01:06:39.921093+00:00,node_2,9.302148,OK,minor,minor,5.380514397423119,14.933141945634167
run_0067,15,2023-11-16T01:06:40.017696+00:00,node_3,7.616745,OK,minor,minor,5.380514397423119,14.933141945634167
run_0067,16,2023-11-16T01:06:59.593151+00:00,node_1,9.379646,OK,minor,minor,5.380514397423119,14.933141945634167
run_0067,16,2023-11-16T01:06:59.678762+00:00,node_2,9.034531,OK,minor,minor,5.380514397423119,14.933141945634167
run_0067,16,2023-11-16T01:06:59.830378+00:00,node_3,7.565808,OK,minor,minor,5.380514397423119,14.933141945634167
run_0067,17,2023-11-16T01:07:19.957879+00:00,node_1,9.360869,OK,minor,minor,5.380514397423119,14.933141945634167
run_0067,17,2023-11-16T01:07:19.999321+00:00,node_2,8.943134,OK,minor,minor,5.380514397423119,14.933141945634167
run_0067,17,2023-11-16T01:07:19.907204+00:00,node_3,7.598449,OK,minor,minor,5.380514397423119,14.933141945634167
run_0067,18,2023-11-16T01:07:40.383240+00:00,node_1,9.5012,OK,minor,minor,5.380514397423119,14.933141945634167
run_0067,18,2023-11-16T01:07:40.197212+00:00,node_2,9.004113,OK,minor,minor,5.380514397423119,14.933141945634167
run_0067,18,2023-11-16T01:07:40.110837+00:00,node_3,7.490534,OK,minor,minor,5.380514397423119,14.933141945634167
run_0067,19,2023-11-16T01:07:59.631402+00:00,node_1,9.449397,OK,minor,minor,5.380514397423119,14.933141945634167
run_0067,19,2023-11-16T01:07:59.710038+00:00,node_2,8.832764,OK,minor,minor,5.380514397423119,14.933141945634167
run_0067,19,2023-11-16T01:07:59.818582+00:00,node_3,7.444813,OK,minor,minor,5.380514397423119,14.933141945634167
run_0067,20,2023-11-16T01:08:19.416669+00:00,node_1,9.326923,OK,minor,minor,5.380514397423119,14.933141945634167
run_0067,20,2023-11-16T01:08:19.441721+00:00,node_2,8.92093,OK,minor,minor,5.380514397423119,14.933141945634167
run_0067,20,2023-11-16T01:08:19.448394+00:00,node_3,7.220226,OK,minor,minor,5.380514397423119,14.933141945634167
run_0067,21,2023-11-16T01:08:39.203662+00:00,node_1,9.303791,OK,minor,minor,5.380514397423119,14.933141945634167
run_0067,21,2023-11-16T01:08:39.235009+00:00,node_2,8.878741,OK,minor,minor,5.380514397423119,14.933141945634167
run_0067,21,2023-11-16T01:08:39.154632+00:00,node_3,7.28665,OK,minor,minor,5.380514397423119,14.933141945634167
run_0067,22,2023-11-16T01:08:59.496923+00:00,node_1,9.491119,OK,minor,minor,5.380514397423119,14.933141945634167
run_0067,22,2023-11-16T01:08:59.401284+00:00,node_2,8.835685,OK,minor,minor,5.380514397423119,14.933141945634167
run_0067,22,2023-11-16T01:08:59.200060+00:00,node_3,7.611991,OK,minor,minor,5.380514397423119,14.933141945634167
run_0067,23,2023-11-16T01:09:19.388535+00:00,node_1,9.114348,OK,minor,minor,5.380514397423119,14.933141945634167
run_0067,23,2023-11-16T01:09:19.494582+00:00,node_2,8.965069,OK,minor,minor,5.380514397423119,14.933141945634167
run_0067,23,2023-11-16T01:09:19.618349+00:00,node_3,7.641397,OK,minor,minor,5.380514397423119,14.933141945634167
run_0067,24,2023-11-16T01:09:39.885051+00:00,node_1,9.625139,OK,minor,minor,5.380514397423119,14.933141945634167
run_0067,24,2023-11-16T01:09:39.673880+00:00,node_2,9.142017,OK,minor,minor,5.380514397423119,14.933141945634167
run_0067,24,2023-11-16T01:09:39.605203+00:00,node_3,8.161048,OK,minor,minor,5.380514397423119,14.933141945634167
run_0067,25,2023-11-16T01:09:59.237989+00:00,node_1,10.165886,OK,minor,minor,5.380514397423119,14.933141945634167
run_0067,25,2023-11-16T01:09:59.309398+00:00,node_2,9.132573,OK,minor,minor,5.380514397423119,14.933141945634167
run_0067,25,2023-11-16T01:09:59.462056+00:00,node_3,8.062938,OK,minor,minor,5.380514397423119,14.933141945634167
run_0067,26,2023-11-16T01:10:19.283704+00:00,node_1,9.967648,OK,minor,minor,5.380514397423119,14.933141945634167
run_0067,26,2023-11-16T01:10:19.120219+00:00,node_2,9.629999,OK,minor,minor,5.380514397423119,14.933141945634167
run_0067,26,2023-11-16T01:10:19.441640+00:00,node_3,8.053189,OK,minor,minor,5.380514397423119,14.933141945634167
run_0067,27,2023-11-16T01:10:39.214769+00:00,node_1,9.986462,OK,minor,minor,5.380514397423119,14.933141945634167
run_0067,27,2023-11-16T01:10:39.312922+00:00,node_2,9.12397,OK,minor,minor,5.380514397423119,14.933141945634167
run_0067,27,2023-11-16T01:10:39.213243+00:00,node_3,8.150848,OK,minor,minor,5.380514397423119,14.933141945634167
run_0067,28,2023-11-16T01:10:58.837345+00:00,node_1,10.355152,OK,minor,minor,5.380514397423119,14.933141945634167
run_0067,28,2023-11-16T01:10:59.112822+00:00,node_2,9.710441,OK,minor,minor,5.380514397423119,14.933141945634167
run_0067,28,2023-11-16T01:10:59.110508+00:00,node_3,8.173379,OK,minor,minor,5.380514397423119,14.933141945634167
run_0067,29,2023-11-16T01:11:19.286939+00:00,node_1,9.798776,OK,minor,minor,5.380514397423119,14.933141945634167
run_0067,29,2023-11-16T01:11:19.211229+00:00,node_2,9.404511,OK,minor,minor,5.380514397423119,14.933141945634167
run_0067,29,2023-11-16T01:11:18.962500+00:00,node_3,7.950431,OK,minor,minor,5.380514397423119,14.933141945634167
run_0067,30,2023-11-16T01:11:39.540746+00:00,node_1,9.946768,OK,minor,minor,5.380514397423119,14.933141945634167
run_0067,30,2023-11-16T01:11:39.218839+00:00,node_2,9.166993,OK,minor,minor,5.380514397423119,14.933141945634167
run_0067,30,2023-11-16T01:11:39.276175+00:00,node_3,8.044006,OK,minor,minor,5.380514397423119,14.933141945634167
run_0067,31,2023-11-16T01:11:58.971671+00:00,node_1,9.911174,OK,normal,normal,0.0,0.0
run_0067,31,2023-11-16T01:11:58.900574+00:00,node_2,9.935279,OK,normal,normal,0.0,0.0
run_0067,31,2023-11-16T01:11:58.960812+00:00,node_3,9.719199,OK,normal,normal,0.0,0.0
run_0067,32,2023-11-16T01:12:19.039143+00:00,node_1,9.876254,OK,normal,normal,0.0,0.0
run_0067,32,2023-11-16T01:12:18.925762+00:00,node_2,10.462984,OK,normal,normal,0.0,0.0
run_0067,32,2023-11-16T01:12:19.090749+00:00,node_3,10.27574,OK,normal,normal,0.0,0.0
run_0067,33,2023-11-16T01:12:38.852763+00:00,node_1,9.812064,OK,normal,normal,0.0,0.0
run_0067,33,2023-11-16T01:12:38.987631+00:00,node_2,10.086064,OK,normal,normal,0.0,0.0
run_0067,33,2023-11-16T01:12:38.938005+00:00,node_3,9.736704,OK,normal,normal,0.0,0.0
run_0067,34,2023-11-16T01:12:59.341029+00:00,node_1,9.796009,OK,normal,normal,0.0,0.0
run_0067,34,2023-11-16T01:12:59.326758+00:00,node_2,9.613549,OK,normal,normal,0.0,0.0
run_0067,34,2023-11-16T01:12:59.245589+00:00,node_3,10.009937,OK,normal,normal,0.0,0.0
run_0067,35,2023-11-16T01:13:19.398479+00:00,node_1,9.980539,OK,normal,normal,0.0,0.0
run_0067,35,2023-11-16T01:13:19.691307+00:00,node_2,9.983096,OK,normal,normal,0.0,0.0
run_0067,35,2023-11-16T01:13:19.475273+00:00,node_3,9.767707,OK,normal,normal,0.0,0.0
run_0068,0,2023-11-16T01:25:40.272027+00:00,node_1,9.742561,OK,normal,normal,0.0,0.0
run_0068,0,2023-11-16T01:25:40.485603+00:00,node_2,9.444959,OK,normal,normal,0.0,0.0
run_0068,0,2023-11-16T01:25:40.313149+00:00,node_3,9.686205,OK,normal,normal,0.0,0.0
run_0068,1,2023-11-16T01:26:00.076902+00:00,node_1,9.623066,OK,normal,normal,0.0,0.0
run_0068,1,2023-11-16T01:26:00.111355+00:00,node_2,9.971003,OK,normal,normal,0.0,0.0
run_0068,1,2023-11-16T01:25:59.919396+00:00,node_3,9.850951,OK,normal,normal,0.0,0.0
run_0068,2,2023-11-16T01:26:20.312094+00:00,node_1,10.031346,OK,normal,normal,0.0,0.0
run_0068,2,2023-11-16T01:26:19.950374+00:00,node_2,9.555979,OK,normal,normal,0.0,0.0
run_0068,2,2023-11-16T01:26:20.273495+00:00,node_3,9.88012,OK,normal,normal,0.0,0.0
run_0068,3,2023-11-16T01:26:39.628973+00:00,node_1,9.822132,OK,normal,normal,0.0,0.0
run_0068,3,2023-11-16T01:26:39.781565+00:00,node_2,9.941952,OK,normal,normal,0.0,0.0
run_0068,3,2023-11-16T01:26:39.660045+00:00,node_3,9.722901,OK,normal,normal,0.0,0.0
run_0068,4,2023-11-16T01:26:59.686679+00:00,node_1,9.789039,OK,normal,normal,0.0,0.0
run_0068,4,2023-11-16T01:26:59.775414+00:00,node_2,9.86736,OK,normal,normal,0.0,0.0
run_0068,4,2023-11-16T01:26:59.675717+00:00,node_3,10.093344,OK,normal,normal,0.0,0.0
run_0068,5,2023-11-16T01:27:20.235579+00:00,node_1,9.627212,OK,minor,major,6.5990968468190285,31.965926435314074
run_0068,5,2023-11-16T01:27:20.225127+00:00,node_2,9.02294,OK,minor,major,6.5990968468190285,31.965926435314074
run_0068,5,2023-11-16T01:27:20.138278+00:00,node_3,6.190823,OK,minor,major,6.5990968468190285,31.965926435314074
run_0068,6,2023-11-16T01:27:40.272191+00:00,node_1,9.759853,OK,minor,major,6.5990968468190285,31.965926435314074
run_0068,6,2023-11-16T01:27:40.311512+00:00,node_2,9.398046,OK,minor,major,6.5990968468190285,31.965926435314074
run_0068,6,2023-11-16T01:27:39.981597+00:00,node_3,6.221132,OK,minor,major,6.5990968468190285,31.965926435314074
run_0068,7,2023-11-16T01:27:59.649906+00:00,node_1,9.862092,OK,minor,major,6.5990968468190285,31.965926435314074
run_0068,7,2023-11-16T01:27:59.846602+00:00,node_2,9.526699,OK,minor,major,6.5990968468190285,31.965926435314074
run_0068,7,2023-11-16T01:27:59.674955+00:00,node_3,6.230279,OK,minor,major,6.5990968468190285,31.965926435314074
run_0068,8,2023-11-16T01:28:20.203710+00:00,node_1,9.639298,OK,minor,major,6.5990968468190285,31.965926435314074
run_0068,8,2023-11-16T01:28:19.838941+00:00,node_2,9.273973,OK,minor,major,6.5990968468190285,31.965926435314074
run_0068,8,2023-11-16T01:28:19.929530+00:00,node_3,6.222428,OK,minor,major,6.5990968468190285,31.965926435314074
run_0068,9,2023-11-16T01:28:40.243350+00:00,node_1,9.819392,OK,minor,major,6.5990968468190285,31.965926435314074
run_0068,9,2023-11-16T01:28:39.966365+00:00,node_2,9.063453,OK,minor,major,6.5990968468190285,31.965926435314074
run_0068,9,2023-11-16T01:28:39.886473+00:00,node_3,6.323353,OK,minor,major,6.5990968468190285,31.965926435314074
run_0068,10,2023-11-16T01:28:59.941902+00:00,node_1,9.780572,OK,minor,major,6.5990968468190285,31.965926435314074
run_0068,10,2023-11-16T01:28:59.755688+00:00,node_2,9.357917,OK,minor,major,6.5990968468190285,31.965926435314074
run_0068,10,2023-11-16T01:29:00.007437+00:00,node_3,6.098175,OK,minor,major,6.5990968468190285,31.965926435314074
run_0068,11,2023-11-16T01:29:19.443943+00:00,node_1,9.686442,OK,minor,major,6.5990968468190285,31.965926435314074
run_0068,11,2023-11-16T01:29:19.667870+00:00,node_2,8.985924,OK,minor,major,6.5990968468190285,31.965926435314074
run_0068,11,2023-11-16T01:29:19.399299+00:00,node_3,6.42537,OK,minor,major,6.5990968468190285,31.965926435314074
run_0068,12,2023-11-16T01:29:39.510798+00:00,node_1,9.831817,OK,minor,major,6.5990968468190285,31.965926435314074
run_0068,12,2023-11-16T01:29:39.543047+00:00,node_2,9.284195,OK,minor,major,6.5990968468190285,31.965926435314074
run_0068,12,2023-11-16T01:29:39.309840+00:00,node_3,6.418866,OK,minor,major,6.5990968468190285,31.965926435314074
run_0068,13,2023-11-16T01:29:59.027786+00:00,node_1,9.86169,OK,minor,major,6.5990968468190285,31.965926435314074
run_0068,13,2023-11-16T01:29:59.177463+00:00,node_2,9.332441,OK,minor,major,6.5990968468190285,31.965926435314074
run_0068,13,2023-11-16T01:29:59.101229+00:00,node_3,6.41429,OK,minor,major,6.5990968468190285,31.965926435314074
run_0068,14,2023-11-16T01:30:19.208778+00:00,node_1,9.837611,OK,minor,major,6.5990968468190285,31.965926435314074
run_0068,14,2023-11-16T01:30:19.460862+00:00,node_2,9.402484,OK,minor,major,6.5990968468190285,31.965926435314074
run_0068,14,2023-11-16T01:30:19.195985+00:00,node_3,6.137605,OK,minor,major,6.5990968468190285,31.965926435314074
run_0068,15,2023-11-16T01:30:39.764104+00:00,node_1,10.211436,OK,minor,major,6.5990968468190285,31.965926435314074
run_0068,15,2023-11-16T01:30:39.708253+00:00,node_2,9.088407,OK,minor,major,6.5990968468190285,31.965926435314074
run_0068,15,2023-11-16T01:30:39.709477+00:00,node_3,6.622244,OK,minor,major,6.5990968468190285,31.965926435314074
run_0068,16,2023-11-16T01:31:00.023230+00:00,node_1,10.123597,OK,minor,major,6.5990968468190285,31.965926435314074
run_0068,16,2023-11-16T01:30:59.948261+00:00,node_2,9.419562,OK,minor,major,6.5990968468190285,31.965926435314074
run_0068,16,2023-11-16T01:30:59.973343+00:00,node_3,6.544626,OK,minor,major,6.5990968468190285,31.965926435314074
run_0068,17,2023-11-16T01:31:19.790826+00:00,node_1,9.928595,OK,minor,major,6.5990968468190285,31.965926435314074
run_0068,17,2023-11-16T01:31:19.779250+00:00,node_2,9.546109,OK,minor,major,6.5990968468190285,31.965926435314074
run_0068,17,2023-11-16T01:31:19.913382+00:00,node_3,6.280465,OK,minor,major,6.5990968468190285,31.965926435314074
run_0068,18,2023-11-16T01:31:39.479201+00:00,node_1,10.008539,OK,minor,major,6.5990968468190285,31.965926435314074
run_0068,18,2023-11-16T01:31:39.517858+00:00,node_2,9.286061,OK,minor,major,6.5990968468190285,31.965926435314074
run_0068,18,2023-11-16T01:31:39.618872+00:00,node_3,6.433246,OK,minor,major,6.5990968468190285,31.965926435314074
run_0068,19,2023-11-16T01:31:59.553909+00:00,node_1,10.150496,OK,minor,major,6.5990968468190285,31.965926435314074
run_0068,19,2023-11-16T01:31:59.479033+00:00,node_2,9.186663,OK,minor,major,6.5990968468190285,31.965926435314074
run_0068,19,2023-11-16T01:31:59.415399+00:00,node_3,6.419325,OK,minor,major,6.5990968468190285,31.965926435314074
run_0068,20,2023-11-16T01:32:19.908451+00:00,node_1,10.082534,OK,minor,major,6.5990968468190285,31.965926435314074
run_0068,20,2023-11-16T01:32:19.716458+00:00,node_2,9.200922,OK,minor,major,6.5990968468190285,31.965926435314074
run_0068,20,2023-11-16T01:32:19.725596+00:00,node_3,6.129578,OK,minor,major,6.5990968468190285,31.965926435314074
run_0068,21,2023-11-16T01:32:39.822666+00:00,node_1,10.109749,OK,minor,major,6.5990968468190285,31.965926435314074
run_0068,21,2023-11-16T01:32:39.866762+00:00,node_2,9.379624,OK,minor,major,6.5990968468190285,31.965926435314074
run_0068,21,2023-11-16T01:32:40.109154+00:00,node_3,6.275949,OK,minor,major,6.5990968468190285,31.965926435314074
run_0068,22,2023-11-16T01:32:59.600834+00:00,node_1,10.316233,OK,minor,major,6.5990968468190285,31.965926435314074
run_0068,22,2023-11-16T01:32:59.717566+00:00,node_2,9.216801,OK,minor,major,6.5990968468190285,31.965926435314074
run_0068,22,2023-11-16T01:32:59.702834+00:00,node_3,6.170449,OK,minor,major,6.5990968468190285,31.965926435314074
run_0068,23,2023-11-16T01:33:19.625195+00:00,node_1,9.875512,OK,minor,major,6.5990968468190285,31.965926435314074
run_0068,23,2023-11-16T01:33:19.728967+00:00,node_2,9.42301,OK,minor,major,6.5990968468190285,31.965926435314074
run_0068,23,2023-11-16T01:33:19.599411+00:00,node_3,6.438521,OK,minor,major,6.5990968468190285,31.965926435314074
run_0068,24,2023-11-16T01:33:39.532189+00:00,node_1,11.636216,OK,minor,major,6.5990968468190285,31.965926435314074
run_0068,24,2023-11-16T01:33:39.642234+00:00,node_2,11.03506,OK,minor,major,6.5990968468190285,31.965926435314074
run_0068,24,2023-11-16T01:33:39.689722+00:00,node_3,7.394255,OK,minor,major,6.5990968468190285,31.965926435314074
run_0068,25,2023-11-16T01:33:59.351673+00:00,node_1,11.862774,OK,minor,major,6.5990968468190285,31.965926435314074
run_0068,25,2023-11-16T01:33:59.196929+00:00,node_2,10.904652,OK,minor,major,6.5990968468190285,31.965926435314074
run_0068,25,2023-11-16T01:33:59.441103+00:00,node_3,7.744564,OK,minor,major,6.5990968468190285,31.965926435314074
run_0068,26,2023-11-16T01:34:19.689019+00:00,node_1,11.35082,OK,minor,major,6.5990968468190285,31.965926435314074
run_0068,26,2023-11-16T01:34:19.498423+00:00,node_2,10.692639,OK,minor,major,6.5990968468190285,31.965926435314074
run_0068,26,2023-11-16T01:34:19.473937+00:00,node_3,7.559787,OK,minor,major,6.5990968468190285,31.965926435314074
run_0068,27,2023-11-16T01:34:39.492193+00:00,node_1,11.519721,OK,minor,major,6.5990968468190285,31.965926435314074
run_0068,27,2023-11-16T01:34:39.644433+00:00,node_2,10.887832,OK,minor,major,6.5990968468190285,31.965926435314074
run_0068,27,2023-11-16T01:34:39.631882+00:00,node_3,7.540533,OK,minor,major,6.5990968468190285,31.965926435314074
run_0068,28,2023-11-16T01:34:59.314902+00:00,node_1,11.835821,OK,minor,major,6.5990968468190285,31.965926435314074
run_0068,28,2023-11-16T01:34:59.558243+00:00,node_2,10.623359,OK,minor,major,6.5990968468190285,31.965926435314074
run_0068,28,2023-11-16T01:34:59.676052+00:00,node_3,7.602456,OK,minor,major,6.5990968468190285,31.965926435314074
run_0068,29,2023-11-16T01:35:19.313370+00:00,node_1,11.536074,OK,minor,major,6.5990968468190285,31.965926435314074
run_0068,29,2023-11-16T01:35:19.324149+00:00,node_2,10.97091,OK,minor,major,6.5990968468190285,31.965926435314074
run_0068,29,2023-11-16T01:35:19.443804+00:00,node_3,7.226701,OK,minor,major,6.5990968468190285,31.965926435314074
run_0068,30,2023-11-16T01:35:39.320073+00:00,node_1,11.653683,OK,minor,major,6.5990968468190285,31.965926435314074
run_0068,30,2023-11-16T01:35:39.460590+00:00,node_2,10.937427,OK,minor,major,6.5990968468190285,31.965926435314074
run_0068,30,2023-11-16T01:35:39.152372+00:00,node_3,7.393981,OK,minor,major,6.5990968468190285,31.965926435314074
run_0068,31,2023-11-16T01:35:59.385309+00:00,node_1,11.684394,OK,normal,normal,0.0,0.0
run_0068,31,2023-11-16T01:35:59.238191+00:00,node_2,11.696985,OK,normal,normal,0.0,0.0
run_0068,31,2023-11-16T01:35:59.463564+00:00,node_3,11.853426,OK,normal,normal,0.0,0.0
run_0068,32,2023-11-16T01:36:19.685666+00:00,node_1,11.540028,OK,normal,normal,0.0,0.0
run_0068,32,2023-11-16T01:36:19.524852+00:00,node_2,11.689268,OK,normal,normal,0.0,0.0
run_0068,32,2023-11-16T01:36:19.591570+00:00,node_3,11.823127,OK,normal,normal,0.0,0.0
run_0068,33,2023-11-16T01:36:39.973737+00:00,node_1,11.537517,OK,normal,normal,0.0,0.0
run_0068,33,2023-11-16T01:36:39.958184+00:00,node_2,11.786428,OK,normal,normal,0.0,0.0
run_0068,33,2023-11-16T01:36:40.050954+00:00,node_3,11.554654,OK,normal,normal,0.0,0.0
run_0068,34,2023-11-16T01:36:59.917380+00:00,node_1,11.551758,OK,normal,normal,0.0,0.0
run_0068,34,2023-11-16T01:36:59.649444+00:00,node_2,11.833206,OK,normal,normal,0.0,0.0
run_0068,34,2023-11-16T01:36:59.991494+00:00,node_3,11.44015,OK,normal,normal,0.0,0.0
run_0068,35,2023-11-16T01:37:19.962513+00:00,node_1,11.824908,OK,normal,normal,0.0,0.0
run_0068,35,2023-11-16T01:37:20.162748+00:00,node_2,11.344785,OK,normal,normal,0.0,0.0
run_0068,35,2023-11-16T01:37:20.089718+00:00,node_3,11.567122,OK,normal,normal,0.0,0.0
run_0069,0,2023-11-16T01:49:39.855878+00:00,node_1,8.862742,OK,normal,normal,0.0,0.0
run_0069,0,2023-11-16T01:49:39.863324+00:00,node_2,8.752373,OK,normal,normal,0.0,0.0
run_0069,0,2023-11-16T01:49:39.796484+00:00,node_3,8.186181,OK,normal,normal,0.0,0.0
run_0069,1,2023-11-16T01:49:59.379709+00:00,node_1,8.382903,OK,normal,normal,0.0,0.0
run_0069,1,2023-11-16T01:49:59.667134+00:00,node_2,8.580789,OK,normal,normal,0.0,0.0
run_0069,1,2023-11-16T01:49:59.405965+00:00,node_3,8.677749,OK,normal,normal,0.0,0.0
run_0069,2,2023-11-16T01:50:19.395564+00:00,node_1,8.605788,OK,normal,normal,0.0,0.0
run_0069,2,2023-11-16T01:50:19.333361+00:00,node_2,8.595913,OK,normal,normal,0.0,0.0
run_0069,2,2023-11-16T01:50:19.182626+00:00,node_3,8.645142,OK,normal,normal,0.0,0.0
run_0069,3,2023-11-16T01:50:39.240109+00:00,node_1,8.558366,OK,normal,normal,0.0,0.0
run_0069,3,2023-11-16T01:50:39.278824+00:00,node_2,8.909702,OK,normal,normal,0.0,0.0
run_0069,3,2023-11-16T01:50:39.415739+00:00,node_3,8.474978,OK,normal,normal,0.0,0.0
run_0069,4,2023-11-16T01:50:59.220603+00:00,node_1,8.602529,OK,normal,normal,0.0,0.0
run_0069,4,2023-11-16T01:50:58.873173+00:00,node_2,8.476183,OK,normal,normal,0.0,0.0
run_0069,4,2023-11-16T01:50:59.241462+00:00,node_3,8.196492,OK,normal,normal,0.0,0.0
run_0069,5,2023-11-16T01:51:19.357751+00:00,node_1,8.593679,OK,major,normal,36.08460054542076,0
run_0069,5,2023-11-16T01:51:19.376439+00:00,node_2,5.444746,OK,major,normal,36.08460054542076,0
run_0069,5,2023-11-16T01:51:19.238770+00:00,node_3,5.448143,OK,major,normal,36.08460054542076,0
run_0069,6,2023-11-16T01:51:39.216699+00:00,node_1,8.620778,OK,major,normal,36.08460054542076,0
run_0069,6,2023-11-16T01:51:39.155552+00:00,node_2,5.332328,OK,major,normal,36.08460054542076,0
run_0069,6,2023-11-16T01:51:38.968468+00:00,node_3,5.291549,OK,major,normal,36.08460054542076,0
run_0069,7,2023-11-16T01:51:59.185083+00:00,node_1,8.737188,OK,major,normal,36.08460054542076,0
run_0069,7,2023-11-16T01:51:59.293357+00:00,node_2,5.60343,OK,major,normal,36.08460054542076,0
run_0069,7,2023-11-16T01:51:59.217372+00:00,node_3,5.428936,OK,major,normal,36.08460054542076,0
run_0069,8,2023-11-16T01:52:19.167986+00:00,node_1,8.663773,OK,major,normal,36.08460054542076,0
run_0069,8,2023-11-16T01:52:19.243412+00:00,node_2,5.330861,OK,major,normal,36.08460054542076,0
run_0069,8,2023-11-16T01:52:19.494487+00:00,node_3,5.682521,OK,major,normal,36.08460054542076,0
run_0069,9,2023-11-16T01:52:39.243535+00:00,node_1,8.754063,OK,major,normal,36.08460054542076,0
run_0069,9,2023-11-16T01:52:39.053720+00:00,node_2,5.346452,OK,major,normal,36.08460054542076,0
run_0069,9,2023-11-16T01:52:39.253066+00:00,node_3,5.475433,OK,major,normal,36.08460054542076,0
run_0069,10,2023-11-16T01:52:58.611351+00:00,node_1,8.485825,OK,major,normal,36.08460054542076,0
run_0069,10,2023-11-16T01:52:58.528949+00:00,node_2,5.427336,OK,major,normal,36.08460054542076,0
run_0069,10,2023-11-16T01:52:58.621925+00:00,node_3,5.639136,OK,major,normal,36.08460054542076,0
run_0069,11,2023-11-16T01:53:18.589874+00:00,node_1,8.663995,OK,major,normal,36.08460054542076,0
run_0069,11,2023-11-16T01:53:18.853004+00:00,node_2,5.363841,OK,major,normal,36.08460054542076,0
run_0069,11,2023-11-16T01:53:18.788159+00:00,node_3,5.497331,OK,major,normal,36.08460054542076,0
run_0069,12,2023-11-16T01:53:38.522434+00:00,node_1,10.661285,OK,major,normal,36.08460054542076,0
run_0069,12,2023-11-16T01:53:38.537010+00:00,node_2,6.773269,OK,major,normal,36.08460054542076,0
run_0069,12,2023-11-16T01:53:38.572394+00:00,node_3,6.646849,OK,major,normal,36.08460054542076,0
run_0069,13,2023-11-16T01:53:58.754139+00:00,node_1,10.656043,OK,major,normal,36.08460054542076,0
run_0069,13,2023-11-16T01:53:58.984982+00:00,node_2,6.587174,OK,major,normal,36.08460054542076,0
run_0069,13,2023-11-16T01:53:58.866922+00:00,node_3,6.942363,OK,major,normal,36.08460054542076,0
run_0069,14,2023-11-16T01:54:18.976479+00:00,node_1,10.747213,OK,major,normal,36.08460054542076,0
run_0069,14,2023-11-16T01:54:18.886590+00:00,node_2,6.81585,OK,major,normal,36.08460054542076,0
run_0069,14,2023-11-16T01:54:18.725395+00:00,node_3,6.941995,OK,major,normal,36.08460054542076,0
run_0069,15,2023-11-16T01:54:38.581587+00:00,node_1,10.400838,OK,major,normal,36.08460054542076,0
run_0069,15,2023-11-16T01:54:38.427004+00:00,node_2,6.888744,OK,major,normal,36.08460054542076,0
run_0069,15,2023-11-16T01:54:38.564109+00:00,node_3,6.773076,OK,major,normal,36.08460054542076,0
run_0069,16,2023-11-16T01:54:58.936677+00:00,node_1,10.771847,OK,major,normal,36.08460054542076,0
run_0069,16,2023-11-16T01:54:58.745320+00:00,node_2,6.795632,OK,major,normal,36.08460054542076,0
run_0069,16,2023-11-16T01:54:58.679862+00:00,node_3,6.705743,OK,major,normal,36.08460054542076,0
run_0069,17,2023-11-16T01:55:18.923237+00:00,node_1,10.391809,OK,major,normal,36.08460054542076,0
run_0069,17,2023-11-16T01:55:18.981999+00:00,node_2,6.506023,OK,major,normal,36.08460054542076,0
run_0069,17,2023-11-16T01:55:19.089471+00:00,node_3,6.684843,OK,major,normal,36.08460054542076,0
run_0069,18,2023-11-16T01:55:38.554437+00:00,node_1,10.237533,OK,major,normal,36.08460054542076,0
run_0069,18,2023-11-16T01:55:38.637224+00:00,node_2,6.59268,OK,major,normal,36.08460054542076,0
run_0069,18,2023-11-16T01:55:38.588177+00:00,node_3,6.702189,OK,major,normal,36.08460054542076,0
run_0069,19,2023-11-16T01:55:58.860871+00:00,node_1,10.158225,OK,major,normal,36.08460054542076,0
run_0069,19,2023-11-16T01:55:58.952451+00:00,node_2,6.318805,OK,major,normal,36.08460054542076,0
run_0069,19,2023-11-16T01:55:58.853754+00:00,node_3,6.758937,OK,major,normal,36.08460054542076,0
run_0069,20,2023-11-16T01:56:18.925953+00:00,node_1,10.554538,OK,major,normal,36.08460054542076,0
run_0069,20,2023-11-16T01:56:19.051516+00:00,node_2,6.465782,OK,major,normal,36.08460054542076,0
run_0069,20,2023-11-16T01:56:19.060449+00:00,node_3,6.737508,OK,major,normal,36.08460054542076,0
run_0069,21,2023-11-16T01:56:38.785961+00:00,node_1,10.540384,OK,major,normal,36.08460054542076,0
run_0069,21,2023-11-16T01:56:38.735567+00:00,node_2,6.56898,OK,major,normal,36.08460054542076,0
run_0069,21,2023-11-16T01:56:38.837840+00:00,node_3,6.734888,OK,major,normal,36.08460054542076,0
run_0069,22,2023-11-16T01:56:59.238834+00:00,node_1,10.685311,OK,major,normal,36.08460054542076,0
run_0069,22,2023-11-16T01:56:59.092938+00:00,node_2,6.842174,OK,major,normal,36.08460054542076,0
run_0069,22,2023-11-16T01:56:59.129498+00:00,node_3,6.828233,OK,major,normal,36.08460054542076,0
run_0069,23,2023-11-16T01:57:18.882575+00:00,node_1,10.624424,OK,major,normal,36.08460054542076,0
run_0069,23,2023-11-16T01:57:18.517210+00:00,node_2,6.847967,OK,major,normal,36.08460054542076,0
run_0069,23,2023-11-16T01:57:18.719583+00:00,node_3,6.972734,OK,major,normal,36.08460054542076,0
run_0069,24,2023-11-16T01:57:38.534414+00:00,node_1,10.408764,OK,major,normal,36.08460054542076,0
run_0069,24,2023-11-16T01:57:38.545149+00:00,node_2,6.821139,OK,major,normal,36.08460054542076,0
run_0069,24,2023-11-16T01:57:38.733311+00:00,node_3,6.973599,OK,major,normal,36.08460054542076,0
run_0069,25,2023-11-16T01:57:58.106195+00:00,node_1,10.749652,OK,major,normal,36.08460054542076,0
run_0069,25,2023-11-16T01:57:58.210682+00:00,node_2,6.895909,OK,major,normal,36.08460054542076,0
run_0069,25,2023-11-16T01:57:58.091513+00:00,node_3,7.086371,OK,major,normal,36.08460054542076,0
run_0069,26,2023-11-16T01:58:17.932991+00:00,node_1,10.50132,OK,major,normal,36.08460054542076,0
run_0069,26,2023-11-16T01:58:18.279155+00:00,node_2,6.678332,OK,major,normal,36.08460054542076,0
run_0069,26,2023-11-16T01:58:17.972187+00:00,node_3,7.004646,OK,major,normal,36.08460054542076,0
run_0069,27,2023-11-16T01:58:38.434628+00:00,node_1,10.947954,OK,major,normal,36.08460054542076,0
run_0069,27,2023-11-16T01:58:38.527452+00:00,node_2,7.089409,OK,major,normal,36.08460054542076,0
run_0069,27,2023-11-16T01:58:38.580943+00:00,node_3,6.692251,OK,major,normal,36.08460054542076,0
run_0069,28,2023-11-16T01:58:58.620766+00:00,node_1,10.580623,OK,major,normal,36.08460054542076,0
run_0069,28,2023-11-16T01:58:58.665920+00:00,node_2,6.806922,OK,major,normal,36.08460054542076,0
run_0069,28,2023-11-16T01:58:58.632450+00:00,node_3,6.965642,OK,major,normal,36.08460054542076,0
run_0069,29,2023-11-16T01:59:18.690718+00:00,node_1,10.942466,OK,major,normal,36.08460054542076,0
run_0069,29,2023-11-16T01:59:18.933902+00:00,node_2,6.82886,OK,major,normal,36.08460054542076,0
run_0069,29,2023-11-16T01:59:18.887170+00:00,node_3,7.021293,OK,major,normal,36.08460054542076,0
run_0069,30,2023-11-16T01:59:38.956130+00:00,node_1,10.666207,OK,major,normal,36.08460054542076,0
run_0069,30,2023-11-16T01:59:38.889464+00:00,node_2,6.735614,OK,major,normal,36.08460054542076,0
run_0069,30,2023-11-16T01:59:39.161202+00:00,node_3,7.084451,OK,major,normal,36.08460054542076,0
run_0069,31,2023-11-16T01:59:58.742695+00:00,node_1,10.939982,OK,normal,normal,0.0,0.0
run_0069,31,2023-11-16T01:59:58.899409+00:00,node_2,11.131361,OK,normal,normal,0.0,0.0
run_0069,31,2023-11-16T01:59:58.645094+00:00,node_3,11.226227,OK,normal,normal,0.0,0.0
run_0069,32,2023-11-16T02:00:19.045888+00:00,node_1,10.575706,OK,normal,normal,0.0,0.0
run_0069,32,2023-11-16T02:00:19.029266+00:00,node_2,10.475932,OK,normal,normal,0.0,0.0
run_0069,32,2023-11-16T02:00:18.751847+00:00,node_3,10.670225,OK,normal,normal,0.0,0.0
run_0069,33,2023-11-16T02:00:38.680445+00:00,node_1,10.885791,OK,normal,normal,0.0,0.0
run_0069,33,2023-11-16T02:00:39.037417+00:00,node_2,10.810013,OK,normal,normal,0.0,0.0
run_0069,33,2023-11-16T02:00:39.011080+00:00,node_3,10.55136,OK,normal,normal,0.0,0.0
run_0069,34,2023-11-16T02:00:58.496960+00:00,node_1,11.214237,OK,normal,normal,0.0,0.0
run_0069,34,2023-11-16T02:00:58.510702+00:00,node_2,10.844867,OK,normal,normal,0.0,0.0
run_0069,34,2023-11-16T02:00:58.533580+00:00,node_3,10.608191,OK,normal,normal,0.0,0.0
run_0069,35,2023-11-16T02:01:18.365737+00:00,node_1,10.743373,OK,normal,normal,0.0,0.0
run_0069,35,2023-11-16T02:01:18.704049+00:00,node_2,10.934323,OK,normal,normal,0.0,0.0
run_0069,35,2023-11-16T02:01:18.625524+00:00,node_3,11.066921,OK,normal,normal,0.0,0.0
run_0070,0,2023-11-16T02:13:40.219977+00:00,node_1,10.29403,OK,normal,normal,0.0,0.0
run_0070,0,2023-11-16T02:13:40.345072+00:00,node_2,10.078865,OK,normal,normal,0.0,0.0
run_0070,0,2023-11-16T02:13:40.294430+00:00,node_3,10.125851,OK,normal,normal,0.0,0.0
run_0070,1,2023-11-16T02:14:00.242297+00:00,node_1,9.617296,OK,normal,normal,0.0,0.0
run_0070,1,2023-11-16T02:14:00.328452+00:00,node_2,10.093565,OK,normal,normal,0.0,0.0
run_0070,1,2023-11-16T02:14:00.603284+00:00,node_3,9.511229,OK,normal,normal,0.0,0.0
run_0070,2,2023-11-16T02:14:20.598696+00:00,node_1,10.231891,OK,normal,normal,0.0,0.0
run_0070,2,2023-11-16T02:14:20.299374+00:00,node_2,9.993921,OK,normal,normal,0.0,0.0
run_0070,2,2023-11-16T02:14:20.440813+00:00,node_3,10.006662,OK,normal,normal,0.0,0.0
run_0070,3,2023-11-16T02:14:40.208042+00:00,node_1,9.831173,OK,normal,normal,0.0,0.0
run_0070,3,2023-11-16T02:14:40.275270+00:00,node_2,10.181861,OK,normal,normal,0.0,0.0
run_0070,3,2023-11-16T02:14:40.097329+00:00,node_3,10.013958,OK,normal,normal,0.0,0.0
run_0070,4,2023-11-16T02:15:00.728837+00:00,node_1,10.623397,OK,normal,normal,0.0,0.0
run_0070,4,2023-11-16T02:15:00.756527+00:00,node_2,10.06117,OK,normal,normal,0.0,0.0
run_0070,4,2023-11-16T02:15:00.710788+00:00,node_3,10.460142,OK,normal,normal,0.0,0.0
run_0070,5,2023-11-16T02:15:20.688224+00:00,node_1,9.7725,OK,major,minor,43.438443339321786,14.220549762701673
run_0070,5,2023-11-16T02:15:20.846676+00:00,node_2,5.686978,OK,major,minor,43.438443339321786,14.220549762701673
run_0070,5,2023-11-16T02:15:21.002099+00:00,node_3,4.831736,OK,major,minor,43.438443339321786,14.220549762701673
run_0070,6,2023-11-16T02:15:40.370982+00:00,node_1,9.692424,OK,major,minor,43.438443339321786,14.220549762701673
run_0070,6,2023-11-16T02:15:40.615762+00:00,node_2,5.671494,OK,major,minor,43.438443339321786,14.220549762701673
run_0070,6,2023-11-16T02:15:40.473632+00:00,node_3,4.896716,OK,major,minor,43.438443339321786,14.220549762701673
run_0070,7,2023-11-16T02:16:00.594691+00:00,node_1,9.713995,OK,major,minor,43.438443339321786,14.220549762701673
run_0070,7,2023-11-16T02:16:00.862468+00:00,node_2,5.670439,OK,major,minor,43.438443339321786,14.220549762701673
run_0070,7,2023-11-16T02:16:00.921911+00:00,node_3,4.840098,OK,major,minor,43.438443339321786,14.220549762701673
run_0070,8,2023-11-16T02:16:20.717305+00:00,node_1,10.061602,OK,major,minor,43.438443339321786,14.220549762701673
run_0070,8,2023-11-16T02:16:20.989928+00:00,node_2,6.031132,OK,major,minor,43.438443339321786,14.220549762701673
run_0070,8,2023-11-16T02:16:20.725819+00:00,node_3,4.933996,OK,major,minor,43.438443339321786,14.220549762701673
run_0070,9,2023-11-16T02:16:40.575888+00:00,node_1,10.066065,OK,major,minor,43.438443339321786,14.220549762701673
run_0070,9,2023-11-16T02:16:40.404998+00:00,node_2,5.92855,OK,major,minor,43.438443339321786,14.220549762701673
run_0070,9,2023-11-16T02:16:40.528834+00:00,node_3,4.937049,OK,major,minor,43.438443339321786,14.220549762701673
run_0070,10,2023-11-16T02:17:00.739476+00:00,node_1,9.988191,OK,major,minor,43.438443339321786,14.220549762701673
run_0070,10,2023-11-16T02:17:00.415190+00:00,node_2,5.706753,OK,major,minor,43.438443339321786,14.220549762701673
run_0070,10,2023-11-16T02:17:00.421342+00:00,node_3,4.858772,OK,major,minor,43.438443339321786,14.220549762701673
run_0070,11,2023-11-16T02:17:21.019953+00:00,node_1,9.989544,OK,major,minor,43.438443339321786,14.220549762701673
run_0070,11,2023-11-16T02:17:20.842295+00:00,node_2,5.77968,OK,major,minor,43.438443339321786,14.220549762701673
run_0070,11,2023-11-16T02:17:21.090406+00:00,node_3,4.694803,OK,major,minor,43.438443339321786,14.220549762701673
run_0070,12,2023-11-16T02:17:41.071988+00:00,node_1,8.296508,OK,major,minor,43.438443339321786,14.220549762701673
run_0070,12,2023-11-16T02:17:41.096841+00:00,node_2,4.517712,OK,major,minor,43.438443339321786,14.220549762701673
run_0070,12,2023-11-16T02:17:41.026977+00:00,node_3,4.009715,OK,major,minor,43.438443339321786,14.220549762701673
run_0070,13,2023-11-16T02:18:00.829887+00:00,node_1,8.258138,OK,major,minor,43.438443339321786,14.220549762701673
run_0070,13,2023-11-16T02:18:00.900631+00:00,node_2,4.556204,OK,major,minor,43.438443339321786,14.220549762701673
run_0070,13,2023-11-16T02:18:01.018433+00:00,node_3,3.913757,OK,major,minor,43.438443339321786,14.220549762701673
run_0070,14,2023-11-16T02:18:21.104323+00:00,node_1,8.292693,OK,major,minor,43.438443339321786,14.220549762701673
run_0070,14,2023-11-16T02:18:21.000946+00:00,node_2,4.598081,OK,major,minor,43.438443339321786,14.220549762701673
run_0070,14,2023-11-16T02:18:20.954255+00:00,node_3,3.92026,OK,major,minor,43.438443339321786,14.220549762701673
run_0070,15,2023-11-16T02:18:41.369264+00:00,node_1,8.083466,OK,major,minor,43.438443339321786,14.220549762701673
run_0070,15,2023-11-16T02:18:41.316485+00:00,node_2,4.60745,OK,major,minor,43.438443339321786,14.220549762701673
run_0070,15,2023-11-16T02:18:41.400424+00:00,node_3,3.862634,OK,major,minor,43.438443339321786,14.220549762701673
run_0070,16,2023-11-16T02:19:01.024561+00:00,node_1,8.406636,OK,major,minor,43.438443339321786,14.220549762701673
run_0070,16,2023-11-16T02:19:01.005570+00:00,node_2,4.491801,OK,major,minor,43.438443339321786,14.220549762701673
run_0070,16,2023-11-16T02:19:01.080735+00:00,node_3,3.82156,OK,major,minor,43.438443339321786,14.220549762701673
run_0070,17,2023-11-16T02:19:21.200480+00:00,node_1,8.094181,OK,major,minor,43.438443339321786,14.220549762701673
run_0070,17,2023-11-16T02:19:21.393793+00:00,node_2,4.545808,OK,major,minor,43.438443339321786,14.220549762701673
run_0070,17,2023-11-16T02:19:21.392123+00:00,node_3,3.834365,OK,major,minor,43.438443339321786,14.220549762701673
run_0070,18,2023-11-16T02:19:41.130757+00:00,node_1,7.936834,OK,major,minor,43.438443339321786,14.220549762701673
run_0070,18,2023-11-16T02:19:41.338042+00:00,node_2,4.577576,OK,major,minor,43.438443339321786,14.220549762701673
run_0070,18,2023-11-16T02:19:41.350358+00:00,node_3,3.891308,OK,major,minor,43.438443339321786,14.220549762701673
run_0070,19,2023-11-16T02:20:01.298241+00:00,node_1,8.201901,OK,major,minor,43.438443339321786,14.220549762701673
run_0070,19,2023-11-16T02:20:01.260997+00:00,node_2,4.47217,OK,major,minor,43.438443339321786,14.220549762701673
run_0070,19,2023-11-16T02:20:01.216139+00:00,node_3,3.868949,OK,major,minor,43.438443339321786,14.220549762701673
run_0070,20,2023-11-16T02:20:20.734700+00:00,node_1,8.215676,OK,major,minor,43.438443339321786,14.220549762701673
run_0070,20,2023-11-16T02:20:20.884566+00:00,node_2,4.581112,OK,major,minor,43.438443339321786,14.220549762701673
run_0070,20,2023-11-16T02:20:20.787576+00:00,node_3,3.835877,OK,major,minor,43.438443339321786,14.220549762701673
run_0070,21,2023-11-16T02:20:41.088221+00:00,node_1,8.048515,OK,major,minor,43.438443339321786,14.220549762701673
run_0070,21,2023-11-16T02:20:41.146770+00:00,node_2,4.522015,OK,major,minor,43.438443339321786,14.220549762701673
run_0070,21,2023-11-16T02:20:40.977940+00:00,node_3,3.821519,OK,major,minor,43.438443339321786,14.220549762701673
run_0070,22,2023-11-16T02:21:01.349160+00:00,node_1,8.102377,OK,major,minor,43.438443339321786,14.220549762701673
run_0070,22,2023-11-16T02:21:01.321989+00:00,node_2,4.422958,OK,major,minor,43.438443339321786,14.220549762701673
run_0070,22,2023-11-16T02:21:01.303335+00:00,node_3,3.689796,OK,major,minor,43.438443339321786,14.220549762701673
run_0070,23,2023-11-16T02:21:20.848838+00:00,node_1,8.015075,OK,major,minor,43.438443339321786,14.220549762701673
run_0070,23,2023-11-16T02:21:20.970797+00:00,node_2,4.497712,OK,major,minor,43.438443339321786,14.220549762701673
run_0070,23,2023-11-16T02:21:20.989455+00:00,node_3,4.02787,OK,major,minor,43.438443339321786,14.220549762701673
run_0070,24,2023-11-16T02:21:41.203931+00:00,node_1,8.934184,OK,major,minor,43.438443339321786,14.220549762701673
run_0070,24,2023-11-16T02:21:40.819682+00:00,node_2,5.200717,OK,major,minor,43.438443339321786,14.220549762701673
run_0070,24,2023-11-16T02:21:40.965599+00:00,node_3,4.377255,OK,major,minor,43.438443339321786,14.220549762701673
run_0070,25,2023-11-16T02:22:00.938281+00:00,node_1,8.678201,OK,major,minor,43.438443339321786,14.220549762701673
run_0070,25,2023-11-16T02:22:01.007771+00:00,node_2,5.104187,OK,major,minor,43.438443339321786,14.220549762701673
run_0070,25,2023-11-16T02:22:01.001959+00:00,node_3,4.388289,OK,major,minor,43.438443339321786,14.220549762701673
run_0070,26,2023-11-16T02:22:21.124893+00:00,node_1,9.033815,OK,major,minor,43.438443339321786,14.220549762701673
run_0070,26,2023-11-16T02:22:20.865490+00:00,node_2,5.2189,OK,major,minor,43.438443339321786,14.220549762701673
run_0070,26,2023-11-16T02:22:21.004794+00:00,node_3,4.472882,OK,major,minor,43.438443339321786,14.220549762701673
run_0070,27,2023-11-16T02:22:40.920376+00:00,node_1,9.324077,OK,major,minor,43.438443339321786,14.220549762701673
run_0070,27,2023-11-16T02:22:40.701491+00:00,node_2,5.261315,OK,major,minor,43.438443339321786,14.220549762701673
run_0070,27,2023-11-16T02:22:40.853905+00:00,node_3,4.421323,OK,major,minor,43.438443339321786,14.220549762701673
run_0070,28,2023-11-16T02:23:01.374572+00:00,node_1,9.041434,OK,major,minor,43.438443339321786,14.220549762701673
run_0070,28,2023-11-16T02:23:01.381028+00:00,node_2,4.904987,OK,major,minor,43.438443339321786,14.220549762701673
run_0070,28,2023-11-16T02:23:01.396749+00:00,node_3,4.562784,OK,major,minor,43.438443339321786,14.220549762701673
run_0070,29,2023-11-16T02:23:21.384680+00:00,node_1,9.542211,OK,major,minor,43.438443339321786,14.220549762701673
run_0070,29,2023-11-16T02:23:21.229534+00:00,node_2,5.303974,OK,major,minor,43.438443339321786,14.220549762701673
run_0070,29,2023-11-16T02:23:21.443998+00:00,node_3,4.402465,OK,major,minor,43.438443339321786,14.220549762701673
run_0070,30,2023-11-16T02:23:41.537149+00:00,node_1,9.032333,OK,major,minor,43.438443339321786,14.220549762701673
run_0070,30,2023-11-16T02:23:41.406159+00:00,node_2,5.131188,OK,major,minor,43.438443339321786,14.220549762701673
run_0070,30,2023-11-16T02:23:41.697788+00:00,node_3,4.325114,OK,major,minor,43.438443339321786,14.220549762701673
run_0070,31,2023-11-16T02:24:01.488382+00:00,node_1,9.246279,OK,normal,normal,0.0,0.0
run_0070,31,2023-11-16T02:24:01.601297+00:00,node_2,9.488111,OK,normal,normal,0.0,0.0
run_0070,31,2023-11-16T02:24:01.636390+00:00,node_3,9.187679,OK,normal,normal,0.0,0.0
run_0070,32,2023-11-16T02:24:21.739936+00:00,node_1,9.232837,OK,normal,normal,0.0,0.0
run_0070,32,2023-11-16T02:24:21.562639+00:00,node_2,9.22963,OK,normal,normal,0.0,0.0
run_0070,32,2023-11-16T02:24:21.925201+00:00,node_3,9.390114,OK,normal,normal,0.0,0.0
run_0070,33,2023-11-16T02:24:41.566582+00:00,node_1,9.328765,OK,normal,normal,0.0,0.0
run_0070,33,2023-11-16T02:24:41.730103+00:00,node_2,9.69496,OK,normal,normal,0.0,0.0
run_0070,33,2023-11-16T02:24:41.822723+00:00,node_3,9.351153,OK,normal,normal,0.0,0.0
run_0070,34,2023-11-16T02:25:01.195116+00:00,node_1,8.855818,OK,normal,normal,0.0,0.0
run_0070,34,2023-11-16T02:25:01.432714+00:00,node_2,9.086098,OK,normal,normal,0.0,0.0
run_0070,34,2023-11-16T02:25:01.509343+00:00,node_3,8.708458,OK,normal,normal,0.0,0.0
run_0070,35,2023-11-16T02:25:21.551843+00:00,node_1,8.888641,OK,normal,normal,0.0,0.0
run_0070,35,2023-11-16T02:25:21.789363+00:00,node_2,9.162923,OK,normal,normal,0.0,0.0
run_0070,35,2023-11-16T02:25:21.663035+00:00,node_3,9.142504,OK,normal,normal,0.0,0.0
run_0071,0,2023-11-16T02:37:39.979450+00:00,node_1,9.980525,OK,normal,normal,0.0,0.0
run_0071,0,2023-11-16T02:37:39.969715+00:00,node_2,10.311833,OK,normal,normal,0.0,0.0
run_0071,0,2023-11-16T02:37:40.278978+00:00,node_3,9.723447,OK,normal,normal,0.0,0.0
run_0071,1,2023-11-16T02:37:59.801392+00:00,node_1,10.153949,OK,normal,normal,0.0,0.0
run_0071,1,2023-11-16T02:37:59.871998+00:00,node_2,10.335984,OK,normal,normal,0.0,0.0
run_0071,1,2023-11-16T02:38:00.007238+00:00,node_3,10.419633,OK,normal,normal,0.0,0.0
run_0071,2,2023-11-16T02:38:20.086890+00:00,node_1,10.174838,OK,normal,normal,0.0,0.0
run_0071,2,2023-11-16T02:38:20.129028+00:00,node_2,9.987893,OK,normal,normal,0.0,0.0
run_0071,2,2023-11-16T02:38:19.927002+00:00,node_3,9.982259,OK,normal,normal,0.0,0.0
run_0071,3,2023-11-16T02:38:40.409745+00:00,node_1,9.74737,OK,normal,normal,0.0,0.0
run_0071,3,2023-11-16T02:38:40.112612+00:00,node_2,10.514262,OK,normal,normal,0.0,0.0
run_0071,3,2023-11-16T02:38:40.494125+00:00,node_3,9.750952,OK,normal,normal,0.0,0.0
run_0071,4,2023-11-16T02:39:00.029117+00:00,node_1,9.917655,OK,normal,normal,0.0,0.0
run_0071,4,2023-11-16T02:39:00.369144+00:00,node_2,9.971846,OK,normal,normal,0.0,0.0
run_0071,4,2023-11-16T02:39:00.174475+00:00,node_3,9.917521,OK,normal,normal,0.0,0.0
run_0071,5,2023-11-16T02:39:20.150588+00:00,node_1,10.331726,OK,major,major,28.30988150707856,39.78591814877419
run_0071,5,2023-11-16T02:39:20.227632+00:00,node_2,7.420135,OK,major,major,28.30988150707856,39.78591814877419
run_0071,5,2023-11-16T02:39:20.287981+00:00,node_3,4.406598,OK,major,major,28.30988150707856,39.78591814877419
run_0071,6,2023-11-16T02:39:40.038095+00:00,node_1,9.748128,OK,major,major,28.30988150707856,39.78591814877419
run_0071,6,2023-11-16T02:39:40.231705+00:00,node_2,7.309707,OK,major,major,28.30988150707856,39.78591814877419
run_0071,6,2023-11-16T02:39:40.083610+00:00,node_3,4.602699,OK,major,major,28.30988150707856,39.78591814877419
run_0071,7,2023-11-16T02:39:59.843766+00:00,node_1,10.206772,OK,major,major,28.30988150707856,39.78591814877419
run_0071,7,2023-11-16T02:39:59.927979+00:00,node_2,7.228866,OK,major,major,28.30988150707856,39.78591814877419
run_0071,7,2023-11-16T02:39:59.771190+00:00,node_3,4.32486,OK,major,major,28.30988150707856,39.78591814877419
run_0071,8,2023-11-16T02:40:19.792368+00:00,node_1,10.047043,OK,major,major,28.30988150707856,39.78591814877419
run_0071,8,2023-11-16T02:40:19.853360+00:00,node_2,7.366015,OK,major,major,28.30988150707856,39.78591814877419
run_0071,8,2023-11-16T02:40:19.797522+00:00,node_3,4.346067,OK,major,major,28.30988150707856,39.78591814877419
run_0071,9,2023-11-16T02:40:39.882182+00:00,node_1,9.596368,OK,major,major,28.30988150707856,39.78591814877419
run_0071,9,2023-11-16T02:40:40.157867+00:00,node_2,7.13492,OK,major,major,28.30988150707856,39.78591814877419
run_0071,9,2023-11-16T02:40:40.062585+00:00,node_3,4.458099,OK,major,major,28.30988150707856,39.78591814877419
run_0071,10,2023-11-16T02:40:59.564310+00:00,node_1,10.369326,OK,major,major,28.30988150707856,39.78591814877419
run_0071,10,2023-11-16T02:40:59.553862+00:00,node_2,7.428799,OK,major,major,28.30988150707856,39.78591814877419
run_0071,10,2023-11-16T02:40:59.597892+00:00,node_3,4.41605,OK,major,major,28.30988150707856,39.78591814877419
run_0071,11,2023-11-16T02:41:20.097348+00:00,node_1,10.33378,OK,major,major,28.30988150707856,39.78591814877419
run_0071,11,2023-11-16T02:41:20.049869+00:00,node_2,7.402337,OK,major,major,28.30988150707856,39.78591814877419
run_0071,11,2023-11-16T02:41:20.054941+00:00,node_3,4.38359,OK,major,major,28.30988150707856,39.78591814877419
run_0071,12,2023-11-16T02:41:40.638961+00:00,node_1,9.760085,OK,major,major,28.30988150707856,39.78591814877419
run_0071,12,2023-11-16T02:41:40.521114+00:00,node_2,7.214561,OK,major,major,28.30988150707856,39.78591814877419
run_0071,12,2023-11-16T02:41:40.432558+00:00,node_3,4.105357,OK,major,major,28.30988150707856,39.78591814877419
run_0071,13,2023-11-16T02:42:00.416036+00:00,node_1,9.383256,OK,major,major,28.30988150707856,39.78591814877419
run_0071,13,2023-11-16T02:42:00.376690+00:00,node_2,6.685752,OK,major,major,28.30988150707856,39.78591814877419
run_0071,13,2023-11-16T02:42:00.442798+00:00,node_3,4.011954,OK,major,major,28.30988150707856,39.78591814877419
run_0071,14,2023-11-16T02:42:20.865861+00:00,node_1,9.868823,OK,major,major,28.30988150707856,39.78591814877419
run_0071,14,2023-11-16T02:42:20.620301+00:00,node_2,7.08058,OK,major,major,28.30988150707856,39.78591814877419
run_0071,14,2023-11-16T02:42:20.588650+00:00,node_3,4.29772,OK,major,major,28.30988150707856,39.78591814877419
run_0071,15,2023-11-16T02:42:40.713854+00:00,node_1,9.637056,OK,major,major,28.30988150707856,39.78591814877419
run_0071,15,2023-11-16T02:42:40.388859+00:00,node_2,6.82799,OK,major,major,28.30988150707856,39.78591814877419
run_0071,15,2023-11-16T02:42:40.526804+00:00,node_3,4.152501,OK,major,major,28.30988150707856,39.78591814877419
run_0071,16,2023-11-16T02:43:00.710252+00:00,node_1,9.26858,OK,major,major,28.30988150707856,39.78591814877419
run_0071,16,2023-11-16T02:43:00.869193+00:00,node_2,6.981968,OK,major,major,28.30988150707856,39.78591814877419
run_0071,16,2023-11-16T02:43:00.829529+00:00,node_3,4.111601,OK,major,major,28.30988150707856,39.78591814877419
run_0071,17,2023-11-16T02:43:21.085859+00:00,node_1,9.917363,OK,major,major,28.30988150707856,39.78591814877419
run_0071,17,2023-11-16T02:43:20.906247+00:00,node_2,7.09223,OK,major,major,28.30988150707856,39.78591814877419
run_0071,17,2023-11-16T02:43:20.737360+00:00,node_3,4.201965,OK,major,major,28.30988150707856,39.78591814877419
run_0071,18,2023-11-16T02:43:40.331216+00:00,node_1,9.996434,OK,major,major,28.30988150707856,39.78591814877419
run_0071,18,2023-11-16T02:43:40.373067+00:00,node_2,6.829238,OK,major,major,28.30988150707856,39.78591814877419
run_0071,18,2023-11-16T02:43:40.436692+00:00,node_3,4.338149,OK,major,major,28.30988150707856,39.78591814877419
run_0071,19,2023-11-16T02:44:00.256260+00:00,node_1,9.37336,OK,major,major,28.30988150707856,39.78591814877419
run_0071,19,2023-11-16T02:44:00.262584+00:00,node_2,6.858305,OK,major,major,28.30988150707856,39.78591814877419
run_0071,19,2023-11-16T02:43:59.950529+00:00,node_3,4.16108,OK,major,major,28.30988150707856,39.78591814877419
run_0071,20,2023-11-16T02:44:20.014952+00:00,node_1,9.775312,OK,major,major,28.30988150707856,39.78591814877419
run_0071,20,2023-11-16T02:44:19.913577+00:00,node_2,6.880052,OK,major,major,28.30988150707856,39.78591814877419
run_0071,20,2023-11-16T02:44:20.074215+00:00,node_3,4.117109,OK,major,major,28.30988150707856,39.78591814877419
run_0071,21,2023-11-16T02:44:39.994607+00:00,node_1,9.787765,OK,major,major,28.30988150707856,39.78591814877419
run_0071,21,2023-11-16T02:44:39.921197+00:00,node_2,6.843021,OK,major,major,28.30988150707856,39.78591814877419
run_0071,21,2023-11-16T02:44:39.959465+00:00,node_3,4.106659,OK,major,major,28.30988150707856,39.78591814877419
run_0071,22,2023-11-16T02:44:59.599691+00:00,node_1,9.83197,OK,major,major,28.30988150707856,39.78591814877419
run_0071,22,2023-11-16T02:44:59.741332+00:00,node_2,7.045007,OK,major,major,28.30988150707856,39.78591814877419
run_0071,22,2023-11-16T02:44:59.748230+00:00,node_3,4.143189,OK,major,major,28.30988150707856,39.78591814877419
run_0071,23,2023-11-16T02:45:19.518162+00:00,node_1,9.779213,OK,major,major,28.30988150707856,39.78591814877419
run_0071,23,2023-11-16T02:45:19.305779+00:00,node_2,6.978181,OK,major,major,28.30988150707856,39.78591814877419
run_0071,23,2023-11-16T02:45:19.624011+00:00,node_3,4.199798,OK,major,major,28.30988150707856,39.78591814877419
run_0071,24,2023-11-16T02:45:39.091183+00:00,node_1,11.283945,OK,major,major,28.30988150707856,39.78591814877419
run_0071,24,2023-11-16T02:45:39.086843+00:00,node_2,8.152699,OK,major,major,28.30988150707856,39.78591814877419
run_0071,24,2023-11-16T02:45:39.357748+00:00,node_3,4.789113,OK,major,major,28.30988150707856,39.78591814877419
run_0071,25,2023-11-16T02:45:59.392542+00:00,node_1,11.267065,OK,major,major,28.30988150707856,39.78591814877419
run_0071,25,2023-11-16T02:45:59.200903+00:00,node_2,8.306123,OK,major,major,28.30988150707856,39.78591814877419
run_0071,25,2023-11-16T02:45:59.433626+00:00,node_3,4.892729,OK,major,major,28.30988150707856,39.78591814877419
run_0071,26,2023-11-16T02:46:19.079715+00:00,node_1,11.058395,OK,major,major,28.30988150707856,39.78591814877419
run_0071,26,2023-11-16T02:46:18.859579+00:00,node_2,8.552651,OK,major,major,28.30988150707856,39.78591814877419
run_0071,26,2023-11-16T02:46:18.907912+00:00,node_3,4.92285,OK,major,major,28.30988150707856,39.78591814877419
run_0071,27,2023-11-16T02:46:39.153066+00:00,node_1,11.576593,OK,major,major,28.30988150707856,39.78591814877419
run_0071,27,2023-11-16T02:46:39.248363+00:00,node_2,8.142707,OK,major,major,28.30988150707856,39.78591814877419
run_0071,27,2023-11-16T02:46:39.131780+00:00,node_3,5.007188,OK,major,major,28.30988150707856,39.78591814877419
run_0071,28,2023-11-16T02:46:58.891091+00:00,node_1,11.415749,OK,major,major,28.30988150707856,39.78591814877419
run_0071,28,2023-11-16T02:46:58.961477+00:00,node_2,8.023862,OK,major,major,28.30988150707856,39.78591814877419
run_0071,28,2023-11-16T02:46:59.025298+00:00,node_3,4.854281,OK,major,major,28.30988150707856,39.78591814877419
run_0071,29,2023-11-16T02:47:19.115780+00:00,node_1,11.38409,OK,major,major,28.30988150707856,39.78591814877419
run_0071,29,2023-11-16T02:47:18.993169+00:00,node_2,8.058849,OK,major,major,28.30988150707856,39.78591814877419
run_0071,29,2023-11-16T02:47:19.181327+00:00,node_3,4.872038,OK,major,major,28.30988150707856,39.78591814877419
run_0071,30,2023-11-16T02:47:39.099038+00:00,node_1,11.163002,OK,major,major,28.30988150707856,39.78591814877419
run_0071,30,2023-11-16T02:47:39.021203+00:00,node_2,8.228955,OK,major,major,28.30988150707856,39.78591814877419
run_0071,30,2023-11-16T02:47:39.165159+00:00,node_3,4.90936,OK,major,major,28.30988150707856,39.78591814877419
run_0071,31,2023-11-16T02:47:59.058506+00:00,node_1,11.231532,OK,normal,normal,0.0,0.0
run_0071,31,2023-11-16T02:47:59.324894+00:00,node_2,11.527631,OK,normal,normal,0.0,0.0
run_0071,31,2023-11-16T02:47:59.355684+00:00,node_3,11.32593,OK,normal,normal,0.0,0.0
run_0071,32,2023-11-16T02:48:19.252861+00:00,node_1,11.054065,OK,normal,normal,0.0,0.0
run_0071,32,2023-11-16T02:48:19.483491+00:00,node_2,11.514135,OK,normal,normal,0.0,0.0
run_0071,32,2023-11-16T02:48:19.137279+00:00,node_3,10.998227,OK,normal,normal,0.0,0.0
run_0071,33,2023-11-16T02:48:39.240814+00:00,node_1,11.71678,OK,normal,normal,0.0,0.0
run_0071,33,2023-11-16T02:48:39.400816+00:00,node_2,11.60824,OK,normal,normal,0.0,0.0
run_0071,33,2023-11-16T02:48:39.065474+00:00,node_3,11.305076,OK,normal,normal,0.0,0.0
run_0071,34,2023-11-16T02:48:58.969717+00:00,node_1,11.164569,OK,normal,normal,0.0,0.0
run_0071,34,2023-11-16T02:48:59.097190+00:00,node_2,11.123062,OK,normal,normal,0.0,0.0
run_0071,34,2023-11-16T02:48:59.004253+00:00,node_3,11.426955,OK,normal,normal,0.0,0.0
run_0071,35,2023-11-16T02:49:19.153470+00:00,node_1,11.435072,OK,normal,normal,0.0,0.0
run_0071,35,2023-11-16T02:49:18.986754+00:00,node_2,11.319811,OK,normal,normal,0.0,0.0
run_0071,35,2023-11-16T02:49:19.002019+00:00,node_3,11.402295,OK,normal,normal,0.0,0.0
run_0072,0,2023-11-16T03:01:39.473390+00:00,node_1,11.325616,OK,normal,normal,0.0,0.0
run_0072,0,2023-11-16T03:01:39.814017+00:00,node_2,11.352123,OK,normal,normal,0.0,0.0
run_0072,0,2023-11-16T03:01:39.704841+00:00,node_3,11.510806,OK,normal,normal,0.0,0.0
run_0072,1,2023-11-16T03:01:59.840388+00:00,node_1,11.506492,OK,normal,normal,0.0,0.0
run_0072,1,2023-11-16T03:01:59.598178+00:00,node_2,11.433909,OK,normal,normal,0.0,0.0
run_0072,1,2023-11-16T03:01:59.787400+00:00,node_3,11.497292,OK,normal,normal,0.0,0.0
run_0072,2,2023-11-16T03:02:19.599277+00:00,node_1,11.089016,OK,normal,normal,0.0,0.0
run_0072,2,2023-11-16T03:02:19.654232+00:00,node_2,11.279214,OK,normal,normal,0.0,0.0
run_0072,2,2023-11-16T03:02:19.507756+00:00,node_3,11.723634,OK,normal,normal,0.0,0.0
run_0072,3,2023-11-16T03:02:39.261910+00:00,node_1,11.34944,OK,normal,normal,0.0,0.0
run_0072,3,2023-11-16T03:02:39.277094+00:00,node_2,11.821498,OK,normal,normal,0.0,0.0
run_0072,3,2023-11-16T03:02:39.158160+00:00,node_3,11.66431,OK,normal,normal,0.0,0.0
run_0072,4,2023-11-16T03:02:59.675745+00:00,node_1,11.770889,OK,normal,normal,0.0,0.0
run_0072,4,2023-11-16T03:02:59.803075+00:00,node_2,11.37514,OK,normal,normal,0.0,0.0
run_0072,4,2023-11-16T03:02:59.871140+00:00,node_3,11.705058,OK,normal,normal,0.0,0.0
run_0072,5,2023-11-16T03:03:19.849842+00:00,node_1,11.679775,OK,normal,normal,0,0
run_0072,5,2023-11-16T03:03:19.665101+00:00,node_2,11.713057,OK,normal,normal,0,0
run_0072,5,2023-11-16T03:03:19.682727+00:00,node_3,11.565607,OK,normal,normal,0,0
run_0072,6,2023-11-16T03:03:39.786435+00:00,node_1,11.528804,OK,normal,normal,0,0
run_0072,6,2023-11-16T03:03:39.701156+00:00,node_2,11.442045,OK,normal,normal,0,0
run_0072,6,2023-11-16T03:03:39.702168+00:00,node_3,11.278073,OK,normal,normal,0,0
run_0072,7,2023-11-16T03:03:59.635936+00:00,node_1,11.28425,OK,normal,normal,0,0
run_0072,7,2023-11-16T03:03:59.677883+00:00,node_2,11.392356,OK,normal,normal,0,0
run_0072,7,2023-11-16T03:03:59.569947+00:00,node_3,11.804735,OK,normal,normal,0,0
run_0072,8,2023-11-16T03:04:19.677780+00:00,node_1,11.750833,OK,normal,normal,0,0
run_0072,8,2023-11-16T03:04:19.484592+00:00,node_2,11.442854,OK,normal,normal,0,0
run_0072,8,2023-11-16T03:04:19.867566+00:00,node_3,11.834176,OK,normal,normal,0,0
run_0072,9,2023-11-16T03:04:39.530313+00:00,node_1,11.122283,OK,normal,normal,0,0
run_0072,9,2023-11-16T03:04:39.525007+00:00,node_2,11.314792,OK,normal,normal,0,0
run_0072,9,2023-11-16T03:04:39.751951+00:00,node_3,11.735465,OK,normal,normal,0,0
run_0072,10,2023-11-16T03:04:59.136299+00:00,node_1,11.616819,OK,normal,normal,0,0
run_0072,10,2023-11-16T03:04:59.155040+00:00,node_2,11.511662,OK,normal,normal,0,0
run_0072,10,2023-11-16T03:04:59.331472+00:00,node_3,11.842748,OK,normal,normal,0,0
run_0072,11,2023-11-16T03:05:18.753371+00:00,node_1,11.572506,OK,normal,normal,0,0
run_0072,11,2023-11-16T03:05:19.005547+00:00,node_2,11.143604,OK,normal,normal,0,0
run_0072,11,2023-11-16T03:05:18.787690+00:00,node_3,11.672285,OK,normal,normal,0,0
run_0072,12,2023-11-16T03:05:38.925279+00:00,node_1,8.356844,OK,normal,normal,0,0
run_0072,12,2023-11-16T03:05:38.851528+00:00,node_2,8.369509,OK,normal,normal,0,0
run_0072,12,2023-11-16T03:05:38.779285+00:00,node_3,8.378873,OK,normal,normal,0,0
run_0072,13,2023-11-16T03:05:58.651639+00:00,node_1,8.464585,OK,normal,normal,0,0
run_0072,13,2023-11-16T03:05:58.838269+00:00,node_2,8.197413,OK,normal,normal,0,0
run_0072,13,2023-11-16T03:05:58.691647+00:00,node_3,7.939725,OK,normal,normal,0,0
run_0072,14,2023-11-16T03:06:18.618165+00:00,node_1,8.129292,OK,normal,normal,0,0
run_0072,14,2023-11-16T03:06:18.512232+00:00,node_2,8.317004,OK,normal,normal,0,0
run_0072,14,2023-11-16T03:06:18.272402+00:00,node_3,8.441276,OK,normal,normal,0,0
run_0072,15,2023-11-16T03:06:38.779905+00:00,node_1,8.526289,OK,normal,normal,0,0
run_0072,15,2023-11-16T03:06:38.955789+00:00,node_2,8.261092,OK,normal,normal,0,0
run_0072,15,2023-11-16T03:06:38.944711+00:00,node_3,8.39271,OK,normal,normal,0,0
run_0072,16,2023-11-16T03:06:58.980149+00:00,node_1,8.365537,OK,normal,normal,0,0
run_0072,16,2023-11-16T03:06:58.926033+00:00,node_2,8.462181,OK,normal,normal,0,0
run_0072,16,2023-11-16T03:06:58.977017+00:00,node_3,8.220399,OK,normal,normal,0,0
run_0072,17,2023-11-16T03:07:19.117930+00:00,node_1,8.575101,OK,normal,normal,0,0
run_0072,17,2023-11-16T03:07:19.208594+00:00,node_2,8.31077,OK,normal,normal,0,0
run_0072,17,2023-11-16T03:07:18.953598+00:00,node_3,8.381384,OK,normal,normal,0,0
run_0072,18,2023-11-16T03:07:38.873824+00:00,node_1,8.616026,OK,normal,normal,0,0
run_0072,18,2023-11-16T03:07:38.899341+00:00,node_2,8.073774,OK,normal,normal,0,0
run_0072,18,2023-11-16T03:07:38.780261+00:00,node_3,8.443442,OK,normal,normal,0,0
run_0072,19,2023-11-16T03:07:58.352877+00:00,node_1,8.118959,OK,normal,normal,0,0
run_0072,19,2023-11-16T03:07:58.384058+00:00,node_2,8.14812,OK,normal,normal,0,0
run_0072,19,2023-11-16T03:07:58.363161+00:00,node_3,8.239131,OK,normal,normal,0,0
run_0072,20,2023-11-16T03:08:18.732827+00:00,node_1,8.093316,OK,normal,normal,0,0
run_0072,20,2023-11-16T03:08:18.767412+00:00,node_2,8.327642,OK,normal,normal,0,0
run_0072,20,2023-11-16T03:08:18.885448+00:00,node_3,8.277898,OK,normal,normal,0,0
run_0072,21,2023-11-16T03:08:38.741104+00:00,node_1,8.535828,OK,normal,normal,0,0
run_0072,21,2023-11-16T03:08:38.698671+00:00,node_2,8.327665,OK,normal,normal,0,0
run_0072,21,2023-11-16T03:08:38.746389+00:00,node_3,8.771397,OK,normal,normal,0,0
run_0072,22,2023-11-16T03:08:58.926591+00:00,node_1,8.311122,OK,normal,normal,0,0
run_0072,22,2023-11-16T03:08:58.878455+00:00,node_2,8.295716,OK,normal,normal,0,0
run_0072,22,2023-11-16T03:08:58.783799+00:00,node_3,8.406128,OK,normal,normal,0,0
run_0072,23,2023-11-16T03:09:19.382524+00:00,node_1,8.612632,OK,normal,normal,0,0
run_0072,23,2023-11-16T03:09:19.130857+00:00,node_2,8.358577,OK,normal,normal,0,0
run_0072,23,2023-11-16T03:09:19.108482+00:00,node_3,8.404148,OK,normal,normal,0,0
run_0072,24,2023-11-16T03:09:39.342462+00:00,node_1,8.979569,OK,normal,normal,0,0
run_0072,24,2023-11-16T03:09:39.302229+00:00,node_2,9.030913,OK,normal,normal,0,0
run_0072,24,2023-11-16T03:09:39.213057+00:00,node_3,9.368326,OK,normal,normal,0,0
run_0072,25,2023-11-16T03:09:59.107517+00:00,node_1,9.188068,OK,normal,normal,0,0
run_0072,25,2023-11-16T03:09:58.869294+00:00,node_2,8.566713,OK,normal,normal,0,0
run_0072,25,2023-11-16T03:09:59.134724+00:00,node_3,8.940984,OK,normal,normal,0,0
run_0072,26,2023-11-16T03:10:19.067873+00:00,node_1,9.018374,OK,normal,normal,0,0
run_0072,26,2023-11-16T03:10:18.886378+00:00,node_2,8.919105,OK,normal,normal,0,0
run_0072,26,2023-11-16T03:10:19.096712+00:00,node_3,8.928234,OK,normal,normal,0,0
run_0072,27,2023-11-16T03:10:38.933763+00:00,node_1,8.983195,OK,normal,normal,0,0
run_0072,27,2023-11-16T03:10:38.734556+00:00,node_2,9.015068,OK,normal,normal,0,0
run_0072,27,2023-11-16T03:10:38.686341+00:00,node_3,9.372522,OK,normal,normal,0,0
run_0072,28,2023-11-16T03:10:59.036077+00:00,node_1,8.494853,OK,normal,normal,0,0
run_0072,28,2023-11-16T03:10:59.123698+00:00,node_2,9.181563,OK,normal,normal,0,0
run_0072,28,2023-11-16T03:10:59.200866+00:00,node_3,9.325591,OK,normal,normal,0,0
run_0072,29,2023-11-16T03:11:19.360941+00:00,node_1,8.911624,OK,normal,normal,0,0
run_0072,29,2023-11-16T03:11:19.339633+00:00,node_2,9.10876,OK,normal,normal,0,0
run_0072,29,2023-11-16T03:11:19.464356+00:00,node_3,9.506887,OK,normal,normal,0,0
run_0072,30,2023-11-16T03:11:39.705272+00:00,node_1,9.058509,OK,normal,normal,0,0
run_0072,30,2023-11-16T03:11:39.654902+00:00,node_2,9.017838,OK,normal,normal,0,0
run_0072,30,2023-11-16T03:11:39.335220+00:00,node_3,9.042431,OK,normal,normal,0,0
run_0072,31,2023-11-16T03:11:59.394471+00:00,node_1,9.073377,OK,normal,normal,0.0,0.0
run_0072,31,2023-11-16T03:11:59.582019+00:00,node_2,8.936379,OK,normal,normal,0.0,0.0
run_0072,31,2023-11-16T03:11:59.502344+00:00,node_3,9.00905,OK,normal,normal,0.0,0.0
run_0072,32,2023-11-16T03:12:19.740915+00:00,node_1,9.229459,OK,normal,normal,0.0,0.0
run_0072,32,2023-11-16T03:12:19.506248+00:00,node_2,9.099347,OK,normal,normal,0.0,0.0
run_0072,32,2023-11-16T03:12:19.843912+00:00,node_3,8.974903,OK,normal,normal,0.0,0.0
run_0072,33,2023-11-16T03:12:39.490285+00:00,node_1,8.585111,OK,normal,normal,0.0,0.0
run_0072,33,2023-11-16T03:12:39.472199+00:00,node_2,8.921533,OK,normal,normal,0.0,0.0
run_0072,33,2023-11-16T03:12:39.469087+00:00,node_3,8.759119,OK,normal,normal,0.0,0.0
run_0072,34,2023-11-16T03:12:59.369869+00:00,node_1,8.906803,OK,normal,normal,0.0,0.0
run_0072,34,2023-11-16T03:12:59.296033+00:00,node_2,9.254862,OK,normal,normal,0.0,0.0
run_0072,34,2023-11-16T03:12:59.359924+00:00,node_3,9.425231,OK,normal,normal,0.0,0.0
run_0072,35,2023-11-16T03:13:19.780649+00:00,node_1,8.788094,OK,normal,normal,0.0,0.0
run_0072,35,2023-11-16T03:13:19.823949+00:00,node_2,9.001751,OK,normal,normal,0.0,0.0
run_0072,35,2023-11-16T03:13:19.546818+00:00,node_3,8.826817,OK,normal,normal,0.0,0.0
run_0073,0,2023-11-16T03:25:40.003587+00:00,node_1,10.634062,OK,normal,normal,0.0,0.0
run_0073,0,2023-11-16T03:25:40.188308+00:00,node_2,10.049539,OK,normal,normal,0.0,0.0
run_0073,0,2023-11-16T03:25:40.215976+00:00,node_3,10.220853,OK,normal,normal,0.0,0.0
run_0073,1,2023-11-16T03:26:00.426728+00:00,node_1,9.956875,OK,normal,normal,0.0,0.0
run_0073,1,2023-11-16T03:26:00.469892+00:00,node_2,10.552942,OK,normal,normal,0.0,0.0
run_0073,1,2023-11-16T03:26:00.358365+00:00,node_3,10.488376,OK,normal,normal,0.0,0.0
run_0073,2,2023-11-16T03:26:20.384320+00:00,node_1,10.209567,OK,normal,normal,0.0,0.0
run_0073,2,2023-11-16T03:26:20.579062+00:00,node_2,10.484476,OK,normal,normal,0.0,0.0
run_0073,2,2023-11-16T03:26:20.341902+00:00,node_3,10.142505,OK,normal,normal,0.0,0.0
run_0073,3,2023-11-16T03:26:40.604315+00:00,node_1,10.161133,OK,normal,normal,0.0,0.0
run_0073,3,2023-11-16T03:26:40.753915+00:00,node_2,10.445249,OK,normal,normal,0.0,0.0
run_0073,3,2023-11-16T03:26:40.874999+00:00,node_3,10.506369,OK,normal,normal,0.0,0.0
run_0073,4,2023-11-16T03:27:00.433157+00:00,node_1,10.644999,OK,normal,normal,0.0,0.0
run_0073,4,2023-11-16T03:27:00.459234+00:00,node_2,10.648988,OK,normal,normal,0.0,0.0
run_0073,4,2023-11-16T03:27:00.463081+00:00,node_3,10.361506,OK,normal,normal,0.0,0.0
run_0073,5,2023-11-16T03:27:20.900166+00:00,node_1,10.497118,OK,normal,minor,0,7.672657915581857
run_0073,5,2023-11-16T03:27:20.806973+00:00,node_2,10.31708,OK,normal,minor,0,7.672657915581857
run_0073,5,2023-11-16T03:27:20.600032+00:00,node_3,9.603095,OK,normal,minor,0,7.672657915581857
run_0073,6,2023-11-16T03:27:40.837667+00:00,node_1,9.746895,OK,normal,minor,0,7.672657915581857
run_0073,6,2023-11-16T03:27:40.724027+00:00,node_2,10.414108,OK,normal,minor,0,7.672657915581857
run_0073,6,2023-11-16T03:27:40.699817+00:00,node_3,9.677087,OK,normal,minor,0,7.672657915581857
run_0073,7,2023-11-16T03:28:01.150416+00:00,node_1,10.352015,OK,normal,minor,0,7.672657915581857
run_0073,7,2023-11-16T03:28:00.978808+00:00,node_2,10.494091,OK,normal,minor,0,7.672657915581857
run_0073,7,2023-11-16T03:28:01.004169+00:00,node_3,9.584898,OK,normal,minor,0,7.672657915581857
run_0073,8,2023-11-16T03:28:21.132685+00:00,node_1,10.275582,OK,normal,minor,0,7.672657915581857
run_0073,8,2023-11-16T03:28:20.874451+00:00,node_2,9.776568,OK,normal,minor,0,7.672657915581857
run_0073,8,2023-11-16T03:28:21.003045+00:00,node_3,9.414964,OK,normal,minor,0,7.672657915581857
run_0073,9,2023-11-16T03:28:41.200218+00:00,node_1,10.300997,OK,normal,minor,0,7.672657915581857
run_0073,9,2023-11-16T03:28:41.092485+00:00,node_2,10.492395,OK,normal,minor,0,7.672657915581857
run_0073,9,2023-11-16T03:28:40.957103+00:00,node_3,9.552119,OK,normal,minor,0,7.672657915581857
run_0073,10,2023-11-16T03:29:01.384670+00:00,node_1,10.399827,OK,normal,minor,0,7.672657915581857
run_0073,10,2023-11-16T03:29:01.217714+00:00,node_2,10.197082,OK,normal,minor,0,7.672657915581857
run_0073,10,2023-11-16T03:29:01.394372+00:00,node_3,9.543063,OK,normal,minor,0,7.672657915581857
run_0073,11,2023-11-16T03:29:21.263706+00:00,node_1,10.158816,OK,normal,minor,0,7.672657915581857
run_0073,11,2023-11-16T03:29:21.361424+00:00,node_2,10.523963,OK,normal,minor,0,7.672657915581857
run_0073,11,2023-11-16T03:29:21.429978+00:00,node_3,9.525494,OK,normal,minor,0,7.672657915581857
run_0073,12,2023-11-16T03:29:41.525433+00:00,node_1,10.142963,OK,normal,minor,0,7.672657915581857
run_0073,12,2023-11-16T03:29:41.502482+00:00,node_2,10.237698,OK,normal,minor,0,7.672657915581857
run_0073,12,2023-11-16T03:29:41.621456+00:00,node_3,9.51537,OK,normal,minor,0,7.672657915581857
run_0073,13,2023-11-16T03:30:01.313221+00:00,node_1,10.299853,OK,normal,minor,0,7.672657915581857
run_0073,13,2023-11-16T03:30:01.144329+00:00,node_2,10.594627,OK,normal,minor,0,7.672657915581857
run_0073,13,2023-11-16T03:30:01.131133+00:00,node_3,9.608402,OK,normal,minor,0,7.672657915581857
run_0073,14,2023-11-16T03:30:21.043731+00:00,node_1,10.409453,OK,normal,minor,0,7.672657915581857
run_0073,14,2023-11-16T03:30:20.845924+00:00,node_2,10.233822,OK,normal,minor,0,7.672657915581857
run_0073,14,2023-11-16T03:30:20.794497+00:00,node_3,9.240852,OK,normal,minor,0,7.672657915581857
run_0073,15,2023-11-16T03:30:40.811782+00:00,node_1,10.166777,OK,normal,minor,0,7.672657915581857
run_0073,15,2023-11-16T03:30:40.880206+00:00,node_2,10.35716,OK,normal,minor,0,7.672657915581857
run_0073,15,2023-11-16T03:30:40.722743+00:00,node_3,9.427996,OK,normal,minor,0,7.672657915581857
run_0073,16,2023-11-16T03:31:01.057931+00:00,node_1,10.476455,OK,normal,minor,0,7.672657915581857
run_0073,16,2023-11-16T03:31:01.190675+00:00,node_2,10.460267,OK,normal,minor,0,7.672657915581857
run_0073,16,2023-11-16T03:31:01.370402+00:00,node_3,9.561294,OK,normal,minor,0,7.672657915581857
run_0073,17,2023-11-16T03:31:21.260900+00:00,node_1,10.207878,OK,normal,minor,0,7.672657915581857
run_0073,17,2023-11-16T03:31:21.128743+00:00,node_2,10.061704,OK,normal,minor,0,7.672657915581857
run_0073,17,2023-11-16T03:31:21.117621+00:00,node_3,9.612264,OK,normal,minor,0,7.672657915581857
run_0073,18,2023-11-16T03:31:40.814713+00:00,node_1,10.093944,OK,normal,minor,0,7.672657915581857
run_0073,18,2023-11-16T03:31:40.899632+00:00,node_2,10.35215,OK,normal,minor,0,7.672657915581857
run_0073,18,2023-11-16T03:31:40.829150+00:00,node_3,9.321154,OK,normal,minor,0,7.672657915581857
run_0073,19,2023-11-16T03:32:00.637398+00:00,node_1,10.17086,OK,normal,minor,0,7.672657915581857
run_0073,19,2023-11-16T03:32:00.432480+00:00,node_2,10.869393,OK,normal,minor,0,7.672657915581857
run_0073,19,2023-11-16T03:32:00.735897+00:00,node_3,9.157037,OK,normal,minor,0,7.672657915581857
run_0073,20,2023-11-16T03:32:20.986958+00:00,node_1,9.93738,OK,normal,minor,0,7.672657915581857
run_0073,20,2023-11-16T03:32:20.858166+00:00,node_2,9.779392,OK,normal,minor,0,7.672657915581857
run_0073,20,2023-11-16T03:32:20.713115+00:00,node_3,9.677217,OK,normal,minor,0,7.672657915581857
run_0073,21,2023-11-16T03:32:41.159174+00:00,node_1,10.126723,OK,normal,minor,0,7.672657915581857
run_0073,21,2023-11-16T03:32:40.861994+00:00,node_2,10.031666,OK,normal,minor,0,7.672657915581857
run_0073,21,2023-11-16T03:32:41.111576+00:00,node_3,9.489027,OK,normal,minor,0,7.672657915581857
run_0073,22,2023-11-16T03:33:00.872748+00:00,node_1,10.424436,OK,normal,minor,0,7.672657915581857
run_0073,22,2023-11-16T03:33:01.007939+00:00,node_2,10.582144,OK,normal,minor,0,7.672657915581857
run_0073,22,2023-11-16T03:33:00.957562+00:00,node_3,9.610926,OK,normal,minor,0,7.672657915581857
run_0073,23,2023-11-16T03:33:20.737015+00:00,node_1,10.227895,OK,normal,minor,0,7.672657915581857
run_0073,23,2023-11-16T03:33:20.619204+00:00,node_2,9.973284,OK,normal,minor,0,7.672657915581857
run_0073,23,2023-11-16T03:33:20.622868+00:00,node_3,9.215058,OK,normal,minor,0,7.672657915581857
run_0073,24,2023-11-16T03:33:41.040938+00:00,node_1,11.094579,OK,normal,minor,0,7.672657915581857
run_0073,24,2023-11-16T03:33:40.812149+00:00,node_2,11.108373,OK,normal,minor,0,7.672657915581857
run_0073,24,2023-11-16T03:33:40.788557+00:00,node_3,10.472095,OK,normal,minor,0,7.672657915581857
run_0073,25,2023-11-16T03:34:00.743160+00:00,node_1,11.310327,OK,normal,minor,0,7.672657915581857
run_0073,25,2023-11-16T03:34:00.917455+00:00,node_2,11.382793,OK,normal,minor,0,7.672657915581857
run_0073,25,2023-11-16T03:34:00.767107+00:00,node_3,10.46272,OK,normal,minor,0,7.672657915581857
run_0073,26,2023-11-16T03:34:21.162560+00:00,node_1,11.509487,OK,normal,minor,0,7.672657915581857
run_0073,26,2023-11-16T03:34:21.024756+00:00,node_2,10.977793,OK,normal,minor,0,7.672657915581857
run_0073,26,2023-11-16T03:34:20.858201+00:00,node_3,10.298574,OK,normal,minor,0,7.672657915581857
run_0073,27,2023-11-16T03:34:40.901419+00:00,node_1,11.35332,OK,normal,minor,0,7.672657915581857
run_0073,27,2023-11-16T03:34:40.833209+00:00,node_2,11.295301,OK,normal,minor,0,7.672657915581857
run_0073,27,2023-11-16T03:34:40.742943+00:00,node_3,10.413284,OK,normal,minor,0,7.672657915581857
run_0073,28,2023-11-16T03:35:00.565202+00:00,node_1,11.120023,OK,normal,minor,0,7.672657915581857
run_0073,28,2023-11-16T03:35:00.398240+00:00,node_2,11.225916,OK,normal,minor,0,7.672657915581857
run_0073,28,2023-11-16T03:35:00.340942+00:00,node_3,10.335924,OK,normal,minor,0,7.672657915581857
run_0073,29,2023-11-16T03:35:20.766860+00:00,node_1,10.968742,OK,normal,minor,0,7.672657915581857
run_0073,29,2023-11-16T03:35:20.641036+00:00,node_2,11.073294,OK,normal,minor,0,7.672657915581857
run_0073,29,2023-11-16T03:35:20.710495+00:00,node_3,10.740849,OK,normal,minor,0,7.672657915581857
run_0073,30,2023-11-16T03:35:40.781394+00:00,node_1,11.327071,OK,normal,minor,0,7.672657915581857
run_0073,30,2023-11-16T03:35:40.696790+00:00,node_2,11.132669,OK,normal,minor,0,7.672657915581857
run_0073,30,2023-11-16T03:35:40.667864+00:00,node_3,10.248102,OK,normal,minor,0,7.672657915581857
run_0073,31,2023-11-16T03:36:00.694989+00:00,node_1,11.272854,OK,normal,normal,0.0,0.0
run_0073,31,2023-11-16T03:36:00.678406+00:00,node_2,11.027557,OK,normal,normal,0.0,0.0
run_0073,31,2023-11-16T03:36:00.935105+00:00,node_3,11.301595,OK,normal,normal,0.0,0.0
run_0073,32,2023-11-16T03:36:20.798421+00:00,node_1,11.294225,OK,normal,normal,0.0,0.0
run_0073,32,2023-11-16T03:36:20.717628+00:00,node_2,11.169014,OK,normal,normal,0.0,0.0
run_0073,32,2023-11-16T03:36:20.846183+00:00,node_3,10.870432,OK,normal,normal,0.0,0.0
run_0073,33,2023-11-16T03:36:40.999243+00:00,node_1,10.854695,OK,normal,normal,0.0,0.0
run_0073,33,2023-11-16T03:36:41.147343+00:00,node_2,11.081189,OK,normal,normal,0.0,0.0
run_0073,33,2023-11-16T03:36:40.976575+00:00,node_3,11.200592,OK,normal,normal,0.0,0.0
run_0073,34,2023-11-16T03:37:01.409759+00:00,node_1,11.343757,OK,normal,normal,0.0,0.0
run_0073,34,2023-11-16T03:37:01.568219+00:00,node_2,10.80945,OK,normal,normal,0.0,0.0
run_0073,34,2023-11-16T03:37:01.331820+00:00,node_3,11.097824,OK,normal,normal,0.0,0.0
run_0073,35,2023-11-16T03:37:21.285428+00:00,node_1,11.200896,OK,normal,normal,0.0,0.0
run_0073,35,2023-11-16T03:37:21.481431+00:00,node_2,11.241632,OK,normal,normal,0.0,0.0
run_0073,35,2023-11-16T03:37:21.355093+00:00,node_3,10.960745,OK,normal,normal,0.0,0.0
run_0074,0,2023-11-16T03:49:40.054633+00:00,node_1,10.733983,OK,normal,normal,0.0,0.0
run_0074,0,2023-11-16T03:49:39.897485+00:00,node_2,10.830374,OK,normal,normal,0.0,0.0
run_0074,0,2023-11-16T03:49:39.815185+00:00,node_3,10.573787,OK,normal,normal,0.0,0.0
run_0074,1,2023-11-16T03:49:59.550524+00:00,node_1,10.786964,OK,normal,normal,0.0,0.0
run_0074,1,2023-11-16T03:49:59.652058+00:00,node_2,10.579332,OK,normal,normal,0.0,0.0
run_0074,1,2023-11-16T03:49:59.423931+00:00,node_3,10.97626,OK,normal,normal,0.0,0.0
run_0074,2,2023-11-16T03:50:19.640869+00:00,node_1,10.803998,OK,normal,normal,0.0,0.0
run_0074,2,2023-11-16T03:50:19.531020+00:00,node_2,10.799193,OK,normal,normal,0.0,0.0
run_0074,2,2023-11-16T03:50:19.551931+00:00,node_3,11.000037,OK,normal,normal,0.0,0.0
run_0074,3,2023-11-16T03:50:39.505513+00:00,node_1,10.760124,OK,normal,normal,0.0,0.0
run_0074,3,2023-11-16T03:50:39.428678+00:00,node_2,10.737261,OK,normal,normal,0.0,0.0
run_0074,3,2023-11-16T03:50:39.739334+00:00,node_3,10.610504,OK,normal,normal,0.0,0.0
run_0074,4,2023-11-16T03:50:59.973810+00:00,node_1,10.763208,OK,normal,normal,0.0,0.0
run_0074,4,2023-11-16T03:50:59.803850+00:00,node_2,10.568288,OK,normal,normal,0.0,0.0
run_0074,4,2023-11-16T03:50:59.893081+00:00,node_3,10.350231,OK,normal,normal,0.0,0.0
run_0074,5,2023-11-16T03:51:19.898763+00:00,node_1,10.175852,OK,normal,major,0,41.05603860966083
run_0074,5,2023-11-16T03:51:19.982818+00:00,node_2,10.775026,OK,normal,major,0,41.05603860966083
run_0074,5,2023-11-16T03:51:19.834681+00:00,node_3,6.322977,OK,normal,major,0,41.05603860966083
run_0074,6,2023-11-16T03:51:39.913095+00:00,node_1,10.96347,OK,normal,major,0,41.05603860966083
run_0074,6,2023-11-16T03:51:39.767287+00:00,node_2,10.95157,OK,normal,major,0,41.05603860966083
run_0074,6,2023-11-16T03:51:39.533478+00:00,node_3,6.234836,OK,normal,major,0,41.05603860966083
run_0074,7,2023-11-16T03:51:59.620605+00:00,node_1,10.959344,OK,normal,major,0,41.05603860966083
run_0074,7,2023-11-16T03:51:59.502739+00:00,node_2,10.983444,OK,normal,major,0,41.05603860966083
run_0074,7,2023-11-16T03:51:59.711920+00:00,node_3,6.401093,OK,normal,major,0,41.05603860966083
run_0074,8,2023-11-16T03:52:19.626058+00:00,node_1,10.763807,OK,normal,major,0,41.05603860966083
run_0074,8,2023-11-16T03:52:19.459222+00:00,node_2,11.037246,OK,normal,major,0,41.05603860966083
run_0074,8,2023-11-16T03:52:19.480613+00:00,node_3,6.599549,OK,normal,major,0,41.05603860966083
run_0074,9,2023-11-16T03:52:39.729062+00:00,node_1,10.767564,OK,normal,major,0,41.05603860966083
run_0074,9,2023-11-16T03:52:39.544001+00:00,node_2,10.986913,OK,normal,major,0,41.05603860966083
run_0074,9,2023-11-16T03:52:39.444939+00:00,node_3,6.247208,OK,normal,major,0,41.05603860966083
run_0074,10,2023-11-16T03:52:59.833768+00:00,node_1,10.552903,OK,normal,major,0,41.05603860966083
run_0074,10,2023-11-16T03:52:59.712320+00:00,node_2,10.785251,OK,normal,major,0,41.05603860966083
run_0074,10,2023-11-16T03:52:59.593002+00:00,node_3,6.155564,OK,normal,major,0,41.05603860966083
run_0074,11,2023-11-16T03:53:19.191953+00:00,node_1,10.558211,OK,normal,major,0,41.05603860966083
run_0074,11,2023-11-16T03:53:19.339277+00:00,node_2,10.442697,OK,normal,major,0,41.05603860966083
run_0074,11,2023-11-16T03:53:19.284865+00:00,node_3,6.272468,OK,normal,major,0,41.05603860966083
run_0074,12,2023-11-16T03:53:39.577978+00:00,node_1,10.974558,OK,normal,major,0,41.05603860966083
run_0074,12,2023-11-16T03:53:39.620773+00:00,node_2,10.876094,OK,normal,major,0,41.05603860966083
run_0074,12,2023-11-16T03:53:39.409819+00:00,node_3,6.383382,OK,normal,major,0,41.05603860966083
run_0074,13,2023-11-16T03:53:59.510318+00:00,node_1,11.017553,OK,normal,major,0,41.05603860966083
run_0074,13,2023-11-16T03:53:59.655369+00:00,node_2,10.962689,OK,normal,major,0,41.05603860966083
run_0074,13,2023-11-16T03:53:59.521643+00:00,node_3,6.552304,OK,normal,major,0,41.05603860966083
run_0074,14,2023-11-16T03:54:19.599206+00:00,node_1,11.147131,OK,normal,major,0,41.05603860966083
run_0074,14,2023-11-16T03:54:19.771920+00:00,node_2,10.943619,OK,normal,major,0,41.05603860966083
run_0074,14,2023-11-16T03:54:19.846634+00:00,node_3,6.686852,OK,normal,major,0,41.05603860966083
run_0074,15,2023-11-16T03:54:39.654390+00:00,node_1,10.811849,OK,normal,major,0,41.05603860966083
run_0074,15,2023-11-16T03:54:39.832233+00:00,node_2,10.993177,OK,normal,major,0,41.05603860966083
run_0074,15,2023-11-16T03:54:39.819998+00:00,node_3,6.45493,OK,normal,major,0,41.05603860966083
run_0074,16,2023-11-16T03:55:00.073261+00:00,node_1,10.786355,OK,normal,major,0,41.05603860966083
run_0074,16,2023-11-16T03:54:59.868973+00:00,node_2,11.272444,OK,normal,major,0,41.05603860966083
run_0074,16,2023-11-16T03:54:59.905685+00:00,node_3,6.561637,OK,normal,major,0,41.05603860966083
run_0074,17,2023-11-16T03:55:20.273918+00:00,node_1,11.050377,OK,normal,major,0,41.05603860966083
run_0074,17,2023-11-16T03:55:20.319482+00:00,node_2,11.139369,OK,normal,major,0,41.05603860966083
run_0074,17,2023-11-16T03:55:20.007601+00:00,node_3,6.309115,OK,normal,major,0,41.05603860966083
run_0074,18,2023-11-16T03:55:40.138010+00:00,node_1,10.70817,OK,normal,major,0,41.05603860966083
run_0074,18,2023-11-16T03:55:39.973947+00:00,node_2,10.554973,OK,normal,major,0,41.05603860966083
run_0074,18,2023-11-16T03:55:40.088440+00:00,node_3,6.590725,OK,normal,major,0,41.05603860966083
run_0074,19,2023-11-16T03:56:00.146455+00:00,node_1,10.725917,OK,normal,major,0,41.05603860966083
run_0074,19,2023-11-16T03:55:59.962857+00:00,node_2,10.648961,OK,normal,major,0,41.05603860966083
run_0074,19,2023-11-16T03:55:59.868680+00:00,node_3,6.462919,OK,normal,major,0,41.05603860966083
run_0074,20,2023-11-16T03:56:20.133654+00:00,node_1,10.964974,OK,normal,major,0,41.05603860966083
run_0074,20,2023-11-16T03:56:19.938269+00:00,node_2,10.947442,OK,normal,major,0,41.05603860966083
run_0074,20,2023-11-16T03:56:19.765473+00:00,node_3,6.602424,OK,normal,major,0,41.05603860966083
run_0074,21,2023-11-16T03:56:40.171436+00:00,node_1,11.118454,OK,normal,major,0,41.05603860966083
run_0074,21,2023-11-16T03:56:40.100395+00:00,node_2,10.970522,OK,normal,major,0,41.05603860966083
run_0074,21,2023-11-16T03:56:40.240946+00:00,node_3,6.447168,OK,normal,major,0,41.05603860966083
run_0074,22,2023-11-16T03:57:00.630509+00:00,node_1,11.282915,OK,normal,major,0,41.05603860966083
run_0074,22,2023-11-16T03:57:00.502951+00:00,node_2,11.374995,OK,normal,major,0,41.05603860966083
run_0074,22,2023-11-16T03:57:00.488081+00:00,node_3,6.496102,OK,normal,major,0,41.05603860966083
run_0074,23,2023-11-16T03:57:20.762751+00:00,node_1,10.89369,OK,normal,major,0,41.05603860966083
run_0074,23,2023-11-16T03:57:20.677036+00:00,node_2,11.540712,OK,normal,major,0,41.05603860966083
run_0074,23,2023-11-16T03:57:20.973597+00:00,node_3,6.64052,OK,normal,major,0,41.05603860966083
run_0074,24,2023-11-16T03:57:40.932987+00:00,node_1,10.62822,OK,normal,major,0,41.05603860966083
run_0074,24,2023-11-16T03:57:40.945003+00:00,node_2,10.745471,OK,normal,major,0,41.05603860966083
run_0074,24,2023-11-16T03:57:41.193617+00:00,node_3,6.154523,OK,normal,major,0,41.05603860966083
run_0074,25,2023-11-16T03:58:01.561856+00:00,node_1,10.302907,OK,normal,major,0,41.05603860966083
run_0074,25,2023-11-16T03:58:01.245923+00:00,node_2,10.916933,OK,normal,major,0,41.05603860966083
run_0074,25,2023-11-16T03:58:01.306537+00:00,node_3,6.155314,OK,normal,major,0,41.05603860966083
run_0074,26,2023-11-16T03:58:21.126579+00:00,node_1,10.59274,OK,normal,major,0,41.05603860966083
run_0074,26,2023-11-16T03:58:21.069163+00:00,node_2,10.279705,OK,normal,major,0,41.05603860966083
run_0074,26,2023-11-16T03:58:21.305097+00:00,node_3,5.982407,OK,normal,major,0,41.05603860966083
run_0074,27,2023-11-16T03:58:41.183982+00:00,node_1,10.347788,OK,normal,major,0,41.05603860966083
run_0074,27,2023-11-16T03:58:40.913385+00:00,node_2,10.359933,OK,normal,major,0,41.05603860966083
run_0074,27,2023-11-16T03:58:41.023594+00:00,node_3,6.039697,OK,normal,major,0,41.05603860966083
run_0074,28,2023-11-16T03:59:01.204461+00:00,node_1,10.340806,OK,normal,major,0,41.05603860966083
run_0074,28,2023-11-16T03:59:01.413047+00:00,node_2,10.442697,OK,normal,major,0,41.05603860966083
run_0074,28,2023-11-16T03:59:01.558069+00:00,node_3,6.187334,OK,normal,major,0,41.05603860966083
run_0074,29,2023-11-16T03:59:21.409581+00:00,node_1,9.814829,OK,normal,major,0,41.05603860966083
run_0074,29,2023-11-16T03:59:21.660688+00:00,node_2,10.436243,OK,normal,major,0,41.05603860966083
run_0074,29,2023-11-16T03:59:21.613429+00:00,node_3,6.178952,OK,normal,major,0,41.05603860966083
run_0074,30,2023-11-16T03:59:41.189069+00:00,node_1,10.70171,OK,normal,major,0,41.05603860966083
run_0074,30,2023-11-16T03:59:40.983638+00:00,node_2,10.139734,OK,normal,major,0,41.05603860966083
run_0074,30,2023-11-16T03:59:41.160677+00:00,node_3,6.06193,OK,normal,major,0,41.05603860966083
run_0074,31,2023-11-16T04:00:00.928272+00:00,node_1,10.661265,OK,normal,normal,0.0,0.0
run_0074,31,2023-11-16T04:00:00.788827+00:00,node_2,10.500662,OK,normal,normal,0.0,0.0
run_0074,31,2023-11-16T04:00:01.037099+00:00,node_3,10.642298,OK,normal,normal,0.0,0.0
run_0074,32,2023-11-16T04:00:21.166368+00:00,node_1,10.309599,OK,normal,normal,0.0,0.0
run_0074,32,2023-11-16T04:00:21.167076+00:00,node_2,10.094609,OK,normal,normal,0.0,0.0
run_0074,32,2023-11-16T04:00:21.041640+00:00,node_3,10.470921,OK,normal,normal,0.0,0.0
run_0074,33,2023-11-16T04:00:41.116814+00:00,node_1,10.493787,OK,normal,normal,0.0,0.0
run_0074,33,2023-11-16T04:00:41.003254+00:00,node_2,10.535865,OK,normal,normal,0.0,0.0
run_0074,33,2023-11-16T04:00:40.899288+00:00,node_3,10.425678,OK,normal,normal,0.0,0.0
run_0074,34,2023-11-16T04:01:01.135437+00:00,node_1,9.994478,OK,normal,normal,0.0,0.0
run_0074,34,2023-11-16T04:01:00.898882+00:00,node_2,10.730506,OK,normal,normal,0.0,0.0
run_0074,34,2023-11-16T04:01:00.888324+00:00,node_3,10.65268,OK,normal,normal,0.0,0.0
run_0074,35,2023-11-16T04:01:20.998871+00:00,node_1,10.400988,OK,normal,normal,0.0,0.0
run_0074,35,2023-11-16T04:01:20.957293+00:00,node_2,10.571319,OK,normal,normal,0.0,0.0
run_0074,35,2023-11-16T04:01:20.942451+00:00,node_3,10.391012,OK,normal,normal,0.0,0.0
run_0075,0,2023-11-16T04:13:40.112492+00:00,node_1,7.866611,OK,normal,normal,0.0,0.0
run_0075,0,2023-11-16T04:13:39.784679+00:00,node_2,8.443917,OK,normal,normal,0.0,0.0
run_0075,0,2023-11-16T04:13:40.108752+00:00,node_3,8.364523,OK,normal,normal,0.0,0.0
run_0075,1,2023-11-16T04:14:00.061642+00:00,node_1,8.503718,OK,normal,normal,0.0,0.0
run_0075,1,2023-11-16T04:14:00.159254+00:00,node_2,8.538926,OK,normal,normal,0.0,0.0
run_0075,1,2023-11-16T04:13:59.878217+00:00,node_3,8.47288,OK,normal,normal,0.0,0.0
run_0075,2,2023-11-16T04:14:20.193386+00:00,node_1,8.498386,OK,normal,normal,0.0,0.0
run_0075,2,2023-11-16T04:14:20.309685+00:00,node_2,8.474542,OK,normal,normal,0.0,0.0
run_0075,2,2023-11-16T04:14:20.525158+00:00,node_3,7.940281,OK,normal,normal,0.0,0.0
run_0075,3,2023-11-16T04:14:40.111444+00:00,node_1,8.555434,OK,normal,normal,0.0,0.0
run_0075,3,2023-11-16T04:14:40.114024+00:00,node_2,8.588825,OK,normal,normal,0.0,0.0
run_0075,3,2023-11-16T04:14:39.799107+00:00,node_3,8.918117,OK,normal,normal,0.0,0.0
run_0075,4,2023-11-16T04:15:00.416099+00:00,node_1,8.709992,OK,normal,normal,0.0,0.0
run_0075,4,2023-11-16T04:15:00.040407+00:00,node_2,8.580124,OK,normal,normal,0.0,0.0
run_0075,4,2023-11-16T04:15:00.384418+00:00,node_3,8.798822,OK,normal,normal,0.0,0.0
run_0075,5,2023-11-16T04:15:19.879848+00:00,node_1,8.47085,OK,minor,normal,12.189655591504915,0
run_0075,5,2023-11-16T04:15:20.087713+00:00,node_2,7.328119,OK,minor,normal,12.189655591504915,0
run_0075,5,2023-11-16T04:15:19.829080+00:00,node_3,7.487384,OK,minor,normal,12.189655591504915,0
run_0075,6,2023-11-16T04:15:40.337227+00:00,node_1,8.321984,OK,minor,normal,12.189655591504915,0
run_0075,6,2023-11-16T04:15:40.192700+00:00,node_2,7.44208,OK,minor,normal,12.189655591504915,0
run_0075,6,2023-11-16T04:15:40.093722+00:00,node_3,7.585711,OK,minor,normal,12.189655591504915,0
run_0075,7,2023-11-16T04:15:59.839391+00:00,node_1,8.800815,OK,minor,normal,12.189655591504915,0
run_0075,7,2023-11-16T04:15:59.958523+00:00,node_2,7.455408,OK,minor,normal,12.189655591504915,0
run_0075,7,2023-11-16T04:16:00.166997+00:00,node_3,7.616392,OK,minor,normal,12.189655591504915,0
run_0075,8,2023-11-16T04:16:19.570432+00:00,node_1,8.209016,OK,minor,normal,12.189655591504915,0
run_0075,8,2023-11-16T04:16:19.577711+00:00,node_2,7.407819,OK,minor,normal,12.189655591504915,0
run_0075,8,2023-11-16T04:16:19.613689+00:00,node_3,7.623134,OK,minor,normal,12.189655591504915,0
run_0075,9,2023-11-16T04:16:39.942342+00:00,node_1,8.315849,OK,minor,normal,12.189655591504915,0
run_0075,9,2023-11-16T04:16:39.714446+00:00,node_2,7.361001,OK,minor,normal,12.189655591504915,0
run_0075,9,2023-11-16T04:16:39.813563+00:00,node_3,7.621583,OK,minor,normal,12.189655591504915,0
run_0075,10,2023-11-16T04:16:59.457116+00:00,node_1,8.735271,OK,minor,normal,12.189655591504915,0
run_0075,10,2023-11-16T04:16:59.426317+00:00,node_2,7.736045,OK,minor,normal,12.189655591504915,0
run_0075,10,2023-11-16T04:16:59.324857+00:00,node_3,7.318283,OK,minor,normal,12.189655591504915,0
run_0075,11,2023-11-16T04:17:19.405671+00:00,node_1,8.291532,OK,minor,normal,12.189655591504915,0
run_0075,11,2023-11-16T04:17:19.377110+00:00,node_2,7.381606,OK,minor,normal,12.189655591504915,0
run_0075,11,2023-11-16T04:17:19.213739+00:00,node_3,7.892758,OK,minor,normal,12.189655591504915,0
run_0075,12,2023-11-16T04:17:39.118184+00:00,node_1,11.368684,OK,minor,normal,12.189655591504915,0
run_0075,12,2023-11-16T04:17:38.833094+00:00,node_2,9.721015,OK,minor,normal,12.189655591504915,0
run_0075,12,2023-11-16T04:17:38.950497+00:00,node_3,9.172062,OK,minor,normal,12.189655591504915,0
run_0075,13,2023-11-16T04:17:58.807133+00:00,node_1,11.327795,OK,minor,normal,12.189655591504915,0
run_0075,13,2023-11-16T04:17:58.812136+00:00,node_2,9.873612,OK,minor,normal,12.189655591504915,0
run_0075,13,2023-11-16T04:17:58.809026+00:00,node_3,9.619606,OK,minor,normal,12.189655591504915,0
run_0075,14,2023-11-16T04:18:18.813383+00:00,node_1,10.960886,OK,minor,normal,12.189655591504915,0
run_0075,14,2023-11-16T04:18:18.634773+00:00,node_2,9.826146,OK,minor,normal,12.189655591504915,0
run_0075,14,2023-11-16T04:18:18.849592+00:00,node_3,9.682222,OK,minor,normal,12.189655591504915,0
run_0075,15,2023-11-16T04:18:38.549529+00:00,node_1,10.968666,OK,minor,normal,12.189655591504915,0
run_0075,15,2023-11-16T04:18:38.472720+00:00,node_2,9.419097,OK,minor,normal,12.189655591504915,0
run_0075,15,2023-11-16T04:18:38.363588+00:00,node_3,9.664187,OK,minor,normal,12.189655591504915,0
run_0075,16,2023-11-16T04:18:57.893270+00:00,node_1,10.822131,OK,minor,normal,12.189655591504915,0
run_0075,16,2023-11-16T04:18:58.085903+00:00,node_2,9.550306,OK,minor,normal,12.189655591504915,0
run_0075,16,2023-11-16T04:18:58.061863+00:00,node_3,9.702868,OK,minor,normal,12.189655591504915,0
run_0075,17,2023-11-16T04:19:17.885247+00:00,node_1,11.185738,OK,minor,normal,12.189655591504915,0
run_0075,17,2023-11-16T04:19:17.852726+00:00,node_2,9.569027,OK,minor,normal,12.189655591504915,0
run_0075,17,2023-11-16T04:19:17.777856+00:00,node_3,9.596678,OK,minor,normal,12.189655591504915,0
run_0075,18,2023-11-16T04:19:37.969237+00:00,node_1,10.947402,OK,minor,normal,12.189655591504915,0
run_0075,18,2023-11-16T04:19:38.027050+00:00,node_2,9.697976,OK,minor,normal,12.189655591504915,0
run_0075,18,2023-11-16T04:19:38.128067+00:00,node_3,9.638754,OK,minor,normal,12.189655591504915,0
run_0075,19,2023-11-16T04:19:57.871469+00:00,node_1,10.356584,OK,minor,normal,12.189655591504915,0
run_0075,19,2023-11-16T04:19:58.048000+00:00,node_2,9.544471,OK,minor,normal,12.189655591504915,0
run_0075,19,2023-11-16T04:19:57.883692+00:00,node_3,9.410628,OK,minor,normal,12.189655591504915,0
run_0075,20,2023-11-16T04:20:18.123144+00:00,node_1,10.661017,OK,minor,normal,12.189655591504915,0
run_0075,20,2023-11-16T04:20:18.023819+00:00,node_2,9.474801,OK,minor,normal,12.189655591504915,0
run_0075,20,2023-11-16T04:20:18.259593+00:00,node_3,9.721382,OK,minor,normal,12.189655591504915,0
run_0075,21,2023-11-16T04:20:38.452812+00:00,node_1,10.96196,OK,minor,normal,12.189655591504915,0
run_0075,21,2023-11-16T04:20:38.447479+00:00,node_2,9.633774,OK,minor,normal,12.189655591504915,0
run_0075,21,2023-11-16T04:20:38.152866+00:00,node_3,9.55435,OK,minor,normal,12.189655591504915,0
run_0075,22,2023-11-16T04:20:58.482573+00:00,node_1,11.20408,OK,minor,normal,12.189655591504915,0
run_0075,22,2023-11-16T04:20:58.499370+00:00,node_2,9.76582,OK,minor,normal,12.189655591504915,0
run_0075,22,2023-11-16T04:20:58.861253+00:00,node_3,9.632402,OK,minor,normal,12.189655591504915,0
run_0075,23,2023-11-16T04:21:18.800020+00:00,node_1,11.06158,OK,minor,normal,12.189655591504915,0
run_0075,23,2023-11-16T04:21:18.553644+00:00,node_2,9.600637,OK,minor,normal,12.189655591504915,0
run_0075,23,2023-11-16T04:21:18.755444+00:00,node_3,9.510795,OK,minor,normal,12.189655591504915,0
run_0075,24,2023-11-16T04:21:38.168550+00:00,node_1,11.218919,OK,minor,normal,12.189655591504915,0
run_0075,24,2023-11-16T04:21:38.283642+00:00,node_2,9.70725,OK,minor,normal,12.189655591504915,0
run_0075,24,2023-11-16T04:21:38.260065+00:00,node_3,9.741307,OK,minor,normal,12.189655591504915,0
run_0075,25,2023-11-16T04:21:58.741697+00:00,node_1,10.883469,OK,minor,normal,12.189655591504915,0
run_0075,25,2023-11-16T04:21:58.430778+00:00,node_2,9.333874,OK,minor,normal,12.189655591504915,0
run_0075,25,2023-11-16T04:21:58.644531+00:00,node_3,9.861749,OK,minor,normal,12.189655591504915,0
run_0075,26,2023-11-16T04:22:18.075918+00:00,node_1,11.022585,OK,minor,normal,12.189655591504915,0
run_0075,26,2023-11-16T04:22:18.451901+00:00,node_2,9.833833,OK,minor,normal,12.189655591504915,0
run_0075,26,2023-11-16T04:22:18.113172+00:00,node_3,9.647059,OK,minor,normal,12.189655591504915,0
run_0075,27,2023-11-16T04:22:38.454853+00:00,node_1,11.029977,OK,minor,normal,12.189655591504915,0
run_0075,27,2023-11-16T04:22:38.438426+00:00,node_2,9.95982,OK,minor,normal,12.189655591504915,0
run_0075,27,2023-11-16T04:22:38.211389+00:00,node_3,9.846503,OK,minor,normal,12.189655591504915,0
run_0075,28,2023-11-16T04:22:57.975966+00:00,node_1,10.745516,OK,minor,normal,12.189655591504915,0
run_0075,28,2023-11-16T04:22:57.944397+00:00,node_2,9.691698,OK,minor,normal,12.189655591504915,0
run_0075,28,2023-11-16T04:22:57.922991+00:00,node_3,9.72573,OK,minor,normal,12.189655591504915,0
run_0075,29,2023-11-16T04:23:17.917138+00:00,node_1,11.197465,OK,minor,normal,12.189655591504915,0
run_0075,29,2023-11-16T04:23:17.700161+00:00,node_2,9.740611,OK,minor,normal,12.189655591504915,0
run_0075,29,2023-11-16T04:23:17.931457+00:00,node_3,9.793053,OK,minor,normal,12.189655591504915,0
run_0075,30,2023-11-16T04:23:37.649583+00:00,node_1,11.016535,OK,minor,normal,12.189655591504915,0
run_0075,30,2023-11-16T04:23:37.849535+00:00,node_2,9.507229,OK,minor,normal,12.189655591504915,0
run_0075,30,2023-11-16T04:23:37.771636+00:00,node_3,9.629685,OK,minor,normal,12.189655591504915,0
run_0075,31,2023-11-16T04:23:57.675229+00:00,node_1,10.963705,OK,normal,normal,0.0,0.0
run_0075,31,2023-11-16T04:23:57.768598+00:00,node_2,10.908184,OK,normal,normal,0.0,0.0
run_0075,31,2023-11-16T04:23:57.762302+00:00,node_3,11.095195,OK,normal,normal,0.0,0.0
run_0075,32,2023-11-16T04:24:17.718631+00:00,node_1,11.055511,OK,normal,normal,0.0,0.0
run_0075,32,2023-11-16T04:24:17.883892+00:00,node_2,10.830463,OK,normal,normal,0.0,0.0
run_0075,32,2023-11-16T04:24:17.634105+00:00,node_3,10.66545,OK,normal,normal,0.0,0.0
run_0075,33,2023-11-16T04:24:37.737539+00:00,node_1,10.737598,OK,normal,normal,0.0,0.0
run_0075,33,2023-11-16T04:24:37.828507+00:00,node_2,10.781981,OK,normal,normal,0.0,0.0
run_0075,33,2023-11-16T04:24:37.976359+00:00,node_3,10.921437,OK,normal,normal,0.0,0.0
run_0075,34,2023-11-16T04:24:57.918214+00:00,node_1,11.131661,OK,normal,normal,0.0,0.0
run_0075,34,2023-11-16T04:24:57.873112+00:00,node_2,10.907962,OK,normal,normal,0.0,0.0
run_0075,34,2023-11-16T04:24:57.641292+00:00,node_3,11.142877,OK,normal,normal,0.0,0.0
run_0075,35,2023-11-16T04:25:18.060525+00:00,node_1,10.966278,OK,normal,normal,0.0,0.0
run_0075,35,2023-11-16T04:25:17.993347+00:00,node_2,11.17263,OK,normal,normal,0.0,0.0
run_0075,35,2023-11-16T04:25:17.912134+00:00,node_3,10.758465,OK,normal,normal,0.0,0.0
run_0076,0,2023-11-16T04:37:40.269357+00:00,node_1,11.835499,OK,normal,normal,0.0,0.0
run_0076,0,2023-11-16T04:37:40.115898+00:00,node_2,11.929367,OK,normal,normal,0.0,0.0
run_0076,0,2023-11-16T04:37:40.246247+00:00,node_3,11.330908,OK,normal,normal,0.0,0.0
run_0076,1,2023-11-16T04:38:00.371411+00:00,node_1,11.580821,OK,normal,normal,0.0,0.0
run_0076,1,2023-11-16T04:38:00.396670+00:00,node_2,11.256777,OK,normal,normal,0.0,0.0
run_0076,1,2023-11-16T04:38:00.444192+00:00,node_3,11.166682,OK,normal,normal,0.0,0.0
run_0076,2,2023-11-16T04:38:20.214822+00:00,node_1,11.203039,OK,normal,normal,0.0,0.0
run_0076,2,2023-11-16T04:38:20.455174+00:00,node_2,11.593423,OK,normal,normal,0.0,0.0
run_0076,2,2023-11-16T04:38:20.308486+00:00,node_3,11.986629,OK,normal,normal,0.0,0.0
run_0076,3,2023-11-16T04:38:40.682135+00:00,node_1,11.476036,OK,normal,normal,0.0,0.0
run_0076,3,2023-11-16T04:38:40.750151+00:00,node_2,11.525453,OK,normal,normal,0.0,0.0
run_0076,3,2023-11-16T04:38:40.865811+00:00,node_3,11.65491,OK,normal,normal,0.0,0.0
run_0076,4,2023-11-16T04:39:00.942770+00:00,node_1,11.084172,OK,normal,normal,0.0,0.0
run_0076,4,2023-11-16T04:39:00.967576+00:00,node_2,11.294313,OK,normal,normal,0.0,0.0
run_0076,4,2023-11-16T04:39:01.072340+00:00,node_3,11.961728,OK,normal,normal,0.0,0.0
run_0076,5,2023-11-16T04:39:20.863551+00:00,node_1,11.437699,OK,minor,minor,8.694739134548268,7.492135942304118
run_0076,5,2023-11-16T04:39:21.068457+00:00,node_2,10.352315,OK,minor,minor,8.694739134548268,7.492135942304118
run_0076,5,2023-11-16T04:39:20.971511+00:00,node_3,9.398045,OK,minor,minor,8.694739134548268,7.492135942304118
run_0076,6,2023-11-16T04:39:41.130229+00:00,node_1,11.079535,OK,minor,minor,8.694739134548268,7.492135942304118
run_0076,6,2023-11-16T04:39:40.860274+00:00,node_2,10.352665,OK,minor,minor,8.694739134548268,7.492135942304118
run_0076,6,2023-11-16T04:39:40.867881+00:00,node_3,9.270982,OK,minor,minor,8.694739134548268,7.492135942304118
run_0076,7,2023-11-16T04:40:01.158366+00:00,node_1,11.103187,OK,minor,minor,8.694739134548268,7.492135942304118
run_0076,7,2023-11-16T04:40:01.196457+00:00,node_2,10.550374,OK,minor,minor,8.694739134548268,7.492135942304118
run_0076,7,2023-11-16T04:40:01.302526+00:00,node_3,9.485855,OK,minor,minor,8.694739134548268,7.492135942304118
run_0076,8,2023-11-16T04:40:20.930739+00:00,node_1,11.540935,OK,minor,minor,8.694739134548268,7.492135942304118
run_0076,8,2023-11-16T04:40:20.807564+00:00,node_2,10.306372,OK,minor,minor,8.694739134548268,7.492135942304118
run_0076,8,2023-11-16T04:40:21.073184+00:00,node_3,9.894614,OK,minor,minor,8.694739134548268,7.492135942304118
run_0076,9,2023-11-16T04:40:40.513844+00:00,node_1,11.594802,OK,minor,minor,8.694739134548268,7.492135942304118
run_0076,9,2023-11-16T04:40:40.629030+00:00,node_2,10.172657,OK,minor,minor,8.694739134548268,7.492135942304118
run_0076,9,2023-11-16T04:40:40.566772+00:00,node_3,9.732597,OK,minor,minor,8.694739134548268,7.492135942304118
run_0076,10,2023-11-16T04:41:00.103479+00:00,node_1,11.068807,OK,minor,minor,8.694739134548268,7.492135942304118
run_0076,10,2023-11-16T04:41:00.215642+00:00,node_2,10.945994,OK,minor,minor,8.694739134548268,7.492135942304118
run_0076,10,2023-11-16T04:41:00.134933+00:00,node_3,9.575597,OK,minor,minor,8.694739134548268,7.492135942304118
run_0076,11,2023-11-16T04:41:20.344497+00:00,node_1,11.145311,OK,minor,minor,8.694739134548268,7.492135942304118
run_0076,11,2023-11-16T04:41:20.570386+00:00,node_2,10.144209,OK,minor,minor,8.694739134548268,7.492135942304118
run_0076,11,2023-11-16T04:41:20.667518+00:00,node_3,9.377013,OK,minor,minor,8.694739134548268,7.492135942304118
run_0076,12,2023-11-16T04:41:40.539371+00:00,node_1,9.351556,OK,minor,minor,8.694739134548268,7.492135942304118
run_0076,12,2023-11-16T04:41:40.420742+00:00,node_2,8.78701,OK,minor,minor,8.694739134548268,7.492135942304118
run_0076,12,2023-11-16T04:41:40.432666+00:00,node_3,8.026965,OK,minor,minor,8.694739134548268,7.492135942304118
run_0076,13,2023-11-16T04:42:01.081497+00:00,node_1,9.389696,OK,minor,minor,8.694739134548268,7.492135942304118
run_0076,13,2023-11-16T04:42:00.950849+00:00,node_2,8.925471,OK,minor,minor,8.694739134548268,7.492135942304118
run_0076,13,2023-11-16T04:42:00.924037+00:00,node_3,8.147865,OK,minor,minor,8.694739134548268,7.492135942304118
run_0076,14,2023-11-16T04:42:21.110554+00:00,node_1,9.560379,OK,minor,minor,8.694739134548268,7.492135942304118
run_0076,14,2023-11-16T04:42:20.970594+00:00,node_2,8.679078,OK,minor,minor,8.694739134548268,7.492135942304118
run_0076,14,2023-11-16T04:42:21.037807+00:00,node_3,7.965261,OK,minor,minor,8.694739134548268,7.492135942304118
run_0076,15,2023-11-16T04:42:41.114756+00:00,node_1,9.534863,OK,minor,minor,8.694739134548268,7.492135942304118
run_0076,15,2023-11-16T04:42:41.081533+00:00,node_2,8.719878,OK,minor,minor,8.694739134548268,7.492135942304118
run_0076,15,2023-11-16T04:42:41.190111+00:00,node_3,7.947292,OK,minor,minor,8.694739134548268,7.492135942304118
run_0076,16,2023-11-16T04:43:00.716329+00:00,node_1,9.537792,OK,minor,minor,8.694739134548268,7.492135942304118
run_0076,16,2023-11-16T04:43:00.736908+00:00,node_2,8.734423,OK,minor,minor,8.694739134548268,7.492135942304118
run_0076,16,2023-11-16T04:43:00.863734+00:00,node_3,8.078366,OK,minor,minor,8.694739134548268,7.492135942304118
run_0076,17,2023-11-16T04:43:20.935084+00:00,node_1,9.775044,OK,minor,minor,8.694739134548268,7.492135942304118
run_0076,17,2023-11-16T04:43:20.739387+00:00,node_2,8.802205,OK,minor,minor,8.694739134548268,7.492135942304118
run_0076,17,2023-11-16T04:43:20.739275+00:00,node_3,8.140046,OK,minor,minor,8.694739134548268,7.492135942304118
run_0076,18,2023-11-16T04:43:40.874224+00:00,node_1,9.167706,OK,minor,minor,8.694739134548268,7.492135942304118
run_0076,18,2023-11-16T04:43:40.824899+00:00,node_2,8.724569,OK,minor,minor,8.694739134548268,7.492135942304118
run_0076,18,2023-11-16T04:43:40.651664+00:00,node_3,8.278832,OK,minor,minor,8.694739134548268,7.492135942304118
run_0076,19,2023-11-16T04:44:00.354100+00:00,node_1,9.305776,OK,minor,minor,8.694739134548268,7.492135942304118
run_0076,19,2023-11-16T04:44:00.593970+00:00,node_2,8.555054,OK,minor,minor,8.694739134548268,7.492135942304118
run_0076,19,2023-11-16T04:44:00.445429+00:00,node_3,7.615067,OK,minor,minor,8.694739134548268,7.492135942304118
run_0076,20,2023-11-16T04:44:20.238949+00:00,node_1,9.641371,OK,minor,minor,8.694739134548268,7.492135942304118
run_0076,20,2023-11-16T04:44:20.134358+00:00,node_2,8.760631,OK,minor,minor,8.694739134548268,7.492135942304118
run_0076,20,2023-11-16T04:44:20.282969+00:00,node_3,8.141683,OK,minor,minor,8.694739134548268,7.492135942304118
run_0076,21,2023-11-16T04:44:40.112464+00:00,node_1,9.205821,OK,minor,minor,8.694739134548268,7.492135942304118
run_0076,21,2023-11-16T04:44:40.158059+00:00,node_2,8.51177,OK,minor,minor,8.694739134548268,7.492135942304118
run_0076,21,2023-11-16T04:44:40.458180+00:00,node_3,8.363201,OK,minor,minor,8.694739134548268,7.492135942304118
run_0076,22,2023-11-16T04:45:00.155144+00:00,node_1,9.273063,OK,minor,minor,8.694739134548268,7.492135942304118
run_0076,22,2023-11-16T04:45:00.031574+00:00,node_2,8.755516,OK,minor,minor,8.694739134548268,7.492135942304118
run_0076,22,2023-11-16T04:44:59.827049+00:00,node_3,7.922795,OK,minor,minor,8.694739134548268,7.492135942304118
run_0076,23,2023-11-16T04:45:20.284290+00:00,node_1,9.41,OK,minor,minor,8.694739134548268,7.492135942304118
run_0076,23,2023-11-16T04:45:20.493594+00:00,node_2,9.025231,OK,minor,minor,8.694739134548268,7.492135942304118
run_0076,23,2023-11-16T04:45:20.288837+00:00,node_3,8.460365,OK,minor,minor,8.694739134548268,7.492135942304118
run_0076,24,2023-11-16T04:45:40.564340+00:00,node_1,11.872254,OK,minor,minor,8.694739134548268,7.492135942304118
run_0076,24,2023-11-16T04:45:40.531840+00:00,node_2,10.853383,OK,minor,minor,8.694739134548268,7.492135942304118
run_0076,24,2023-11-16T04:45:40.526519+00:00,node_3,9.993673,OK,minor,minor,8.694739134548268,7.492135942304118
run_0076,25,2023-11-16T04:46:00.819343+00:00,node_1,11.731104,OK,minor,minor,8.694739134548268,7.492135942304118
run_0076,25,2023-11-16T04:46:00.852722+00:00,node_2,10.805578,OK,minor,minor,8.694739134548268,7.492135942304118
run_0076,25,2023-11-16T04:46:00.637273+00:00,node_3,9.925605,OK,minor,minor,8.694739134548268,7.492135942304118
run_0076,26,2023-11-16T04:46:20.429036+00:00,node_1,11.616738,OK,minor,minor,8.694739134548268,7.492135942304118
run_0076,26,2023-11-16T04:46:20.229591+00:00,node_2,10.913107,OK,minor,minor,8.694739134548268,7.492135942304118
run_0076,26,2023-11-16T04:46:20.202372+00:00,node_3,10.06788,OK,minor,minor,8.694739134548268,7.492135942304118
run_0076,27,2023-11-16T04:46:40.651658+00:00,node_1,11.569775,OK,minor,minor,8.694739134548268,7.492135942304118
run_0076,27,2023-11-16T04:46:40.675105+00:00,node_2,10.766308,OK,minor,minor,8.694739134548268,7.492135942304118
run_0076,27,2023-11-16T04:46:40.580223+00:00,node_3,9.915518,OK,minor,minor,8.694739134548268,7.492135942304118
run_0076,28,2023-11-16T04:47:00.237268+00:00,node_1,11.733545,OK,minor,minor,8.694739134548268,7.492135942304118
run_0076,28,2023-11-16T04:46:59.969074+00:00,node_2,10.838245,OK,minor,minor,8.694739134548268,7.492135942304118
run_0076,28,2023-11-16T04:47:00.129514+00:00,node_3,10.049356,OK,minor,minor,8.694739134548268,7.492135942304118
run_0076,29,2023-11-16T04:47:20.390766+00:00,node_1,11.82602,OK,minor,minor,8.694739134548268,7.492135942304118
run_0076,29,2023-11-16T04:47:20.439963+00:00,node_2,10.563476,OK,minor,minor,8.694739134548268,7.492135942304118
run_0076,29,2023-11-16T04:47:20.584835+00:00,node_3,9.61184,OK,minor,minor,8.694739134548268,7.492135942304118
run_0076,30,2023-11-16T04:47:40.295909+00:00,node_1,11.628088,OK,minor,minor,8.694739134548268,7.492135942304118
run_0076,30,2023-11-16T04:47:40.273620+00:00,node_2,10.367307,OK,minor,minor,8.694739134548268,7.492135942304118
run_0076,30,2023-11-16T04:47:40.493531+00:00,node_3,10.000069,OK,minor,minor,8.694739134548268,7.492135942304118
run_0076,31,2023-11-16T04:48:00.087703+00:00,node_1,11.639147,OK,normal,normal,0.0,0.0
run_0076,31,2023-11-16T04:47:59.890682+00:00,node_2,12.299422,OK,normal,normal,0.0,0.0
run_0076,31,2023-11-16T04:48:00.072874+00:00,node_3,12.27596,OK,normal,normal,0.0,0.0
run_0076,32,2023-11-16T04:48:19.810191+00:00,node_1,11.849479,OK,normal,normal,0.0,0.0
run_0076,32,2023-11-16T04:48:19.765838+00:00,node_2,11.777731,OK,normal,normal,0.0,0.0
run_0076,32,2023-11-16T04:48:20.038883+00:00,node_3,11.7062,OK,normal,normal,0.0,0.0
run_0076,33,2023-11-16T04:48:39.618424+00:00,node_1,11.892297,OK,normal,normal,0.0,0.0
run_0076,33,2023-11-16T04:48:39.607695+00:00,node_2,11.664029,OK,normal,normal,0.0,0.0
run_0076,33,2023-11-16T04:48:39.546395+00:00,node_3,11.648871,OK,normal,normal,0.0,0.0
run_0076,34,2023-11-16T04:48:59.623666+00:00,node_1,11.921377,OK,normal,normal,0.0,0.0
run_0076,34,2023-11-16T04:48:59.350623+00:00,node_2,11.533627,OK,normal,normal,0.0,0.0
run_0076,34,2023-11-16T04:48:59.376174+00:00,node_3,11.80178,OK,normal,normal,0.0,0.0
run_0076,35,2023-11-16T04:49:19.584924+00:00,node_1,11.641842,OK,normal,normal,0.0,0.0
run_0076,35,2023-11-16T04:49:19.493144+00:00,node_2,11.317668,OK,normal,normal,0.0,0.0
run_0076,35,2023-11-16T04:49:19.321596+00:00,node_3,11.723002,OK,normal,normal,0.0,0.0
run_0077,0,2023-11-16T05:01:39.920694+00:00,node_1,11.938795,OK,normal,normal,0.0,0.0
run_0077,0,2023-11-16T05:01:40.014601+00:00,node_2,12.362063,OK,normal,normal,0.0,0.0
run_0077,0,2023-11-16T05:01:40.058874+00:00,node_3,11.911566,OK,normal,normal,0.0,0.0
run_0077,1,2023-11-16T05:02:00.375196+00:00,node_1,11.885088,OK,normal,normal,0.0,0.0
run_0077,1,2023-11-16T05:02:00.570266+00:00,node_2,11.513555,OK,normal,normal,0.0,0.0
run_0077,1,2023-11-16T05:02:00.303264+00:00,node_3,11.939329,OK,normal,normal,0.0,0.0
run_0077,2,2023-11-16T05:02:20.501776+00:00,node_1,12.032886,OK,normal,normal,0.0,0.0
run_0077,2,2023-11-16T05:02:20.486876+00:00,node_2,12.021657,OK,normal,normal,0.0,0.0
run_0077,2,2023-11-16T05:02:20.443689+00:00,node_3,11.722863,OK,normal,normal,0.0,0.0
run_0077,3,2023-11-16T05:02:40.672466+00:00,node_1,11.89498,OK,normal,normal,0.0,0.0
run_0077,3,2023-11-16T05:02:40.749046+00:00,node_2,12.107111,OK,normal,normal,0.0,0.0
run_0077,3,2023-11-16T05:02:40.974797+00:00,node_3,11.564415,OK,normal,normal,0.0,0.0
run_0077,4,2023-11-16T05:03:00.625628+00:00,node_1,11.701417,OK,normal,normal,0.0,0.0
run_0077,4,2023-11-16T05:03:00.259549+00:00,node_2,11.874249,OK,normal,normal,0.0,0.0
run_0077,4,2023-11-16T05:03:00.523513+00:00,node_3,12.020652,OK,normal,normal,0.0,0.0
run_0077,5,2023-11-16T05:03:20.200775+00:00,node_1,11.516861,OK,minor,major,11.045090279156454,37.66708924811577
run_0077,5,2023-11-16T05:03:20.363074+00:00,node_2,10.441114,OK,minor,major,11.045090279156454,37.66708924811577
run_0077,5,2023-11-16T05:03:20.439205+00:00,node_3,6.447719,OK,minor,major,11.045090279156454,37.66708924811577
run_0077,6,2023-11-16T05:03:40.377372+00:00,node_1,11.971185,OK,minor,major,11.045090279156454,37.66708924811577
run_0077,6,2023-11-16T05:03:40.525941+00:00,node_2,10.795773,OK,minor,major,11.045090279156454,37.66708924811577
run_0077,6,2023-11-16T05:03:40.404656+00:00,node_3,6.704004,OK,minor,major,11.045090279156454,37.66708924811577
run_0077,7,2023-11-16T05:04:00.655555+00:00,node_1,12.117049,OK,minor,major,11.045090279156454,37.66708924811577
run_0077,7,2023-11-16T05:04:00.559343+00:00,node_2,10.773361,OK,minor,major,11.045090279156454,37.66708924811577
run_0077,7,2023-11-16T05:04:00.410850+00:00,node_3,6.713904,OK,minor,major,11.045090279156454,37.66708924811577
run_0077,8,2023-11-16T05:04:20.571728+00:00,node_1,12.203827,OK,minor,major,11.045090279156454,37.66708924811577
run_0077,8,2023-11-16T05:04:20.526477+00:00,node_2,10.812764,OK,minor,major,11.045090279156454,37.66708924811577
run_0077,8,2023-11-16T05:04:20.625709+00:00,node_3,6.480004,OK,minor,major,11.045090279156454,37.66708924811577
run_0077,9,2023-11-16T05:04:40.475313+00:00,node_1,12.016048,OK,minor,major,11.045090279156454,37.66708924811577
run_0077,9,2023-11-16T05:04:40.701843+00:00,node_2,10.697248,OK,minor,major,11.045090279156454,37.66708924811577
run_0077,9,2023-11-16T05:04:40.506036+00:00,node_3,6.530025,OK,minor,major,11.045090279156454,37.66708924811577
run_0077,10,2023-11-16T05:05:00.732533+00:00,node_1,11.583847,OK,minor,major,11.045090279156454,37.66708924811577
run_0077,10,2023-11-16T05:05:00.699326+00:00,node_2,10.640638,OK,minor,major,11.045090279156454,37.66708924811577
run_0077,10,2023-11-16T05:05:00.667849+00:00,node_3,6.645865,OK,minor,major,11.045090279156454,37.66708924811577
run_0077,11,2023-11-16T05:05:20.484578+00:00,node_1,11.885221,OK,minor,major,11.045090279156454,37.66708924811577
run_0077,11,2023-11-16T05:05:20.350339+00:00,node_2,10.874788,OK,minor,major,11.045090279156454,37.66708924811577
run_0077,11,2023-11-16T05:05:20.482934+00:00,node_3,6.813121,OK,minor,major,11.045090279156454,37.66708924811577
run_0077,12,2023-11-16T05:05:40.094048+00:00,node_1,12.024078,OK,minor,major,11.045090279156454,37.66708924811577
run_0077,12,2023-11-16T05:05:40.111862+00:00,node_2,10.294614,OK,minor,major,11.045090279156454,37.66708924811577
run_0077,12,2023-11-16T05:05:39.959162+00:00,node_3,6.597214,OK,minor,major,11.045090279156454,37.66708924811577
run_0077,13,2023-11-16T05:05:59.907313+00:00,node_1,11.845112,OK,minor,major,11.045090279156454,37.66708924811577
run_0077,13,2023-11-16T05:05:59.811174+00:00,node_2,10.495303,OK,minor,major,11.045090279156454,37.66708924811577
run_0077,13,2023-11-16T05:05:59.939957+00:00,node_3,6.470738,OK,minor,major,11.045090279156454,37.66708924811577
run_0077,14,2023-11-16T05:06:20.139673+00:00,node_1,11.504897,OK,minor,major,11.045090279156454,37.66708924811577
run_0077,14,2023-11-16T05:06:20.069659+00:00,node_2,10.135624,OK,minor,major,11.045090279156454,37.66708924811577
run_0077,14,2023-11-16T05:06:20.324005+00:00,node_3,6.313823,OK,minor,major,11.045090279156454,37.66708924811577
run_0077,15,2023-11-16T05:06:40.343085+00:00,node_1,11.987901,OK,minor,major,11.045090279156454,37.66708924811577
run_0077,15,2023-11-16T05:06:40.343055+00:00,node_2,10.177481,OK,minor,major,11.045090279156454,37.66708924811577
run_0077,15,2023-11-16T05:06:40.581435+00:00,node_3,6.452242,OK,minor,major,11.045090279156454,37.66708924811577
run_0077,16,2023-11-16T05:07:00.135010+00:00,node_1,11.768025,OK,minor,major,11.045090279156454,37.66708924811577
run_0077,16,2023-11-16T05:06:59.940064+00:00,node_2,10.218842,OK,minor,major,11.045090279156454,37.66708924811577
run_0077,16,2023-11-16T05:07:00.019840+00:00,node_3,6.445165,OK,minor,major,11.045090279156454,37.66708924811577
run_0077,17,2023-11-16T05:07:20.090664+00:00,node_1,11.76191,OK,minor,major,11.045090279156454,37.66708924811577
run_0077,17,2023-11-16T05:07:19.992381+00:00,node_2,11.214305,OK,minor,major,11.045090279156454,37.66708924811577
run_0077,17,2023-11-16T05:07:20.040590+00:00,node_3,6.601767,OK,minor,major,11.045090279156454,37.66708924811577
run_0077,18,2023-11-16T05:07:39.763105+00:00,node_1,11.878856,OK,minor,major,11.045090279156454,37.66708924811577
run_0077,18,2023-11-16T05:07:39.599076+00:00,node_2,10.438222,OK,minor,major,11.045090279156454,37.66708924811577
run_0077,18,2023-11-16T05:07:39.865929+00:00,node_3,6.301936,OK,minor,major,11.045090279156454,37.66708924811577
run_0077,19,2023-11-16T05:07:59.295981+00:00,node_1,11.396197,OK,minor,major,11.045090279156454,37.66708924811577
run_0077,19,2023-11-16T05:07:59.673613+00:00,node_2,10.556917,OK,minor,major,11.045090279156454,37.66708924811577
run_0077,19,2023-11-16T05:07:59.656471+00:00,node_3,6.332977,OK,minor,major,11.045090279156454,37.66708924811577
run_0077,20,2023-11-16T05:08:19.825145+00:00,node_1,11.568595,OK,minor,major,11.045090279156454,37.66708924811577
run_0077,20,2023-11-16T05:08:19.748248+00:00,node_2,10.266915,OK,minor,major,11.045090279156454,37.66708924811577
run_0077,20,2023-11-16T05:08:19.812511+00:00,node_3,6.439795,OK,minor,major,11.045090279156454,37.66708924811577
run_0077,21,2023-11-16T05:08:40.040228+00:00,node_1,11.521277,OK,minor,major,11.045090279156454,37.66708924811577
run_0077,21,2023-11-16T05:08:39.846466+00:00,node_2,10.348298,OK,minor,major,11.045090279156454,37.66708924811577
run_0077,21,2023-11-16T05:08:40.028270+00:00,node_3,6.351049,OK,minor,major,11.045090279156454,37.66708924811577
run_0077,22,2023-11-16T05:08:59.839141+00:00,node_1,11.751221,OK,minor,major,11.045090279156454,37.66708924811577
run_0077,22,2023-11-16T05:08:59.913164+00:00,node_2,10.372572,OK,minor,major,11.045090279156454,37.66708924811577
run_0077,22,2023-11-16T05:09:00.122211+00:00,node_3,6.630767,OK,minor,major,11.045090279156454,37.66708924811577
run_0077,23,2023-11-16T05:09:19.844095+00:00,node_1,11.680017,OK,minor,major,11.045090279156454,37.66708924811577
run_0077,23,2023-11-16T05:09:19.805825+00:00,node_2,10.39714,OK,minor,major,11.045090279156454,37.66708924811577
run_0077,23,2023-11-16T05:09:19.982309+00:00,node_3,6.52322,OK,minor,major,11.045090279156454,37.66708924811577
run_0077,24,2023-11-16T05:09:39.460027+00:00,node_1,10.286141,OK,minor,major,11.045090279156454,37.66708924811577
run_0077,24,2023-11-16T05:09:39.563610+00:00,node_2,9.365251,OK,minor,major,11.045090279156454,37.66708924811577
run_0077,24,2023-11-16T05:09:39.531433+00:00,node_3,5.729803,OK,minor,major,11.045090279156454,37.66708924811577
run_0077,25,2023-11-16T05:09:59.581375+00:00,node_1,9.971248,OK,minor,major,11.045090279156454,37.66708924811577
run_0077,25,2023-11-16T05:09:59.662629+00:00,node_2,9.079251,OK,minor,major,11.045090279156454,37.66708924811577
run_0077,25,2023-11-16T05:09:59.826830+00:00,node_3,5.880426,OK,minor,major,11.045090279156454,37.66708924811577
run_0077,26,2023-11-16T05:10:19.434351+00:00,node_1,10.339772,OK,minor,major,11.045090279156454,37.66708924811577
run_0077,26,2023-11-16T05:10:19.681939+00:00,node_2,9.372847,OK,minor,major,11.045090279156454,37.66708924811577
run_0077,26,2023-11-16T05:10:19.391201+00:00,node_3,5.912002,OK,minor,major,11.045090279156454,37.66708924811577
run_0077,27,2023-11-16T05:10:39.194749+00:00,node_1,10.370504,OK,minor,major,11.045090279156454,37.66708924811577
run_0077,27,2023-11-16T05:10:39.450801+00:00,node_2,9.219203,OK,minor,major,11.045090279156454,37.66708924811577
run_0077,27,2023-11-16T05:10:39.299546+00:00,node_3,5.648219,OK,minor,major,11.045090279156454,37.66708924811577
run_0077,28,2023-11-16T05:10:59.730411+00:00,node_1,10.3895,OK,minor,major,11.045090279156454,37.66708924811577
run_0077,28,2023-11-16T05:10:59.899255+00:00,node_2,9.16522,OK,minor,major,11.045090279156454,37.66708924811577
run_0077,28,2023-11-16T05:10:59.887847+00:00,node_3,5.807868,OK,minor,major,11.045090279156454,37.66708924811577
run_0077,29,2023-11-16T05:11:19.575448+00:00,node_1,10.161638,OK,minor,major,11.045090279156454,37.66708924811577
run_0077,29,2023-11-16T05:11:19.604790+00:00,node_2,9.338333,OK,minor,major,11.045090279156454,37.66708924811577
run_0077,29,2023-11-16T05:11:19.519583+00:00,node_3,5.815578,OK,minor,major,11.045090279156454,37.66708924811577
run_0077,30,2023-11-16T05:11:39.952161+00:00,node_1,10.473439,OK,minor,major,11.045090279156454,37.66708924811577
run_0077,30,2023-11-16T05:11:39.706743+00:00,node_2,9.181921,OK,minor,major,11.045090279156454,37.66708924811577
run_0077,30,2023-11-16T05:11:39.723126+00:00,node_3,5.653404,OK,minor,major,11.045090279156454,37.66708924811577
run_0077,31,2023-11-16T05:11:59.356003+00:00,node_1,9.910314,OK,normal,normal,0.0,0.0
run_0077,31,2023-11-16T05:11:59.308385+00:00,node_2,10.258973,OK,normal,normal,0.0,0.0
run_0077,31,2023-11-16T05:11:59.631539+00:00,node_3,10.298243,OK,normal,normal,0.0,0.0
run_0077,32,2023-11-16T05:12:19.660427+00:00,node_1,10.530552,OK,normal,normal,0.0,0.0
run_0077,32,2023-11-16T05:12:19.424047+00:00,node_2,10.112294,OK,normal,normal,0.0,0.0
run_0077,32,2023-11-16T05:12:19.502560+00:00,node_3,10.111547,OK,normal,normal,0.0,0.0
run_0077,33,2023-11-16T05:12:39.230757+00:00,node_1,10.458287,OK,normal,normal,0.0,0.0
run_0077,33,2023-11-16T05:12:39.417583+00:00,node_2,10.197607,OK,normal,normal,0.0,0.0
run_0077,33,2023-11-16T05:12:39.472012+00:00,node_3,10.506296,OK,normal,normal,0.0,0.0
run_0077,34,2023-11-16T05:12:59.159737+00:00,node_1,10.484478,OK,normal,normal,0.0,0.0
run_0077,34,2023-11-16T05:12:59.393496+00:00,node_2,10.209104,OK,normal,normal,0.0,0.0
run_0077,34,2023-11-16T05:12:58.999271+00:00,node_3,10.202474,OK,normal,normal,0.0,0.0
run_0077,35,2023-11-16T05:13:18.787529+00:00,node_1,10.531716,OK,normal,normal,0.0,0.0
run_0077,35,2023-11-16T05:13:19.008870+00:00,node_2,10.518538,OK,normal,normal,0.0,0.0
run_0077,35,2023-11-16T05:13:18.974366+00:00,node_3,10.770556,OK,normal,normal,0.0,0.0
run_0078,0,2023-11-16T05:25:39.964971+00:00,node_1,8.53103,OK,normal,normal,0.0,0.0
run_0078,0,2023-11-16T05:25:39.981988+00:00,node_2,8.546147,OK,normal,normal,0.0,0.0
run_0078,0,2023-11-16T05:25:39.930153+00:00,node_3,8.530769,OK,normal,normal,0.0,0.0
run_0078,1,2023-11-16T05:25:59.982612+00:00,node_1,8.578102,OK,normal,normal,0.0,0.0
run_0078,1,2023-11-16T05:25:59.860797+00:00,node_2,8.71771,OK,normal,normal,0.0,0.0
run_0078,1,2023-11-16T05:25:59.763941+00:00,node_3,8.837261,OK,normal,normal,0.0,0.0
run_0078,2,2023-11-16T05:26:19.728317+00:00,node_1,8.478756,OK,normal,normal,0.0,0.0
run_0078,2,2023-11-16T05:26:19.646790+00:00,node_2,8.62223,OK,normal,normal,0.0,0.0
run_0078,2,2023-11-16T05:26:19.588527+00:00,node_3,8.861776,OK,normal,normal,0.0,0.0
run_0078,3,2023-11-16T05:26:40.048749+00:00,node_1,8.810236,OK,normal,normal,0.0,0.0
run_0078,3,2023-11-16T05:26:39.907764+00:00,node_2,8.329171,OK,normal,normal,0.0,0.0
run_0078,3,2023-11-16T05:26:39.931264+00:00,node_3,8.343609,OK,normal,normal,0.0,0.0
run_0078,4,2023-11-16T05:27:00.095398+00:00,node_1,8.096483,OK,normal,normal,0.0,0.0
run_0078,4,2023-11-16T05:27:00.301067+00:00,node_2,8.648307,OK,normal,normal,0.0,0.0
run_0078,4,2023-11-16T05:27:00.228200+00:00,node_3,9.046071,OK,normal,normal,0.0,0.0
run_0078,5,2023-11-16T05:27:20.506150+00:00,node_1,8.550083,OK,major,normal,25.18974825459468,0
run_0078,5,2023-11-16T05:27:20.708697+00:00,node_2,6.386485,OK,major,normal,25.18974825459468,0
run_0078,5,2023-11-16T05:27:20.551126+00:00,node_3,6.6431,OK,major,normal,25.18974825459468,0
run_0078,6,2023-11-16T05:27:40.902222+00:00,node_1,8.722702,OK,major,normal,25.18974825459468,0
run_0078,6,2023-11-16T05:27:40.964423+00:00,node_2,6.542736,OK,major,normal,25.18974825459468,0
run_0078,6,2023-11-16T05:27:40.967446+00:00,node_3,6.654024,OK,major,normal,25.18974825459468,0
run_0078,7,2023-11-16T05:28:00.903800+00:00,node_1,8.620552,OK,major,normal,25.18974825459468,0
run_0078,7,2023-11-16T05:28:00.806230+00:00,node_2,6.461853,OK,major,normal,25.18974825459468,0
run_0078,7,2023-11-16T05:28:00.923884+00:00,node_3,6.524651,OK,major,normal,25.18974825459468,0
run_0078,8,2023-11-16T05:28:21.366077+00:00,node_1,8.604568,OK,major,normal,25.18974825459468,0
run_0078,8,2023-11-16T05:28:21.332693+00:00,node_2,6.464358,OK,major,normal,25.18974825459468,0
run_0078,8,2023-11-16T05:28:21.181037+00:00,node_3,6.483899,OK,major,normal,25.18974825459468,0
run_0078,9,2023-11-16T05:28:41.379073+00:00,node_1,8.605539,OK,major,normal,25.18974825459468,0
run_0078,9,2023-11-16T05:28:41.118227+00:00,node_2,6.504238,OK,major,normal,25.18974825459468,0
run_0078,9,2023-11-16T05:28:41.136079+00:00,node_3,6.468411,OK,major,normal,25.18974825459468,0
run_0078,10,2023-11-16T05:29:01.082912+00:00,node_1,8.343519,OK,major,normal,25.18974825459468,0
run_0078,10,2023-11-16T05:29:01.244328+00:00,node_2,6.25732,OK,major,normal,25.18974825459468,0
run_0078,10,2023-11-16T05:29:01.207416+00:00,node_3,6.254532,OK,major,normal,25.18974825459468,0
run_0078,11,2023-11-16T05:29:20.997344+00:00,node_1,8.798652,OK,major,normal,25.18974825459468,0
run_0078,11,2023-11-16T05:29:20.836907+00:00,node_2,6.42922,OK,major,normal,25.18974825459468,0
run_0078,11,2023-11-16T05:29:21.109177+00:00,node_3,6.449041,OK,major,normal,25.18974825459468,0
run_0078,12,2023-11-16T05:29:41.159782+00:00,node_1,9.043249,OK,major,normal,25.18974825459468,0
run_0078,12,2023-11-16T05:29:40.856025+00:00,node_2,6.905259,OK,major,normal,25.18974825459468,0
run_0078,12,2023-11-16T05:29:40.919764+00:00,node_3,6.867679,OK,major,normal,25.18974825459468,0
run_0078,13,2023-11-16T05:30:00.593818+00:00,node_1,9.272712,OK,major,normal,25.18974825459468,0
run_0078,13,2023-11-16T05:30:00.640314+00:00,node_2,6.772144,OK,major,normal,25.18974825459468,0
run_0078,13,2023-11-16T05:30:00.627545+00:00,node_3,7.18986,OK,major,normal,25.18974825459468,0
run_0078,14,2023-11-16T05:30:21.017603+00:00,node_1,9.256432,OK,major,normal,25.18974825459468,0
run_0078,14,2023-11-16T05:30:20.876518+00:00,node_2,6.903544,OK,major,normal,25.18974825459468,0
run_0078,14,2023-11-16T05:30:21.002169+00:00,node_3,6.980598,OK,major,normal,25.18974825459468,0
run_0078,15,2023-11-16T05:30:40.791174+00:00,node_1,9.230743,OK,major,normal,25.18974825459468,0
run_0078,15,2023-11-16T05:30:41.025892+00:00,node_2,6.46232,OK,major,normal,25.18974825459468,0
run_0078,15,2023-11-16T05:30:40.781763+00:00,node_3,6.859557,OK,major,normal,25.18974825459468,0
run_0078,16,2023-11-16T05:31:01.032833+00:00,node_1,9.412135,OK,major,normal,25.18974825459468,0
run_0078,16,2023-11-16T05:31:01.004070+00:00,node_2,6.619038,OK,major,normal,25.18974825459468,0
run_0078,16,2023-11-16T05:31:00.951863+00:00,node_3,6.757473,OK,major,normal,25.18974825459468,0
run_0078,17,2023-11-16T05:31:20.996690+00:00,node_1,9.167562,OK,major,normal,25.18974825459468,0
run_0078,17,2023-11-16T05:31:21.208305+00:00,node_2,7.048289,OK,major,normal,25.18974825459468,0
run_0078,17,2023-11-16T05:31:20.952240+00:00,node_3,6.69527,OK,major,normal,25.18974825459468,0
run_0078,18,2023-11-16T05:31:41.175469+00:00,node_1,9.289708,OK,major,normal,25.18974825459468,0
run_0078,18,2023-11-16T05:31:40.976670+00:00,node_2,7.040267,OK,major,normal,25.18974825459468,0
run_0078,18,2023-11-16T05:31:41.151342+00:00,node_3,6.652132,OK,major,normal,25.18974825459468,0
run_0078,19,2023-11-16T05:32:00.957601+00:00,node_1,9.165369,OK,major,normal,25.18974825459468,0
run_0078,19,2023-11-16T05:32:01.015034+00:00,node_2,7.187481,OK,major,normal,25.18974825459468,0
run_0078,19,2023-11-16T05:32:01.153200+00:00,node_3,6.826423,OK,major,normal,25.18974825459468,0
run_0078,20,2023-11-16T05:32:21.202982+00:00,node_1,9.360118,OK,major,normal,25.18974825459468,0
run_0078,20,2023-11-16T05:32:21.134059+00:00,node_2,6.930497,OK,major,normal,25.18974825459468,0
run_0078,20,2023-11-16T05:32:21.074946+00:00,node_3,6.81373,OK,major,normal,25.18974825459468,0
run_0078,21,2023-11-16T05:32:41.129335+00:00,node_1,9.465983,OK,major,normal,25.18974825459468,0
run_0078,21,2023-11-16T05:32:40.906904+00:00,node_2,6.830092,OK,major,normal,25.18974825459468,0
run_0078,21,2023-11-16T05:32:41.060951+00:00,node_3,6.65001,OK,major,normal,25.18974825459468,0
run_0078,22,2023-11-16T05:33:00.660550+00:00,node_1,9.188584,OK,major,normal,25.18974825459468,0
run_0078,22,2023-11-16T05:33:00.822237+00:00,node_2,6.79007,OK,major,normal,25.18974825459468,0
run_0078,22,2023-11-16T05:33:00.742225+00:00,node_3,6.854151,OK,major,normal,25.18974825459468,0
run_0078,23,2023-11-16T05:33:20.465271+00:00,node_1,9.072654,OK,major,normal,25.18974825459468,0
run_0078,23,2023-11-16T05:33:20.463746+00:00,node_2,6.965999,OK,major,normal,25.18974825459468,0
run_0078,23,2023-11-16T05:33:20.493466+00:00,node_3,6.970629,OK,major,normal,25.18974825459468,0
run_0078,24,2023-11-16T05:33:40.550751+00:00,node_1,8.936596,OK,major,normal,25.18974825459468,0
run_0078,24,2023-11-16T05:33:40.725346+00:00,node_2,6.709805,OK,major,normal,25.18974825459468,0
run_0078,24,2023-11-16T05:33:40.721001+00:00,node_3,6.593343,OK,major,normal,25.18974825459468,0
run_0078,25,2023-11-16T05:34:00.380242+00:00,node_1,8.794197,OK,major,normal,25.18974825459468,0
run_0078,25,2023-11-16T05:34:00.107189+00:00,node_2,6.504094,OK,major,normal,25.18974825459468,0
run_0078,25,2023-11-16T05:34:00.347740+00:00,node_3,6.42675,OK,major,normal,25.18974825459468,0
run_0078,26,2023-11-16T05:34:20.209749+00:00,node_1,8.841609,OK,major,normal,25.18974825459468,0
run_0078,26,2023-11-16T05:34:20.158906+00:00,node_2,6.827509,OK,major,normal,25.18974825459468,0
run_0078,26,2023-11-16T05:34:19.869438+00:00,node_3,6.560285,OK,major,normal,25.18974825459468,0
run_0078,27,2023-11-16T05:34:40.380960+00:00,node_1,8.952752,OK,major,normal,25.18974825459468,0
run_0078,27,2023-11-16T05:34:40.541111+00:00,node_2,6.860654,OK,major,normal,25.18974825459468,0
run_0078,27,2023-11-16T05:34:40.312026+00:00,node_3,6.678839,OK,major,normal,25.18974825459468,0
run_0078,28,2023-11-16T05:35:00.579746+00:00,node_1,8.89951,OK,major,normal,25.18974825459468,0
run_0078,28,2023-11-16T05:35:00.500968+00:00,node_2,6.608727,OK,major,normal,25.18974825459468,0
run_0078,28,2023-11-16T05:35:00.592108+00:00,node_3,6.658447,OK,major,normal,25.18974825459468,0
run_0078,29,2023-11-16T05:35:20.774528+00:00,node_1,8.931865,OK,major,normal,25.18974825459468,0
run_0078,29,2023-11-16T05:35:20.739746+00:00,node_2,6.516729,OK,major,normal,25.18974825459468,0
run_0078,29,2023-11-16T05:35:20.699762+00:00,node_3,6.797738,OK,major,normal,25.18974825459468,0
run_0078,30,2023-11-16T05:35:41.018338+00:00,node_1,8.744008,OK,major,normal,25.18974825459468,0
run_0078,30,2023-11-16T05:35:41.023168+00:00,node_2,6.578267,OK,major,normal,25.18974825459468,0
run_0078,30,2023-11-16T05:35:40.735931+00:00,node_3,6.770181,OK,major,normal,25.18974825459468,0
run_0078,31,2023-11-16T05:36:00.828416+00:00,node_1,8.654095,OK,normal,normal,0.0,0.0
run_0078,31,2023-11-16T05:36:00.659471+00:00,node_2,8.95726,OK,normal,normal,0.0,0.0
run_0078,31,2023-11-16T05:36:00.490673+00:00,node_3,8.578118,OK,normal,normal,0.0,0.0
run_0078,32,2023-11-16T05:36:20.203445+00:00,node_1,9.220815,OK,normal,normal,0.0,0.0
run_0078,32,2023-11-16T05:36:20.499362+00:00,node_2,9.169917,OK,normal,normal,0.0,0.0
run_0078,32,2023-11-16T05:36:20.430842+00:00,node_3,8.712825,OK,normal,normal,0.0,0.0
run_0078,33,2023-11-16T05:36:40.312299+00:00,node_1,8.857679,OK,normal,normal,0.0,0.0
run_0078,33,2023-11-16T05:36:40.374475+00:00,node_2,8.894091,OK,normal,normal,0.0,0.0
run_0078,33,2023-11-16T05:36:40.239057+00:00,node_3,9.365846,OK,normal,normal,0.0,0.0
run_0078,34,2023-11-16T05:37:00.589913+00:00,node_1,8.940481,OK,normal,normal,0.0,0.0
run_0078,34,2023-11-16T05:37:00.425964+00:00,node_2,9.202409,OK,normal,normal,0.0,0.0
run_0078,34,2023-11-16T05:37:00.750335+00:00,node_3,8.940988,OK,normal,normal,0.0,0.0
run_0078,35,2023-11-16T05:37:20.646871+00:00,node_1,8.987208,OK,normal,normal,0.0,0.0
run_0078,35,2023-11-16T05:37:20.732344+00:00,node_2,8.814346,OK,normal,normal,0.0,0.0
run_0078,35,2023-11-16T05:37:20.647662+00:00,node_3,8.710397,OK,normal,normal,0.0,0.0
run_0079,0,2023-11-16T05:49:40.474374+00:00,node_1,8.052665,OK,normal,normal,0.0,0.0
run_0079,0,2023-11-16T05:49:40.246526+00:00,node_2,8.481971,OK,normal,normal,0.0,0.0
run_0079,0,2023-11-16T05:49:40.436950+00:00,node_3,8.275042,OK,normal,normal,0.0,0.0
run_0079,1,2023-11-16T05:50:00.485235+00:00,node_1,8.256923,OK,normal,normal,0.0,0.0
run_0079,1,2023-11-16T05:50:00.755175+00:00,node_2,8.420385,OK,normal,normal,0.0,0.0
run_0079,1,2023-11-16T05:50:00.399541+00:00,node_3,8.265577,OK,normal,normal,0.0,0.0
run_0079,2,2023-11-16T05:50:20.275878+00:00,node_1,8.186829,OK,normal,normal,0.0,0.0
run_0079,2,2023-11-16T05:50:20.362170+00:00,node_2,8.146186,OK,normal,normal,0.0,0.0
run_0079,2,2023-11-16T05:50:20.369193+00:00,node_3,7.905158,OK,normal,normal,0.0,0.0
run_0079,3,2023-11-16T05:50:39.943381+00:00,node_1,8.027303,OK,normal,normal,0.0,0.0
run_0079,3,2023-11-16T05:50:40.025113+00:00,node_2,7.928629,OK,normal,normal,0.0,0.0
run_0079,3,2023-11-16T05:50:39.748101+00:00,node_3,8.144078,OK,normal,normal,0.0,0.0
run_0079,4,2023-11-16T05:50:59.646812+00:00,node_1,8.175435,OK,normal,normal,0.0,0.0
run_0079,4,2023-11-16T05:50:59.895487+00:00,node_2,8.327387,OK,normal,normal,0.0,0.0
run_0079,4,2023-11-16T05:50:59.674009+00:00,node_3,8.237206,OK,normal,normal,0.0,0.0
run_0079,5,2023-11-16T05:51:19.941442+00:00,node_1,8.004268,OK,major,minor,46.917702055718976,10.993939648053107
run_0079,5,2023-11-16T05:51:19.774616+00:00,node_2,4.408667,OK,major,minor,46.917702055718976,10.993939648053107
run_0079,5,2023-11-16T05:51:19.811837+00:00,node_3,3.905001,OK,major,minor,46.917702055718976,10.993939648053107
run_0079,6,2023-11-16T05:51:39.793281+00:00,node_1,8.032681,OK,major,minor,46.917702055718976,10.993939648053107
run_0079,6,2023-11-16T05:51:39.750022+00:00,node_2,4.487086,OK,major,minor,46.917702055718976,10.993939648053107
run_0079,6,2023-11-16T05:51:39.670599+00:00,node_3,3.834206,OK,major,minor,46.917702055718976,10.993939648053107
run_0079,7,2023-11-16T05:51:59.549281+00:00,node_1,8.364555,OK,major,minor,46.917702055718976,10.993939648053107
run_0079,7,2023-11-16T05:51:59.739817+00:00,node_2,4.359855,OK,major,minor,46.917702055718976,10.993939648053107
run_0079,7,2023-11-16T05:51:59.383841+00:00,node_3,3.915831,OK,major,minor,46.917702055718976,10.993939648053107
run_0079,8,2023-11-16T05:52:19.841741+00:00,node_1,7.868108,OK,major,minor,46.917702055718976,10.993939648053107
run_0079,8,2023-11-16T05:52:19.938157+00:00,node_2,4.223143,OK,major,minor,46.917702055718976,10.993939648053107
run_0079,8,2023-11-16T05:52:19.761504+00:00,node_3,3.777388,OK,major,minor,46.917702055718976,10.993939648053107
run_0079,9,2023-11-16T05:52:40.047586+00:00,node_1,8.080004,OK,major,minor,46.917702055718976,10.993939648053107
run_0079,9,2023-11-16T05:52:40.048147+00:00,node_2,4.116476,OK,major,minor,46.917702055718976,10.993939648053107
run_0079,9,2023-11-16T05:52:40.010162+00:00,node_3,3.965199,OK,major,minor,46.917702055718976,10.993939648053107
run_0079,10,2023-11-16T05:52:59.663506+00:00,node_1,7.850541,OK,major,minor,46.917702055718976,10.993939648053107
run_0079,10,2023-11-16T05:52:59.717880+00:00,node_2,4.178513,OK,major,minor,46.917702055718976,10.993939648053107
run_0079,10,2023-11-16T05:52:59.774952+00:00,node_3,3.89135,OK,major,minor,46.917702055718976,10.993939648053107
run_0079,11,2023-11-16T05:53:19.524985+00:00,node_1,8.319748,OK,major,minor,46.917702055718976,10.993939648053107
run_0079,11,2023-11-16T05:53:19.628835+00:00,node_2,4.426475,OK,major,minor,46.917702055718976,10.993939648053107
run_0079,11,2023-11-16T05:53:19.320170+00:00,node_3,3.840324,OK,major,minor,46.917702055718976,10.993939648053107
run_0079,12,2023-11-16T05:53:39.157684+00:00,node_1,9.264976,OK,major,minor,46.917702055718976,10.993939648053107
run_0079,12,2023-11-16T05:53:39.136738+00:00,node_2,4.930618,OK,major,minor,46.917702055718976,10.993939648053107
run_0079,12,2023-11-16T05:53:39.134790+00:00,node_3,4.452772,OK,major,minor,46.917702055718976,10.993939648053107
run_0079,13,2023-11-16T05:53:59.088609+00:00,node_1,9.679746,OK,major,minor,46.917702055718976,10.993939648053107
run_0079,13,2023-11-16T05:53:58.935582+00:00,node_2,4.94386,OK,major,minor,46.917702055718976,10.993939648053107
run_0079,13,2023-11-16T05:53:59.044207+00:00,node_3,4.467399,OK,major,minor,46.917702055718976,10.993939648053107
run_0079,14,2023-11-16T05:54:18.589895+00:00,node_1,9.314656,OK,major,minor,46.917702055718976,10.993939648053107
run_0079,14,2023-11-16T05:54:18.671606+00:00,node_2,5.212608,OK,major,minor,46.917702055718976,10.993939648053107
run_0079,14,2023-11-16T05:54:18.562909+00:00,node_3,4.544035,OK,major,minor,46.917702055718976,10.993939648053107
run_0079,15,2023-11-16T05:54:38.479300+00:00,node_1,9.249273,OK,major,minor,46.917702055718976,10.993939648053107
run_0079,15,2023-11-16T05:54:38.398677+00:00,node_2,5.050899,OK,major,minor,46.917702055718976,10.993939648053107
run_0079,15,2023-11-16T05:54:38.711571+00:00,node_3,4.293508,OK,major,minor,46.917702055718976,10.993939648053107
run_0079,16,2023-11-16T05:54:58.340379+00:00,node_1,9.760835,OK,major,minor,46.917702055718976,10.993939648053107
run_0079,16,2023-11-16T05:54:58.492941+00:00,node_2,5.059944,OK,major,minor,46.917702055718976,10.993939648053107
run_0079,16,2023-11-16T05:54:58.527811+00:00,node_3,4.405073,OK,major,minor,46.917702055718976,10.993939648053107
run_0079,17,2023-11-16T05:55:18.368369+00:00,node_1,9.532425,OK,major,minor,46.917702055718976,10.993939648053107
run_0079,17,2023-11-16T05:55:18.422823+00:00,node_2,5.1343,OK,major,minor,46.917702055718976,10.993939648053107
run_0079,17,2023-11-16T05:55:18.221155+00:00,node_3,4.525259,OK,major,minor,46.917702055718976,10.993939648053107
run_0079,18,2023-11-16T05:55:38.234284+00:00,node_1,9.524198,OK,major,minor,46.917702055718976,10.993939648053107
run_0079,18,2023-11-16T05:55:38.278874+00:00,node_2,4.979118,OK,major,minor,46.917702055718976,10.993939648053107
run_0079,18,2023-11-16T05:55:38.126836+00:00,node_3,4.499321,OK,major,minor,46.917702055718976,10.993939648053107
run_0079,19,2023-11-16T05:55:58.301158+00:00,node_1,9.348193,OK,major,minor,46.917702055718976,10.993939648053107
run_0079,19,2023-11-16T05:55:58.053714+00:00,node_2,4.850773,OK,major,minor,46.917702055718976,10.993939648053107
run_0079,19,2023-11-16T05:55:58.310222+00:00,node_3,4.297828,OK,major,minor,46.917702055718976,10.993939648053107
run_0079,20,2023-11-16T05:56:18.427556+00:00,node_1,9.399694,OK,major,minor,46.917702055718976,10.993939648053107
run_0079,20,2023-11-16T05:56:18.286280+00:00,node_2,5.295471,OK,major,minor,46.917702055718976,10.993939648053107
run_0079,20,2023-11-16T05:56:18.591427+00:00,node_3,4.412612,OK,major,minor,46.917702055718976,10.993939648053107
run_0079,21,2023-11-16T05:56:38.533904+00:00,node_1,9.4992,OK,major,minor,46.917702055718976,10.993939648053107
run_0079,21,2023-11-16T05:56:38.320277+00:00,node_2,4.905032,OK,major,minor,46.917702055718976,10.993939648053107
run_0079,21,2023-11-16T05:56:38.553002+00:00,node_3,4.315665,OK,major,minor,46.917702055718976,10.993939648053107
run_0079,22,2023-11-16T05:56:57.919365+00:00,node_1,9.407203,OK,major,minor,46.917702055718976,10.993939648053107
run_0079,22,2023-11-16T05:56:58.001555+00:00,node_2,5.086002,OK,major,minor,46.917702055718976,10.993939648053107
run_0079,22,2023-11-16T05:56:57.967477+00:00,node_3,4.335101,OK,major,minor,46.917702055718976,10.993939648053107
run_0079,23,2023-11-16T05:57:18.415925+00:00,node_1,9.305084,OK,major,minor,46.917702055718976,10.993939648053107
run_0079,23,2023-11-16T05:57:18.369707+00:00,node_2,4.87347,OK,major,minor,46.917702055718976,10.993939648053107
run_0079,23,2023-11-16T05:57:18.306896+00:00,node_3,4.516277,OK,major,minor,46.917702055718976,10.993939648053107
run_0079,24,2023-11-16T05:57:38.301310+00:00,node_1,9.485132,OK,major,minor,46.917702055718976,10.993939648053107
run_0079,24,2023-11-16T05:57:38.258971+00:00,node_2,5.469732,OK,major,minor,46.917702055718976,10.993939648053107
run_0079,24,2023-11-16T05:57:38.220855+00:00,node_3,4.563468,OK,major,minor,46.917702055718976,10.993939648053107
run_0079,25,2023-11-16T05:57:58.141419+00:00,node_1,10.003759,OK,major,minor,46.917702055718976,10.993939648053107
run_0079,25,2023-11-16T05:57:58.149722+00:00,node_2,5.244327,OK,major,minor,46.917702055718976,10.993939648053107
run_0079,25,2023-11-16T05:57:58.086016+00:00,node_3,4.56041,OK,major,minor,46.917702055718976,10.993939648053107
run_0079,26,2023-11-16T05:58:18.395300+00:00,node_1,9.654988,OK,major,minor,46.917702055718976,10.993939648053107
run_0079,26,2023-11-16T05:58:18.059854+00:00,node_2,5.322411,OK,major,minor,46.917702055718976,10.993939648053107
run_0079,26,2023-11-16T05:58:18.299420+00:00,node_3,4.833291,OK,major,minor,46.917702055718976,10.993939648053107
run_0079,27,2023-11-16T05:58:38.059359+00:00,node_1,10.227833,OK,major,minor,46.917702055718976,10.993939648053107
run_0079,27,2023-11-16T05:58:38.219599+00:00,node_2,5.399122,OK,major,minor,46.917702055718976,10.993939648053107
run_0079,27,2023-11-16T05:58:38.092551+00:00,node_3,4.821035,OK,major,minor,46.917702055718976,10.993939648053107
run_0079,28,2023-11-16T05:58:58.243924+00:00,node_1,9.402377,OK,major,minor,46.917702055718976,10.993939648053107
run_0079,28,2023-11-16T05:58:58.475100+00:00,node_2,5.280153,OK,major,minor,46.917702055718976,10.993939648053107
run_0079,28,2023-11-16T05:58:58.268555+00:00,node_3,4.531229,OK,major,minor,46.917702055718976,10.993939648053107
run_0079,29,2023-11-16T05:59:18.547330+00:00,node_1,9.870004,OK,major,minor,46.917702055718976,10.993939648053107
run_0079,29,2023-11-16T05:59:18.290045+00:00,node_2,5.194613,OK,major,minor,46.917702055718976,10.993939648053107
run_0079,29,2023-11-16T05:59:18.315625+00:00,node_3,4.700913,OK,major,minor,46.917702055718976,10.993939648053107
run_0079,30,2023-11-16T05:59:38.627440+00:00,node_1,9.760436,OK,major,minor,46.917702055718976,10.993939648053107
run_0079,30,2023-11-16T05:59:38.302764+00:00,node_2,5.17347,OK,major,minor,46.917702055718976,10.993939648053107
run_0079,30,2023-11-16T05:59:38.291988+00:00,node_3,4.812216,OK,major,minor,46.917702055718976,10.993939648053107
run_0079,31,2023-11-16T05:59:58.443655+00:00,node_1,9.795355,OK,normal,normal,0.0,0.0
run_0079,31,2023-11-16T05:59:58.655573+00:00,node_2,10.16972,OK,normal,normal,0.0,0.0
run_0079,31,2023-11-16T05:59:58.718470+00:00,node_3,10.011144,OK,normal,normal,0.0,0.0
run_0079,32,2023-11-16T06:00:18.806052+00:00,node_1,9.566271,OK,normal,normal,0.0,0.0
run_0079,32,2023-11-16T06:00:18.648226+00:00,node_2,10.285539,OK,normal,normal,0.0,0.0
run_0079,32,2023-11-16T06:00:18.694360+00:00,node_3,9.654157,OK,normal,normal,0.0,0.0
run_0079,33,2023-11-16T06:00:38.930755+00:00,node_1,9.660478,OK,normal,normal,0.0,0.0
run_0079,33,2023-11-16T06:00:38.801165+00:00,node_2,9.830813,OK,normal,normal,0.0,0.0
run_0079,33,2023-11-16T06:00:38.761780+00:00,node_3,9.848927,OK,normal,normal,0.0,0.0
run_0079,34,2023-11-16T06:00:58.604513+00:00,node_1,10.000836,OK,normal,normal,0.0,0.0
run_0079,34,2023-11-16T06:00:58.499443+00:00,node_2,9.715364,OK,normal,normal,0.0,0.0
run_0079,34,2023-11-16T06:00:58.587240+00:00,node_3,9.909724,OK,normal,normal,0.0,0.0
run_0079,35,2023-11-16T06:01:18.739676+00:00,node_1,9.971172,OK,normal,normal,0.0,0.0
run_0079,35,2023-11-16T06:01:18.586979+00:00,node_2,10.460768,OK,normal,normal,0.0,0.0
run_0079,35,2023-11-16T06:01:18.444521+00:00,node_3,10.26902,OK,normal,normal,0.0,0.0
run_0080,0,2023-11-16T06:13:40.006496+00:00,node_1,9.98635,OK,normal,normal,0.0,0.0
run_0080,0,2023-11-16T06:13:39.612141+00:00,node_2,10.138501,OK,normal,normal,0.0,0.0
run_0080,0,2023-11-16T06:13:39.935433+00:00,node_3,10.218974,OK,normal,normal,0.0,0.0
run_0080,1,2023-11-16T06:13:59.770777+00:00,node_1,9.866591,OK,normal,normal,0.0,0.0
run_0080,1,2023-11-16T06:13:59.884138+00:00,node_2,10.088472,OK,normal,normal,0.0,0.0
run_0080,1,2023-11-16T06:14:00.060974+00:00,node_3,10.151462,OK,normal,normal,0.0,0.0
run_0080,2,2023-11-16T06:14:20.218180+00:00,node_1,10.381512,OK,normal,normal,0.0,0.0
run_0080,2,2023-11-16T06:14:20.051686+00:00,node_2,10.040597,OK,normal,normal,0.0,0.0
run_0080,2,2023-11-16T06:14:20.345354+00:00,node_3,10.203018,OK,normal,normal,0.0,0.0
run_0080,3,2023-11-16T06:14:40.266548+00:00,node_1,9.848281,OK,normal,normal,0.0,0.0
run_0080,3,2023-11-16T06:14:40.008693+00:00,node_2,10.046345,OK,normal,normal,0.0,0.0
run_0080,3,2023-11-16T06:14:40.274345+00:00,node_3,9.936387,OK,normal,normal,0.0,0.0
run_0080,4,2023-11-16T06:15:00.476025+00:00,node_1,10.112905,OK,normal,normal,0.0,0.0
run_0080,4,2023-11-16T06:15:00.196063+00:00,node_2,10.264419,OK,normal,normal,0.0,0.0
run_0080,4,2023-11-16T06:15:00.553747+00:00,node_3,10.049731,OK,normal,normal,0.0,0.0
run_0080,5,2023-11-16T06:15:20.164711+00:00,node_1,10.205732,OK,major,major,37.961191896719306,32.75944858656179
run_0080,5,2023-11-16T06:15:20.013756+00:00,node_2,6.267424,OK,major,major,37.961191896719306,32.75944858656179
run_0080,5,2023-11-16T06:15:19.881992+00:00,node_3,4.212536,OK,major,major,37.961191896719306,32.75944858656179
run_0080,6,2023-11-16T06:15:39.651928+00:00,node_1,10.133619,OK,major,major,37.961191896719306,32.75944858656179
run_0080,6,2023-11-16T06:15:39.832209+00:00,node_2,6.512664,OK,major,major,37.961191896719306,32.75944858656179
run_0080,6,2023-11-16T06:15:39.531507+00:00,node_3,4.295806,OK,major,major,37.961191896719306,32.75944858656179
run_0080,7,2023-11-16T06:15:59.950779+00:00,node_1,10.341505,OK,major,major,37.961191896719306,32.75944858656179
run_0080,7,2023-11-16T06:15:59.871643+00:00,node_2,6.225065,OK,major,major,37.961191896719306,32.75944858656179
run_0080,7,2023-11-16T06:15:59.847121+00:00,node_3,4.185766,OK,major,major,37.961191896719306,32.75944858656179
run_0080,8,2023-11-16T06:16:19.635901+00:00,node_1,10.10602,OK,major,major,37.961191896719306,32.75944858656179
run_0080,8,2023-11-16T06:16:19.690684+00:00,node_2,6.299316,OK,major,major,37.961191896719306,32.75944858656179
run_0080,8,2023-11-16T06:16:19.540122+00:00,node_3,4.274059,OK,major,major,37.961191896719306,32.75944858656179
run_0080,9,2023-11-16T06:16:39.733900+00:00,node_1,9.936786,OK,major,major,37.961191896719306,32.75944858656179
run_0080,9,2023-11-16T06:16:39.663666+00:00,node_2,6.310655,OK,major,major,37.961191896719306,32.75944858656179
run_0080,9,2023-11-16T06:16:39.617555+00:00,node_3,4.237866,OK,major,major,37.961191896719306,32.75944858656179
run_0080,10,2023-11-16T06:16:59.409862+00:00,node_1,10.23754,OK,major,major,37.961191896719306,32.75944858656179
run_0080,10,2023-11-16T06:16:59.391196+00:00,node_2,6.167547,OK,major,major,37.961191896719306,32.75944858656179
run_0080,10,2023-11-16T06:16:59.471822+00:00,node_3,4.296963,OK,major,major,37.961191896719306,32.75944858656179
run_0080,11,2023-11-16T06:17:18.921079+00:00,node_1,10.378841,OK,major,major,37.961191896719306,32.75944858656179
run_0080,11,2023-11-16T06:17:18.906153+00:00,node_2,6.468512,OK,major,major,37.961191896719306,32.75944858656179
run_0080,11,2023-11-16T06:17:19.031159+00:00,node_3,3.9378,OK,major,major,37.961191896719306,32.75944858656179
run_0080,12,2023-11-16T06:17:39.275210+00:00,node_1,8.740321,OK,major,major,37.961191896719306,32.75944858656179
run_0080,12,2023-11-16T06:17:39.172267+00:00,node_2,5.259389,OK,major,major,37.961191896719306,32.75944858656179
run_0080,12,2023-11-16T06:17:39.177896+00:00,node_3,3.751484,OK,major,major,37.961191896719306,32.75944858656179
run_0080,13,2023-11-16T06:17:59.157550+00:00,node_1,9.086088,OK,major,major,37.961191896719306,32.75944858656179
run_0080,13,2023-11-16T06:17:58.931452+00:00,node_2,5.514461,OK,major,major,37.961191896719306,32.75944858656179
run_0080,13,2023-11-16T06:17:58.855688+00:00,node_3,3.657689,OK,major,major,37.961191896719306,32.75944858656179
run_0080,14,2023-11-16T06:18:19.173047+00:00,node_1,8.69143,OK,major,major,37.961191896719306,32.75944858656179
run_0080,14,2023-11-16T06:18:19.355863+00:00,node_2,5.466497,OK,major,major,37.961191896719306,32.75944858656179
run_0080,14,2023-11-16T06:18:19.353108+00:00,node_3,3.601075,OK,major,major,37.961191896719306,32.75944858656179
run_0080,15,2023-11-16T06:18:39.802846+00:00,node_1,8.78237,OK,major,major,37.961191896719306,32.75944858656179
run_0080,15,2023-11-16T06:18:39.779150+00:00,node_2,5.537426,OK,major,major,37.961191896719306,32.75944858656179
run_0080,15,2023-11-16T06:18:39.541651+00:00,node_3,3.713462,OK,major,major,37.961191896719306,32.75944858656179
run_0080,16,2023-11-16T06:19:00.062343+00:00,node_1,8.883761,OK,major,major,37.961191896719306,32.75944858656179
run_0080,16,2023-11-16T06:19:00.058319+00:00,node_2,5.414583,OK,major,major,37.961191896719306,32.75944858656179
run_0080,16,2023-11-16T06:19:00.148062+00:00,node_3,3.674795,OK,major,major,37.961191896719306,32.75944858656179
run_0080,17,2023-11-16T06:19:20.091035+00:00,node_1,9.278629,OK,major,major,37.961191896719306,32.75944858656179
run_0080,17,2023-11-16T06:19:20.196269+00:00,node_2,5.592904,OK,major,major,37.961191896719306,32.75944858656179
run_0080,17,2023-11-16T06:19:20.228165+00:00,node_3,3.773812,OK,major,major,37.961191896719306,32.75944858656179
run_0080,18,2023-11-16T06:19:40.253066+00:00,node_1,8.974693,OK,major,major,37.961191896719306,32.75944858656179
run_0080,18,2023-11-16T06:19:40.333249+00:00,node_2,5.513622,OK,major,major,37.961191896719306,32.75944858656179
run_0080,18,2023-11-16T06:19:40.501989+00:00,node_3,3.691858,OK,major,major,37.961191896719306,32.75944858656179
run_0080,19,2023-11-16T06:20:00.180778+00:00,node_1,8.702571,OK,major,major,37.961191896719306,32.75944858656179
run_0080,19,2023-11-16T06:19:59.910656+00:00,node_2,5.370986,OK,major,major,37.961191896719306,32.75944858656179
run_0080,19,2023-11-16T06:20:00.026960+00:00,node_3,3.457544,OK,major,major,37.961191896719306,32.75944858656179
run_0080,20,2023-11-16T06:20:20.019841+00:00,node_1,8.676171,OK,major,major,37.961191896719306,32.75944858656179
run_0080,20,2023-11-16T06:20:20.169481+00:00,node_2,5.433986,OK,major,major,37.961191896719306,32.75944858656179
run_0080,20,2023-11-16T06:20:20.038289+00:00,node_3,3.782168,OK,major,major,37.961191896719306,32.75944858656179
run_0080,21,2023-11-16T06:20:39.954099+00:00,node_1,8.681852,OK,major,major,37.961191896719306,32.75944858656179
run_0080,21,2023-11-16T06:20:40.058362+00:00,node_2,5.383432,OK,major,major,37.961191896719306,32.75944858656179
run_0080,21,2023-11-16T06:20:40.219381+00:00,node_3,3.640438,OK,major,major,37.961191896719306,32.75944858656179
run_0080,22,2023-11-16T06:21:00.228688+00:00,node_1,9.170972,OK,major,major,37.961191896719306,32.75944858656179
run_0080,22,2023-11-16T06:21:00.170588+00:00,node_2,5.534989,OK,major,major,37.961191896719306,32.75944858656179
run_0080,22,2023-11-16T06:20:59.905050+00:00,node_3,3.632907,OK,major,major,37.961191896719306,32.75944858656179
run_0080,23,2023-11-16T06:21:20.452170+00:00,node_1,8.94098,OK,major,major,37.961191896719306,32.75944858656179
run_0080,23,2023-11-16T06:21:20.274715+00:00,node_2,5.209393,OK,major,major,37.961191896719306,32.75944858656179
run_0080,23,2023-11-16T06:21:20.601992+00:00,node_3,3.577193,OK,major,major,37.961191896719306,32.75944858656179
run_0080,24,2023-11-16T06:21:40.722614+00:00,node_1,11.553404,OK,major,major,37.961191896719306,32.75944858656179
run_0080,24,2023-11-16T06:21:40.900261+00:00,node_2,7.161683,OK,major,major,37.961191896719306,32.75944858656179
run_0080,24,2023-11-16T06:21:40.719696+00:00,node_3,4.783867,OK,major,major,37.961191896719306,32.75944858656179
run_0080,25,2023-11-16T06:22:00.158400+00:00,node_1,11.371437,OK,major,major,37.961191896719306,32.75944858656179
run_0080,25,2023-11-16T06:22:00.248873+00:00,node_2,7.116792,OK,major,major,37.961191896719306,32.75944858656179
run_0080,25,2023-11-16T06:22:00.422568+00:00,node_3,4.724169,OK,major,major,37.961191896719306,32.75944858656179
run_0080,26,2023-11-16T06:22:20.241320+00:00,node_1,11.465417,OK,major,major,37.961191896719306,32.75944858656179
run_0080,26,2023-11-16T06:22:19.905639+00:00,node_2,7.061814,OK,major,major,37.961191896719306,32.75944858656179
run_0080,26,2023-11-16T06:22:19.978889+00:00,node_3,4.885011,OK,major,major,37.961191896719306,32.75944858656179
run_0080,27,2023-11-16T06:22:39.548448+00:00,node_1,11.630577,OK,major,major,37.961191896719306,32.75944858656179
run_0080,27,2023-11-16T06:22:39.752499+00:00,node_2,7.116027,OK,major,major,37.961191896719306,32.75944858656179
run_0080,27,2023-11-16T06:22:39.524574+00:00,node_3,4.723778,OK,major,major,37.961191896719306,32.75944858656179
run_0080,28,2023-11-16T06:22:59.614887+00:00,node_1,11.442535,OK,major,major,37.961191896719306,32.75944858656179
run_0080,28,2023-11-16T06:22:59.665392+00:00,node_2,6.777248,OK,major,major,37.961191896719306,32.75944858656179
run_0080,28,2023-11-16T06:22:59.762043+00:00,node_3,4.661306,OK,major,major,37.961191896719306,32.75944858656179
run_0080,29,2023-11-16T06:23:19.720888+00:00,node_1,11.519484,OK,major,major,37.961191896719306,32.75944858656179
run_0080,29,2023-11-16T06:23:19.428122+00:00,node_2,7.04996,OK,major,major,37.961191896719306,32.75944858656179
run_0080,29,2023-11-16T06:23:19.604813+00:00,node_3,4.81854,OK,major,major,37.961191896719306,32.75944858656179
run_0080,30,2023-11-16T06:23:39.668939+00:00,node_1,11.470293,OK,major,major,37.961191896719306,32.75944858656179
run_0080,30,2023-11-16T06:23:39.342489+00:00,node_2,7.096505,OK,major,major,37.961191896719306,32.75944858656179
run_0080,30,2023-11-16T06:23:39.392720+00:00,node_3,4.756096,OK,major,major,37.961191896719306,32.75944858656179
run_0080,31,2023-11-16T06:23:59.081815+00:00,node_1,11.65431,OK,normal,normal,0.0,0.0
run_0080,31,2023-11-16T06:23:59.171650+00:00,node_2,11.301092,OK,normal,normal,0.0,0.0
run_0080,31,2023-11-16T06:23:59.214087+00:00,node_3,11.074129,OK,normal,normal,0.0,0.0
run_0080,32,2023-11-16T06:24:19.539256+00:00,node_1,10.814544,OK,normal,normal,0.0,0.0
run_0080,32,2023-11-16T06:24:19.536494+00:00,node_2,11.115628,OK,normal,normal,0.0,0.0
run_0080,32,2023-11-16T06:24:19.583045+00:00,node_3,11.719752,OK,normal,normal,0.0,0.0
run_0080,33,2023-11-16T06:24:39.854866+00:00,node_1,11.957615,OK,normal,normal,0.0,0.0
run_0080,33,2023-11-16T06:24:39.781243+00:00,node_2,11.254289,OK,normal,normal,0.0,0.0
run_0080,33,2023-11-16T06:24:39.668869+00:00,node_3,11.553044,OK,normal,normal,0.0,0.0
run_0080,34,2023-11-16T06:24:59.425808+00:00,node_1,11.728344,OK,normal,normal,0.0,0.0
run_0080,34,2023-11-16T06:24:59.486111+00:00,node_2,11.24092,OK,normal,normal,0.0,0.0
run_0080,34,2023-11-16T06:24:59.197762+00:00,node_3,11.482347,OK,normal,normal,0.0,0.0
run_0080,35,2023-11-16T06:25:19.146114+00:00,node_1,11.631958,OK,normal,normal,0.0,0.0
run_0080,35,2023-11-16T06:25:19.303547+00:00,node_2,11.242231,OK,normal,normal,0.0,0.0
run_0080,35,2023-11-16T06:25:19.116033+00:00,node_3,11.396118,OK,normal,normal,0.0,0.0
run_0081,0,2023-11-16T06:37:39.650096+00:00,node_1,9.360696,OK,normal,normal,0.0,0.0
run_0081,0,2023-11-16T06:37:39.777452+00:00,node_2,9.171764,OK,normal,normal,0.0,0.0
run_0081,0,2023-11-16T06:37:39.730223+00:00,node_3,9.002167,OK,normal,normal,0.0,0.0
run_0081,1,2023-11-16T06:37:59.460327+00:00,node_1,9.14916,OK,normal,normal,0.0,0.0
run_0081,1,2023-11-16T06:37:59.411932+00:00,node_2,8.864666,OK,normal,normal,0.0,0.0
run_0081,1,2023-11-16T06:37:59.348359+00:00,node_3,9.128064,OK,normal,normal,0.0,0.0
run_0081,2,2023-11-16T06:38:19.785007+00:00,node_1,8.939529,OK,normal,normal,0.0,0.0
run_0081,2,2023-11-16T06:38:19.818777+00:00,node_2,9.28536,OK,normal,normal,0.0,0.0
run_0081,2,2023-11-16T06:38:19.672679+00:00,node_3,9.124963,OK,normal,normal,0.0,0.0
run_0081,3,2023-11-16T06:38:40.037743+00:00,node_1,8.793014,OK,normal,normal,0.0,0.0
run_0081,3,2023-11-16T06:38:39.894438+00:00,node_2,9.049884,OK,normal,normal,0.0,0.0
run_0081,3,2023-11-16T06:38:39.891251+00:00,node_3,9.364727,OK,normal,normal,0.0,0.0
run_0081,4,2023-11-16T06:39:00.308913+00:00,node_1,9.133432,OK,normal,normal,0.0,0.0
run_0081,4,2023-11-16T06:39:00.479290+00:00,node_2,8.805597,OK,normal,normal,0.0,0.0
run_0081,4,2023-11-16T06:39:00.490205+00:00,node_3,8.98219,OK,normal,normal,0.0,0.0
run_0081,5,2023-11-16T06:39:20.042081+00:00,node_1,9.503823,OK,normal,normal,0,0
run_0081,5,2023-11-16T06:39:20.214721+00:00,node_2,9.289646,OK,normal,normal,0,0
run_0081,5,2023-11-16T06:39:20.322455+00:00,node_3,9.40429,OK,normal,normal,0,0
run_0081,6,2023-11-16T06:39:40.002987+00:00,node_1,9.095731,OK,normal,normal,0,0
run_0081,6,2023-11-16T06:39:39.862739+00:00,node_2,9.012088,OK,normal,normal,0,0
run_0081,6,2023-11-16T06:39:39.914658+00:00,node_3,8.742202,OK,normal,normal,0,0
run_0081,7,2023-11-16T06:39:59.650101+00:00,node_1,9.056437,OK,normal,normal,0,0
run_0081,7,2023-11-16T06:39:59.847324+00:00,node_2,9.259351,OK,normal,normal,0,0
run_0081,7,2023-11-16T06:39:59.962184+00:00,node_3,9.125456,OK,normal,normal,0,0
run_0081,8,2023-11-16T06:40:19.951805+00:00,node_1,9.107,OK,normal,normal,0,0
run_0081,8,2023-11-16T06:40:19.860946+00:00,node_2,9.236021,OK,normal,normal,0,0
run_0081,8,2023-11-16T06:40:20.124036+00:00,node_3,9.13284,OK,normal,normal,0,0
run_0081,9,2023-11-16T06:40:39.693745+00:00,node_1,9.159029,OK,normal,normal,0,0
run_0081,9,2023-11-16T06:40:39.424128+00:00,node_2,9.64317,OK,normal,normal,0,0
run_0081,9,2023-11-16T06:40:39.488861+00:00,node_3,9.141679,OK,normal,normal,0,0
run_0081,10,2023-11-16T06:40:59.818613+00:00,node_1,9.237453,OK,normal,normal,0,0
run_0081,10,2023-11-16T06:40:59.570655+00:00,node_2,9.152168,OK,normal,normal,0,0
run_0081,10,2023-11-16T06:40:59.738238+00:00,node_3,9.227439,OK,normal,normal,0,0
run_0081,11,2023-11-16T06:41:19.799183+00:00,node_1,9.237712,OK,normal,normal,0,0
run_0081,11,2023-11-16T06:41:19.677831+00:00,node_2,9.240743,OK,normal,normal,0,0
run_0081,11,2023-11-16T06:41:19.921589+00:00,node_3,8.860216,OK,normal,normal,0,0
run_0081,12,2023-11-16T06:41:40.012943+00:00,node_1,8.681698,OK,normal,normal,0,0
run_0081,12,2023-11-16T06:41:39.942943+00:00,node_2,8.378914,OK,normal,normal,0,0
run_0081,12,2023-11-16T06:41:39.856361+00:00,node_3,8.815067,OK,normal,normal,0,0
run_0081,13,2023-11-16T06:42:00.087274+00:00,node_1,8.638666,OK,normal,normal,0,0
run_0081,13,2023-11-16T06:42:00.018212+00:00,node_2,8.292211,OK,normal,normal,0,0
run_0081,13,2023-11-16T06:41:59.795480+00:00,node_3,8.489268,OK,normal,normal,0,0
run_0081,14,2023-11-16T06:42:19.468942+00:00,node_1,8.495788,OK,normal,normal,0,0
run_0081,14,2023-11-16T06:42:19.508989+00:00,node_2,8.31513,OK,normal,normal,0,0
run_0081,14,2023-11-16T06:42:19.773791+00:00,node_3,8.243374,OK,normal,normal,0,0
run_0081,15,2023-11-16T06:42:39.518877+00:00,node_1,7.979533,OK,normal,normal,0,0
run_0081,15,2023-11-16T06:42:39.433442+00:00,node_2,8.489228,OK,normal,normal,0,0
run_0081,15,2023-11-16T06:42:39.329273+00:00,node_3,8.219006,OK,normal,normal,0,0
run_0081,16,2023-11-16T06:42:58.999924+00:00,node_1,8.039,OK,normal,normal,0,0
run_0081,16,2023-11-16T06:42:58.950284+00:00,node_2,8.133435,OK,normal,normal,0,0
run_0081,16,2023-11-16T06:42:59.043818+00:00,node_3,8.572569,OK,normal,normal,0,0
run_0081,17,2023-11-16T06:43:18.561907+00:00,node_1,8.346343,OK,normal,normal,0,0
run_0081,17,2023-11-16T06:43:18.567235+00:00,node_2,8.478115,OK,normal,normal,0,0
run_0081,17,2023-11-16T06:43:18.664221+00:00,node_3,8.282092,OK,normal,normal,0,0
run_0081,18,2023-11-16T06:43:38.430281+00:00,node_1,8.465481,OK,normal,normal,0,0
run_0081,18,2023-11-16T06:43:38.780863+00:00,node_2,8.331018,OK,normal,normal,0,0
run_0081,18,2023-11-16T06:43:38.683190+00:00,node_3,8.630893,OK,normal,normal,0,0
run_0081,19,2023-11-16T06:43:58.708462+00:00,node_1,8.147656,OK,normal,normal,0,0
run_0081,19,2023-11-16T06:43:58.617029+00:00,node_2,8.600978,OK,normal,normal,0,0
run_0081,19,2023-11-16T06:43:58.708546+00:00,node_3,8.588619,OK,normal,normal,0,0
run_0081,20,2023-11-16T06:44:18.457255+00:00,node_1,8.482886,OK,normal,normal,0,0
run_0081,20,2023-11-16T06:44:18.324037+00:00,node_2,8.698923,OK,normal,normal,0,0
run_0081,20,2023-11-16T06:44:18.528761+00:00,node_3,8.530772,OK,normal,normal,0,0
run_0081,21,2023-11-16T06:44:38.283462+00:00,node_1,8.34713,OK,normal,normal,0,0
run_0081,21,2023-11-16T06:44:38.101833+00:00,node_2,8.421084,OK,normal,normal,0,0
run_0081,21,2023-11-16T06:44:37.996923+00:00,node_3,8.677963,OK,normal,normal,0,0
run_0081,22,2023-11-16T06:44:58.176202+00:00,node_1,8.429334,OK,normal,normal,0,0
run_0081,22,2023-11-16T06:44:58.399276+00:00,node_2,8.312574,OK,normal,normal,0,0
run_0081,22,2023-11-16T06:44:58.220343+00:00,node_3,8.676286,OK,normal,normal,0,0
run_0081,23,2023-11-16T06:45:18.587428+00:00,node_1,8.37877,OK,normal,normal,0,0
run_0081,23,2023-11-16T06:45:18.798976+00:00,node_2,8.500127,OK,normal,normal,0,0
run_0081,23,2023-11-16T06:45:18.800826+00:00,node_3,8.806831,OK,normal,normal,0,0
run_0081,24,2023-11-16T06:45:38.414590+00:00,node_1,10.960448,OK,normal,normal,0,0
run_0081,24,2023-11-16T06:45:38.329832+00:00,node_2,11.312504,OK,normal,normal,0,0
run_0081,24,2023-11-16T06:45:38.566473+00:00,node_3,11.138004,OK,normal,normal,0,0
run_0081,25,2023-11-16T06:45:58.465945+00:00,node_1,11.094291,OK,normal,normal,0,0
run_0081,25,2023-11-16T06:45:58.464733+00:00,node_2,11.171521,OK,normal,normal,0,0
run_0081,25,2023-11-16T06:45:58.661834+00:00,node_3,10.936072,OK,normal,normal,0,0
run_0081,26,2023-11-16T06:46:18.076855+00:00,node_1,11.530947,OK,normal,normal,0,0
run_0081,26,2023-11-16T06:46:18.340871+00:00,node_2,11.127663,OK,normal,normal,0,0
run_0081,26,2023-11-16T06:46:18.210653+00:00,node_3,11.44956,OK,normal,normal,0,0
run_0081,27,2023-11-16T06:46:38.294609+00:00,node_1,11.100962,OK,normal,normal,0,0
run_0081,27,2023-11-16T06:46:38.121369+00:00,node_2,11.062891,OK,normal,normal,0,0
run_0081,27,2023-11-16T06:46:38.110779+00:00,node_3,11.184458,OK,normal,normal,0,0
run_0081,28,2023-11-16T06:46:58.582273+00:00,node_1,11.028409,OK,normal,normal,0,0
run_0081,28,2023-11-16T06:46:58.472519+00:00,node_2,11.003767,OK,normal,normal,0,0
run_0081,28,2023-11-16T06:46:58.689655+00:00,node_3,11.517727,OK,normal,normal,0,0
run_0081,29,2023-11-16T06:47:18.053873+00:00,node_1,11.330774,OK,normal,normal,0,0
run_0081,29,2023-11-16T06:47:18.038641+00:00,node_2,11.433707,OK,normal,normal,0,0
run_0081,29,2023-11-16T06:47:18.248167+00:00,node_3,11.208961,OK,normal,normal,0,0
run_0081,30,2023-11-16T06:47:37.893591+00:00,node_1,11.274827,OK,normal,normal,0,0
run_0081,30,2023-11-16T06:47:37.898317+00:00,node_2,10.901827,OK,normal,normal,0,0
run_0081,30,2023-11-16T06:47:38.209014+00:00,node_3,10.857916,OK,normal,normal,0,0
run_0081,31,2023-11-16T06:47:58.301122+00:00,node_1,10.759037,OK,normal,normal,0.0,0.0
run_0081,31,2023-11-16T06:47:58.386614+00:00,node_2,11.197735,OK,normal,normal,0.0,0.0
run_0081,31,2023-11-16T06:47:58.489793+00:00,node_3,11.294225,OK,normal,normal,0.0,0.0
run_0081,32,2023-11-16T06:48:17.973810+00:00,node_1,11.322945,OK,normal,normal,0.0,0.0
run_0081,32,2023-11-16T06:48:18.119856+00:00,node_2,11.063754,OK,normal,normal,0.0,0.0
run_0081,32,2023-11-16T06:48:17.980849+00:00,node_3,11.132683,OK,normal,normal,0.0,0.0
run_0081,33,2023-11-16T06:48:38.023267+00:00,node_1,11.3055,OK,normal,normal,0.0,0.0
run_0081,33,2023-11-16T06:48:37.981698+00:00,node_2,10.764125,OK,normal,normal,0.0,0.0
run_0081,33,2023-11-16T06:48:37.946897+00:00,node_3,11.296535,OK,normal,normal,0.0,0.0
run_0081,34,2023-11-16T06:48:57.646054+00:00,node_1,11.08141,OK,normal,normal,0.0,0.0
run_0081,34,2023-11-16T06:48:57.883605+00:00,node_2,10.901205,OK,normal,normal,0.0,0.0
run_0081,34,2023-11-16T06:48:57.893162+00:00,node_3,10.928522,OK,normal,normal,0.0,0.0
run_0081,35,2023-11-16T06:49:17.930577+00:00,node_1,11.245369,OK,normal,normal,0.0,0.0
run_0081,35,2023-11-16T06:49:18.224135+00:00,node_2,11.052159,OK,normal,normal,0.0,0.0
run_0081,35,2023-11-16T06:49:17.831210+00:00,node_3,11.155477,OK,normal,normal,0.0,0.0
run_0082,0,2023-11-16T07:01:40.014206+00:00,node_1,9.863947,OK,normal,normal,0.0,0.0
run_0082,0,2023-11-16T07:01:40.128112+00:00,node_2,10.001809,OK,normal,normal,0.0,0.0
run_0082,0,2023-11-16T07:01:40.091534+00:00,node_3,10.139334,OK,normal,normal,0.0,0.0
run_0082,1,2023-11-16T07:02:00.164050+00:00,node_1,10.05835,OK,normal,normal,0.0,0.0
run_0082,1,2023-11-16T07:02:00.139936+00:00,node_2,9.892403,OK,normal,normal,0.0,0.0
run_0082,1,2023-11-16T07:01:59.934691+00:00,node_3,10.24102,OK,normal,normal,0.0,0.0
run_0082,2,2023-11-16T07:02:19.897914+00:00,node_1,9.692723,OK,normal,normal,0.0,0.0
run_0082,2,2023-11-16T07:02:19.837353+00:00,node_2,10.216357,OK,normal,normal,0.0,0.0
run_0082,2,2023-11-16T07:02:20.094398+00:00,node_3,10.105846,OK,normal,normal,0.0,0.0
run_0082,3,2023-11-16T07:02:39.909672+00:00,node_1,10.069684,OK,normal,normal,0.0,0.0
run_0082,3,2023-11-16T07:02:39.881247+00:00,node_2,9.883402,OK,normal,normal,0.0,0.0
run_0082,3,2023-11-16T07:02:39.831625+00:00,node_3,9.995157,OK,normal,normal,0.0,0.0
run_0082,4,2023-11-16T07:03:00.162631+00:00,node_1,10.129716,OK,normal,normal,0.0,0.0
run_0082,4,2023-11-16T07:03:00.072071+00:00,node_2,10.140881,OK,normal,normal,0.0,0.0
run_0082,4,2023-11-16T07:03:00.051928+00:00,node_3,10.14653,OK,normal,normal,0.0,0.0
run_0082,5,2023-11-16T07:03:20.135264+00:00,node_1,9.895848,OK,normal,minor,0,7.440358144079247
run_0082,5,2023-11-16T07:03:20.119640+00:00,node_2,10.156849,OK,normal,minor,0,7.440358144079247
run_0082,5,2023-11-16T07:03:20.333327+00:00,node_3,9.258642,OK,normal,minor,0,7.440358144079247
run_0082,6,2023-11-16T07:03:40.635498+00:00,node_1,9.757048,OK,normal,minor,0,7.440358144079247
run_0082,6,2023-11-16T07:03:40.682471+00:00,node_2,9.839161,OK,normal,minor,0,7.440358144079247
run_0082,6,2023-11-16T07:03:40.441056+00:00,node_3,9.132527,OK,normal,minor,0,7.440358144079247
run_0082,7,2023-11-16T07:04:00.773669+00:00,node_1,9.918976,OK,normal,minor,0,7.440358144079247
run_0082,7,2023-11-16T07:04:00.550455+00:00,node_2,9.804356,OK,normal,minor,0,7.440358144079247
run_0082,7,2023-11-16T07:04:00.403357+00:00,node_3,9.270079,OK,normal,minor,0,7.440358144079247
run_0082,8,2023-11-16T07:04:20.792011+00:00,node_1,9.86872,OK,normal,minor,0,7.440358144079247
run_0082,8,2023-11-16T07:04:20.606828+00:00,node_2,9.861684,OK,normal,minor,0,7.440358144079247
run_0082,8,2023-11-16T07:04:20.649334+00:00,node_3,9.229971,OK,normal,minor,0,7.440358144079247
run_0082,9,2023-11-16T07:04:40.789767+00:00,node_1,9.644135,OK,normal,minor,0,7.440358144079247
run_0082,9,2023-11-16T07:04:40.576638+00:00,node_2,10.132064,OK,normal,minor,0,7.440358144079247
run_0082,9,2023-11-16T07:04:40.510755+00:00,node_3,9.138161,OK,normal,minor,0,7.440358144079247
run_0082,10,2023-11-16T07:05:00.563821+00:00,node_1,9.692093,OK,normal,minor,0,7.440358144079247
run_0082,10,2023-11-16T07:05:00.367425+00:00,node_2,10.086875,OK,normal,minor,0,7.440358144079247
run_0082,10,2023-11-16T07:05:00.478815+00:00,node_3,9.152021,OK,normal,minor,0,7.440358144079247
run_0082,11,2023-11-16T07:05:20.631006+00:00,node_1,10.077455,OK,normal,minor,0,7.440358144079247
run_0082,11,2023-11-16T07:05:20.637992+00:00,node_2,9.996605,OK,normal,minor,0,7.440358144079247
run_0082,11,2023-11-16T07:05:20.440146+00:00,node_3,9.028652,OK,normal,minor,0,7.440358144079247
run_0082,12,2023-11-16T07:05:40.284378+00:00,node_1,9.389191,OK,normal,minor,0,7.440358144079247
run_0082,12,2023-11-16T07:05:40.366223+00:00,node_2,9.230763,OK,normal,minor,0,7.440358144079247
run_0082,12,2023-11-16T07:05:40.307615+00:00,node_3,9.028461,OK,normal,minor,0,7.440358144079247
run_0082,13,2023-11-16T07:06:00.398762+00:00,node_1,9.690083,OK,normal,minor,0,7.440358144079247
run_0082,13,2023-11-16T07:06:00.325430+00:00,node_2,9.683794,OK,normal,minor,0,7.440358144079247
run_0082,13,2023-11-16T07:06:00.291129+00:00,node_3,8.978276,OK,normal,minor,0,7.440358144079247
run_0082,14,2023-11-16T07:06:19.998430+00:00,node_1,9.520379,OK,normal,minor,0,7.440358144079247
run_0082,14,2023-11-16T07:06:20.169785+00:00,node_2,9.4972,OK,normal,minor,0,7.440358144079247
run_0082,14,2023-11-16T07:06:20.207580+00:00,node_3,8.842694,OK,normal,minor,0,7.440358144079247
run_0082,15,2023-11-16T07:06:39.935991+00:00,node_1,9.52419,OK,normal,minor,0,7.440358144079247
run_0082,15,2023-11-16T07:06:40.008396+00:00,node_2,9.467251,OK,normal,minor,0,7.440358144079247
run_0082,15,2023-11-16T07:06:40.131437+00:00,node_3,8.856282,OK,normal,minor,0,7.440358144079247
run_0082,16,2023-11-16T07:06:59.839219+00:00,node_1,10.012012,OK,normal,minor,0,7.440358144079247
run_0082,16,2023-11-16T07:07:00.143922+00:00,node_2,9.582361,OK,normal,minor,0,7.440358144079247
run_0082,16,2023-11-16T07:07:00.077440+00:00,node_3,8.941686,OK,normal,minor,0,7.440358144079247
run_0082,17,2023-11-16T07:07:19.722670+00:00,node_1,9.511479,OK,normal,minor,0,7.440358144079247
run_0082,17,2023-11-16T07:07:19.801518+00:00,node_2,9.282075,OK,normal,minor,0,7.440358144079247
run_0082,17,2023-11-16T07:07:19.685740+00:00,node_3,8.869846,OK,normal,minor,0,7.440358144079247
run_0082,18,2023-11-16T07:07:39.407199+00:00,node_1,9.725592,OK,normal,minor,0,7.440358144079247
run_0082,18,2023-11-16T07:07:39.652231+00:00,node_2,9.099791,OK,normal,minor,0,7.440358144079247
run_0082,18,2023-11-16T07:07:39.448198+00:00,node_3,8.833362,OK,normal,minor,0,7.440358144079247
run_0082,19,2023-11-16T07:07:59.606011+00:00,node_1,9.555826,OK,normal,minor,0,7.440358144079247
run_0082,19,2023-11-16T07:07:59.810155+00:00,node_2,8.944292,OK,normal,minor,0,7.440358144079247
run_0082,19,2023-11-16T07:07:59.598189+00:00,node_3,8.429264,OK,normal,minor,0,7.440358144079247
run_0082,20,2023-11-16T07:08:19.953872+00:00,node_1,9.522802,OK,normal,minor,0,7.440358144079247
run_0082,20,2023-11-16T07:08:20.079922+00:00,node_2,9.349885,OK,normal,minor,0,7.440358144079247
run_0082,20,2023-11-16T07:08:20.091033+00:00,node_3,8.976698,OK,normal,minor,0,7.440358144079247
run_0082,21,2023-11-16T07:08:40.396169+00:00,node_1,9.458531,OK,normal,minor,0,7.440358144079247
run_0082,21,2023-11-16T07:08:40.187009+00:00,node_2,9.504699,OK,normal,minor,0,7.440358144079247
run_0082,21,2023-11-16T07:08:40.392200+00:00,node_3,8.686564,OK,normal,minor,0,7.440358144079247
run_0082,22,2023-11-16T07:09:00.325449+00:00,node_1,9.248616,OK,normal,minor,0,7.440358144079247
run_0082,22,2023-11-16T07:09:00.471027+00:00,node_2,9.425565,OK,normal,minor,0,7.440358144079247
run_0082,22,2023-11-16T07:09:00.395485+00:00,node_3,9.044286,OK,normal,minor,0,7.440358144079247
run_0082,23,2023-11-16T07:09:20.192502+00:00,node_1,9.480982,OK,normal,minor,0,7.440358144079247
run_0082,23,2023-11-16T07:09:20.167263+00:00,node_2,9.630267,OK,normal,minor,0,7.440358144079247
run_0082,23,2023-11-16T07:09:20.102745+00:00,node_3,8.841609,OK,normal,minor,0,7.440358144079247
run_0082,24,2023-11-16T07:09:39.918982+00:00,node_1,9.415823,OK,normal,minor,0,7.440358144079247
run_0082,24,2023-11-16T07:09:39.830081+00:00,node_2,9.603895,OK,normal,minor,0,7.440358144079247
run_0082,24,2023-11-16T07:09:39.787448+00:00,node_3,8.74352,OK,normal,minor,0,7.440358144079247
run_0082,25,2023-11-16T07:09:59.284160+00:00,node_1,9.344085,OK,normal,minor,0,7.440358144079247
run_0082,25,2023-11-16T07:09:59.229578+00:00,node_2,9.055079,OK,normal,minor,0,7.440358144079247
run_0082,25,2023-11-16T07:09:59.435998+00:00,node_3,8.650853,OK,normal,minor,0,7.440358144079247
run_0082,26,2023-11-16T07:10:19.338681+00:00,node_1,8.913656,OK,normal,minor,0,7.440358144079247
run_0082,26,2023-11-16T07:10:19.312356+00:00,node_2,9.476552,OK,normal,minor,0,7.440358144079247
run_0082,26,2023-11-16T07:10:19.357769+00:00,node_3,8.612436,OK,normal,minor,0,7.440358144079247
run_0082,27,2023-11-16T07:10:39.531214+00:00,node_1,9.077503,OK,normal,minor,0,7.440358144079247
run_0082,27,2023-11-16T07:10:39.382691+00:00,node_2,9.437518,OK,normal,minor,0,7.440358144079247
run_0082,27,2023-11-16T07:10:39.514467+00:00,node_3,8.503769,OK,normal,minor,0,7.440358144079247
run_0082,28,2023-11-16T07:10:59.715472+00:00,node_1,9.417281,OK,normal,minor,0,7.440358144079247
run_0082,28,2023-11-16T07:10:59.479836+00:00,node_2,9.416765,OK,normal,minor,0,7.440358144079247
run_0082,28,2023-11-16T07:10:59.709640+00:00,node_3,8.738654,OK,normal,minor,0,7.440358144079247
run_0082,29,2023-11-16T07:11:19.895702+00:00,node_1,9.387908,OK,normal,minor,0,7.440358144079247
run_0082,29,2023-11-16T07:11:19.641397+00:00,node_2,9.144731,OK,normal,minor,0,7.440358144079247
run_0082,29,2023-11-16T07:11:19.976789+00:00,node_3,8.634483,OK,normal,minor,0,7.440358144079247
run_0082,30,2023-11-16T07:11:40.227652+00:00,node_1,9.369672,OK,normal,minor,0,7.440358144079247
run_0082,30,2023-11-16T07:11:40.257541+00:00,node_2,9.058653,OK,normal,minor,0,7.440358144079247
run_0082,30,2023-11-16T07:11:40.137468+00:00,node_3,8.198249,OK,normal,minor,0,7.440358144079247
run_0082,31,2023-11-16T07:11:59.807166+00:00,node_1,9.379844,OK,normal,normal,0.0,0.0
run_0082,31,2023-11-16T07:11:59.916127+00:00,node_2,8.914392,OK,normal,normal,0.0,0.0
run_0082,31,2023-11-16T07:11:59.910478+00:00,node_3,9.08798,OK,normal,normal,0.0,0.0
run_0082,32,2023-11-16T07:12:20.065241+00:00,node_1,9.030232,OK,normal,normal,0.0,0.0
run_0082,32,2023-11-16T07:12:20.111067+00:00,node_2,9.095038,OK,normal,normal,0.0,0.0
run_0082,32,2023-11-16T07:12:20.389441+00:00,node_3,9.198955,OK,normal,normal,0.0,0.0
run_0082,33,2023-11-16T07:12:40.114096+00:00,node_1,9.633079,OK,normal,normal,0.0,0.0
run_0082,33,2023-11-16T07:12:40.288900+00:00,node_2,9.583842,OK,normal,normal,0.0,0.0
run_0082,33,2023-11-16T07:12:40.384416+00:00,node_3,9.208932,OK,normal,normal,0.0,0.0
run_0082,34,2023-11-16T07:12:59.951514+00:00,node_1,9.116863,OK,normal,normal,0.0,0.0
run_0082,34,2023-11-16T07:13:00.001753+00:00,node_2,9.259338,OK,normal,normal,0.0,0.0
run_0082,34,2023-11-16T07:12:59.872270+00:00,node_3,9.286359,OK,normal,normal,0.0,0.0
run_0082,35,2023-11-16T07:13:19.886555+00:00,node_1,9.310903,OK,normal,normal,0.0,0.0
run_0082,35,2023-11-16T07:13:19.934239+00:00,node_2,9.356172,OK,normal,normal,0.0,0.0
run_0082,35,2023-11-16T07:13:19.889670+00:00,node_3,9.471473,OK,normal,normal,0.0,0.0
run_0083,0,2023-11-16T07:25:40.160661+00:00,node_1,10.502423,OK,normal,normal,0.0,0.0
run_0083,0,2023-11-16T07:25:39.844020+00:00,node_2,10.30892,OK,normal,normal,0.0,0.0
run_0083,0,2023-11-16T07:25:40.011996+00:00,node_3,10.75273,OK,normal,normal,0.0,0.0
run_0083,1,2023-11-16T07:25:59.758536+00:00,node_1,10.552594,OK,normal,normal,0.0,0.0
run_0083,1,2023-11-16T07:25:59.830118+00:00,node_2,10.310696,OK,normal,normal,0.0,0.0
run_0083,1,2023-11-16T07:25:59.913703+00:00,node_3,10.588592,OK,normal,normal,0.0,0.0
run_0083,2,2023-11-16T07:26:20.042842+00:00,node_1,10.736449,OK,normal,normal,0.0,0.0
run_0083,2,2023-11-16T07:26:20.001175+00:00,node_2,10.429632,OK,normal,normal,0.0,0.0
run_0083,2,2023-11-16T07:26:19.919824+00:00,node_3,10.391543,OK,normal,normal,0.0,0.0
run_0083,3,2023-11-16T07:26:40.358768+00:00,node_1,10.346694,OK,normal,normal,0.0,0.0
run_0083,3,2023-11-16T07:26:40.036795+00:00,node_2,10.463334,OK,normal,normal,0.0,0.0
run_0083,3,2023-11-16T07:26:40.317947+00:00,node_3,10.029695,OK,normal,normal,0.0,0.0
run_0083,4,2023-11-16T07:26:59.779318+00:00,node_1,10.167478,OK,normal,normal,0.0,0.0
run_0083,4,2023-11-16T07:26:59.945871+00:00,node_2,10.393164,OK,normal,normal,0.0,0.0
run_0083,4,2023-11-16T07:27:00.042832+00:00,node_3,10.358528,OK,normal,normal,0.0,0.0
run_0083,5,2023-11-16T07:27:20.177583+00:00,node_1,10.689496,OK,normal,major,0,26.922043500506586
run_0083,5,2023-11-16T07:27:20.336754+00:00,node_2,10.623779,OK,normal,major,0,26.922043500506586
run_0083,5,2023-11-16T07:27:20.405777+00:00,node_3,7.988099,OK,normal,major,0,26.922043500506586
run_0083,6,2023-11-16T07:27:40.453014+00:00,node_1,10.465891,OK,normal,major,0,26.922043500506586
run_0083,6,2023-11-16T07:27:40.278977+00:00,node_2,10.187333,OK,normal,major,0,26.922043500506586
run_0083,6,2023-11-16T07:27:40.277812+00:00,node_3,7.778127,OK,normal,major,0,26.922043500506586
run_0083,7,2023-11-16T07:28:00.561716+00:00,node_1,10.172753,OK,normal,major,0,26.922043500506586
run_0083,7,2023-11-16T07:28:00.744773+00:00,node_2,10.575828,OK,normal,major,0,26.922043500506586
run_0083,7,2023-11-16T07:28:00.675623+00:00,node_3,7.741565,OK,normal,major,0,26.922043500506586
run_0083,8,2023-11-16T07:28:20.201299+00:00,node_1,10.222982,OK,normal,major,0,26.922043500506586
run_0083,8,2023-11-16T07:28:20.424495+00:00,node_2,10.324904,OK,normal,major,0,26.922043500506586
run_0083,8,2023-11-16T07:28:20.059778+00:00,node_3,7.555455,OK,normal,major,0,26.922043500506586
run_0083,9,2023-11-16T07:28:40.463808+00:00,node_1,10.262228,OK,normal,major,0,26.922043500506586
run_0083,9,2023-11-16T07:28:40.362891+00:00,node_2,10.193874,OK,normal,major,0,26.922043500506586
run_0083,9,2023-11-16T07:28:40.476903+00:00,node_3,7.572507,OK,normal,major,0,26.922043500506586
run_0083,10,2023-11-16T07:29:00.083222+00:00,node_1,10.502774,OK,normal,major,0,26.922043500506586
run_0083,10,2023-11-16T07:28:59.991145+00:00,node_2,10.4291,OK,normal,major,0,26.922043500506586
run_0083,10,2023-11-16T07:29:00.093539+00:00,node_3,7.563135,OK,normal,major,0,26.922043500506586
run_0083,11,2023-11-16T07:29:19.767037+00:00,node_1,10.414821,OK,normal,major,0,26.922043500506586
run_0083,11,2023-11-16T07:29:19.682101+00:00,node_2,10.465999,OK,normal,major,0,26.922043500506586
run_0083,11,2023-11-16T07:29:19.984819+00:00,node_3,7.758171,OK,normal,major,0,26.922043500506586
run_0083,12,2023-11-16T07:29:39.630431+00:00,node_1,11.740396,OK,normal,major,0,26.922043500506586
run_0083,12,2023-11-16T07:29:39.693491+00:00,node_2,11.461713,OK,normal,major,0,26.922043500506586
run_0083,12,2023-11-16T07:29:39.580479+00:00,node_3,8.5745,OK,normal,major,0,26.922043500506586
run_0083,13,2023-11-16T07:30:00.170438+00:00,node_1,12.017218,OK,normal,major,0,26.922043500506586
run_0083,13,2023-11-16T07:29:59.949526+00:00,node_2,11.609829,OK,normal,major,0,26.922043500506586
run_0083,13,2023-11-16T07:30:00.158594+00:00,node_3,8.174023,OK,normal,major,0,26.922043500506586
run_0083,14,2023-11-16T07:30:20.539301+00:00,node_1,11.607391,OK,normal,major,0,26.922043500506586
run_0083,14,2023-11-16T07:30:20.289481+00:00,node_2,11.274374,OK,normal,major,0,26.922043500506586
run_0083,14,2023-11-16T07:30:20.309425+00:00,node_3,8.822819,OK,normal,major,0,26.922043500506586
run_0083,15,2023-11-16T07:30:40.283398+00:00,node_1,11.689245,OK,normal,major,0,26.922043500506586
run_0083,15,2023-11-16T07:30:40.173069+00:00,node_2,11.594057,OK,normal,major,0,26.922043500506586
run_0083,15,2023-11-16T07:30:40.184299+00:00,node_3,8.503105,OK,normal,major,0,26.922043500506586
run_0083,16,2023-11-16T07:31:00.711067+00:00,node_1,11.626954,OK,normal,major,0,26.922043500506586
run_0083,16,2023-11-16T07:31:00.555110+00:00,node_2,11.658007,OK,normal,major,0,26.922043500506586
run_0083,16,2023-11-16T07:31:00.766710+00:00,node_3,8.542983,OK,normal,major,0,26.922043500506586
run_0083,17,2023-11-16T07:31:20.822144+00:00,node_1,11.823931,OK,normal,major,0,26.922043500506586
run_0083,17,2023-11-16T07:31:20.682801+00:00,node_2,11.476351,OK,normal,major,0,26.922043500506586
run_0083,17,2023-11-16T07:31:20.913779+00:00,node_3,8.960783,OK,normal,major,0,26.922043500506586
run_0083,18,2023-11-16T07:31:40.824871+00:00,node_1,11.092142,OK,normal,major,0,26.922043500506586
run_0083,18,2023-11-16T07:31:40.888643+00:00,node_2,11.552732,OK,normal,major,0,26.922043500506586
run_0083,18,2023-11-16T07:31:40.699480+00:00,node_3,8.770453,OK,normal,major,0,26.922043500506586
run_0083,19,2023-11-16T07:32:00.936926+00:00,node_1,12.028326,OK,normal,major,0,26.922043500506586
run_0083,19,2023-11-16T07:32:00.782221+00:00,node_2,11.929986,OK,normal,major,0,26.922043500506586
run_0083,19,2023-11-16T07:32:00.986581+00:00,node_3,8.509541,OK,normal,major,0,26.922043500506586
run_0083,20,2023-11-16T07:32:20.635393+00:00,node_1,11.214248,OK,normal,major,0,26.922043500506586
run_0083,20,2023-11-16T07:32:20.691503+00:00,node_2,11.587573,OK,normal,major,0,26.922043500506586
run_0083,20,2023-11-16T07:32:20.515859+00:00,node_3,8.532555,OK,normal,major,0,26.922043500506586
run_0083,21,2023-11-16T07:32:40.033381+00:00,node_1,11.575107,OK,normal,major,0,26.922043500506586
run_0083,21,2023-11-16T07:32:40.269118+00:00,node_2,11.849867,OK,normal,major,0,26.922043500506586
run_0083,21,2023-11-16T07:32:40.095012+00:00,node_3,8.830181,OK,normal,major,0,26.922043500506586
run_0083,22,2023-11-16T07:33:00.467566+00:00,node_1,11.740123,OK,normal,major,0,26.922043500506586
run_0083,22,2023-11-16T07:33:00.237484+00:00,node_2,11.720453,OK,normal,major,0,26.922043500506586
run_0083,22,2023-11-16T07:33:00.318077+00:00,node_3,8.786415,OK,normal,major,0,26.922043500506586
run_0083,23,2023-11-16T07:33:20.501228+00:00,node_1,11.762062,OK,normal,major,0,26.922043500506586
run_0083,23,2023-11-16T07:33:20.587565+00:00,node_2,11.562726,OK,normal,major,0,26.922043500506586
run_0083,23,2023-11-16T07:33:20.661548+00:00,node_3,8.684074,OK,normal,major,0,26.922043500506586
run_0083,24,2023-11-16T07:33:40.185117+00:00,node_1,8.040981,OK,normal,major,0,26.922043500506586
run_0083,24,2023-11-16T07:33:40.425587+00:00,node_2,8.136227,OK,normal,major,0,26.922043500506586
run_0083,24,2023-11-16T07:33:40.421744+00:00,node_3,5.884938,OK,normal,major,0,26.922043500506586
run_0083,25,2023-11-16T07:34:00.012321+00:00,node_1,8.467725,OK,normal,major,0,26.922043500506586
run_0083,25,2023-11-16T07:34:00.023872+00:00,node_2,8.387683,OK,normal,major,0,26.922043500506586
run_0083,25,2023-11-16T07:34:00.250674+00:00,node_3,6.047805,OK,normal,major,0,26.922043500506586
run_0083,26,2023-11-16T07:34:20.038748+00:00,node_1,8.574785,OK,normal,major,0,26.922043500506586
run_0083,26,2023-11-16T07:34:19.864182+00:00,node_2,8.15286,OK,normal,major,0,26.922043500506586
run_0083,26,2023-11-16T07:34:19.852404+00:00,node_3,6.065402,OK,normal,major,0,26.922043500506586
run_0083,27,2023-11-16T07:34:39.818171+00:00,node_1,8.244116,OK,normal,major,0,26.922043500506586
run_0083,27,2023-11-16T07:34:39.680584+00:00,node_2,8.425785,OK,normal,major,0,26.922043500506586
run_0083,27,2023-11-16T07:34:39.839534+00:00,node_3,6.070843,OK,normal,major,0,26.922043500506586
run_0083,28,2023-11-16T07:35:00.012005+00:00,node_1,8.174156,OK,normal,major,0,26.922043500506586
run_0083,28,2023-11-16T07:35:00.160458+00:00,node_2,8.093802,OK,normal,major,0,26.922043500506586
run_0083,28,2023-11-16T07:34:59.965790+00:00,node_3,6.023028,OK,normal,major,0,26.922043500506586
run_0083,29,2023-11-16T07:35:19.912195+00:00,node_1,8.319438,OK,normal,major,0,26.922043500506586
run_0083,29,2023-11-16T07:35:19.915143+00:00,node_2,8.38579,OK,normal,major,0,26.922043500506586
run_0083,29,2023-11-16T07:35:20.165817+00:00,node_3,5.954083,OK,normal,major,0,26.922043500506586
run_0083,30,2023-11-16T07:35:40.381021+00:00,node_1,7.876321,OK,normal,major,0,26.922043500506586
run_0083,30,2023-11-16T07:35:40.409892+00:00,node_2,8.359997,OK,normal,major,0,26.922043500506586
run_0083,30,2023-11-16T07:35:40.426702+00:00,node_3,5.977372,OK,normal,major,0,26.922043500506586
run_0083,31,2023-11-16T07:36:00.503827+00:00,node_1,8.191589,OK,normal,normal,0.0,0.0
run_0083,31,2023-11-16T07:36:00.501839+00:00,node_2,8.53853,OK,normal,normal,0.0,0.0
run_0083,31,2023-11-16T07:36:00.463763+00:00,node_3,8.129029,OK,normal,normal,0.0,0.0
run_0083,32,2023-11-16T07:36:20.353175+00:00,node_1,8.542357,OK,normal,normal,0.0,0.0
run_0083,32,2023-11-16T07:36:20.512259+00:00,node_2,8.505989,OK,normal,normal,0.0,0.0
run_0083,32,2023-11-16T07:36:20.400445+00:00,node_3,8.439588,OK,normal,normal,0.0,0.0
run_0083,33,2023-11-16T07:36:39.930945+00:00,node_1,7.96826,OK,normal,normal,0.0,0.0
run_0083,33,2023-11-16T07:36:39.976988+00:00,node_2,8.367534,OK,normal,normal,0.0,0.0
run_0083,33,2023-11-16T07:36:40.168681+00:00,node_3,8.446743,OK,normal,normal,0.0,0.0
run_0083,34,2023-11-16T07:37:00.344406+00:00,node_1,8.023554,OK,normal,normal,0.0,0.0
run_0083,34,2023-11-16T07:37:00.355500+00:00,node_2,7.921027,OK,normal,normal,0.0,0.0
run_0083,34,2023-11-16T07:37:00.419237+00:00,node_3,8.579496,OK,normal,normal,0.0,0.0
run_0083,35,2023-11-16T07:37:20.552971+00:00,node_1,8.284668,OK,normal,normal,0.0,0.0
run_0083,35,2023-11-16T07:37:20.529644+00:00,node_2,7.917477,OK,normal,normal,0.0,0.0
run_0083,35,2023-11-16T07:37:20.621526+00:00,node_3,8.374303,OK,normal,normal,0.0,0.0
run_0084,0,2023-11-16T07:49:40.212505+00:00,node_1,10.924206,OK,normal,normal,0.0,0.0
run_0084,0,2023-11-16T07:49:40.506985+00:00,node_2,10.238035,OK,normal,normal,0.0,0.0
run_0084,0,2023-11-16T07:49:40.499485+00:00,node_3,10.516159,OK,normal,normal,0.0,0.0
run_0084,1,2023-11-16T07:50:00.228372+00:00,node_1,10.692133,OK,normal,normal,0.0,0.0
run_0084,1,2023-11-16T07:50:00.346021+00:00,node_2,10.273386,OK,normal,normal,0.0,0.0
run_0084,1,2023-11-16T07:50:00.115602+00:00,node_3,10.479198,OK,normal,normal,0.0,0.0
run_0084,2,2023-11-16T07:50:20.305719+00:00,node_1,10.532373,OK,normal,normal,0.0,0.0
run_0084,2,2023-11-16T07:50:20.492540+00:00,node_2,10.293229,OK,normal,normal,0.0,0.0
run_0084,2,2023-11-16T07:50:20.556632+00:00,node_3,10.436687,OK,normal,normal,0.0,0.0
run_0084,3,2023-11-16T07:50:40.398132+00:00,node_1,10.65423,OK,normal,normal,0.0,0.0
run_0084,3,2023-11-16T07:50:40.185887+00:00,node_2,10.239383,OK,normal,normal,0.0,0.0
run_0084,3,2023-11-16T07:50:40.218761+00:00,node_3,10.237389,OK,normal,normal,0.0,0.0
run_0084,4,2023-11-16T07:50:59.756511+00:00,node_1,10.587708,OK,normal,normal,0.0,0.0
run_0084,4,2023-11-16T07:50:59.939445+00:00,node_2,10.871018,OK,normal,normal,0.0,0.0
run_0084,4,2023-11-16T07:50:59.790240+00:00,node_3,10.407764,OK,normal,normal,0.0,0.0
run_0084,5,2023-11-16T07:51:19.930019+00:00,node_1,10.387883,OK,minor,normal,13.462793324951994,0
run_0084,5,2023-11-16T07:51:20.092513+00:00,node_2,9.402092,OK,minor,normal,13.462793324951994,0
run_0084,5,2023-11-16T07:51:19.898474+00:00,node_3,9.137894,OK,minor,normal,13.462793324951994,0
run_0084,6,2023-11-16T07:51:39.867690+00:00,node_1,10.471455,OK,minor,normal,13.462793324951994,0
run_0084,6,2023-11-16T07:51:39.667568+00:00,node_2,8.941859,OK,minor,normal,13.462793324951994,0
run_0084,6,2023-11-16T07:51:39.713396+00:00,node_3,8.98877,OK,minor,normal,13.462793324951994,0
run_0084,7,2023-11-16T07:51:59.397924+00:00,node_1,10.577483,OK,minor,normal,13.462793324951994,0
run_0084,7,2023-11-16T07:51:59.591212+00:00,node_2,9.327646,OK,minor,normal,13.462793324951994,0
run_0084,7,2023-11-16T07:51:59.724162+00:00,node_3,8.784831,OK,minor,normal,13.462793324951994,0
run_0084,8,2023-11-16T07:52:19.925395+00:00,node_1,10.546365,OK,minor,normal,13.462793324951994,0
run_0084,8,2023-11-16T07:52:20.090673+00:00,node_2,9.144398,OK,minor,normal,13.462793324951994,0
run_0084,8,2023-11-16T07:52:20.026512+00:00,node_3,8.814199,OK,minor,normal,13.462793324951994,0
run_0084,9,2023-11-16T07:52:40.212500+00:00,node_1,10.826231,OK,minor,normal,13.462793324951994,0
run_0084,9,2023-11-16T07:52:40.207026+00:00,node_2,9.077767,OK,minor,normal,13.462793324951994,0
run_0084,9,2023-11-16T07:52:40.004020+00:00,node_3,8.847639,OK,minor,normal,13.462793324951994,0
run_0084,10,2023-11-16T07:52:59.899180+00:00,node_1,10.672844,OK,minor,normal,13.462793324951994,0
run_0084,10,2023-11-16T07:52:59.923388+00:00,node_2,9.066224,OK,minor,normal,13.462793324951994,0
run_0084,10,2023-11-16T07:53:00.197253+00:00,node_3,8.979294,OK,minor,normal,13.462793324951994,0
run_0084,11,2023-11-16T07:53:19.876645+00:00,node_1,10.318259,OK,minor,normal,13.462793324951994,0
run_0084,11,2023-11-16T07:53:19.843635+00:00,node_2,9.095849,OK,minor,normal,13.462793324951994,0
run_0084,11,2023-11-16T07:53:19.960600+00:00,node_3,8.726474,OK,minor,normal,13.462793324951994,0
run_0084,12,2023-11-16T07:53:40.462795+00:00,node_1,11.923919,OK,minor,normal,13.462793324951994,0
run_0084,12,2023-11-16T07:53:40.483145+00:00,node_2,9.719749,OK,minor,normal,13.462793324951994,0
run_0084,12,2023-11-16T07:53:40.199059+00:00,node_3,9.977663,OK,minor,normal,13.462793324951994,0
run_0084,13,2023-11-16T07:54:00.330680+00:00,node_1,11.578365,OK,minor,normal,13.462793324951994,0
run_0084,13,2023-11-16T07:54:00.074156+00:00,node_2,9.87608,OK,minor,normal,13.462793324951994,0
run_0084,13,2023-11-16T07:54:00.065042+00:00,node_3,9.702863,OK,minor,normal,13.462793324951994,0
run_0084,14,2023-11-16T07:54:20.294732+00:00,node_1,11.749153,OK,minor,normal,13.462793324951994,0
run_0084,14,2023-11-16T07:54:20.148684+00:00,node_2,9.88335,OK,minor,normal,13.462793324951994,0
run_0084,14,2023-11-16T07:54:20.270519+00:00,node_3,9.535929,OK,minor,normal,13.462793324951994,0
run_0084,15,2023-11-16T07:54:40.370942+00:00,node_1,11.637397,OK,minor,normal,13.462793324951994,0
run_0084,15,2023-11-16T07:54:40.531929+00:00,node_2,9.714552,OK,minor,normal,13.462793324951994,0
run_0084,15,2023-11-16T07:54:40.555915+00:00,node_3,9.982408,OK,minor,normal,13.462793324951994,0
run_0084,16,2023-11-16T07:55:00.332439+00:00,node_1,11.602068,OK,minor,normal,13.462793324951994,0
run_0084,16,2023-11-16T07:55:00.338459+00:00,node_2,9.862248,OK,minor,normal,13.462793324951994,0
run_0084,16,2023-11-16T07:55:00.325042+00:00,node_3,10.042245,OK,minor,normal,13.462793324951994,0
run_0084,17,2023-11-16T07:55:20.671281+00:00,node_1,11.381674,OK,minor,normal,13.462793324951994,0
run_0084,17,2023-11-16T07:55:20.310457+00:00,node_2,9.769801,OK,minor,normal,13.462793324951994,0
run_0084,17,2023-11-16T07:55:20.539702+00:00,node_3,9.952653,OK,minor,normal,13.462793324951994,0
run_0084,18,2023-11-16T07:55:40.947080+00:00,node_1,11.391102,OK,minor,normal,13.462793324951994,0
run_0084,18,2023-11-16T07:55:40.930946+00:00,node_2,9.931036,OK,minor,normal,13.462793324951994,0
run_0084,18,2023-11-16T07:55:40.771326+00:00,node_3,10.146983,OK,minor,normal,13.462793324951994,0
run_0084,19,2023-11-16T07:56:00.553789+00:00,node_1,11.63491,OK,minor,normal,13.462793324951994,0
run_0084,19,2023-11-16T07:56:00.674658+00:00,node_2,9.70483,OK,minor,normal,13.462793324951994,0
run_0084,19,2023-11-16T07:56:00.779062+00:00,node_3,9.842757,OK,minor,normal,13.462793324951994,0
run_0084,20,2023-11-16T07:56:20.726916+00:00,node_1,11.479622,OK,minor,normal,13.462793324951994,0
run_0084,20,2023-11-16T07:56:20.492595+00:00,node_2,10.178612,OK,minor,normal,13.462793324951994,0
run_0084,20,2023-11-16T07:56:20.552302+00:00,node_3,9.87269,OK,minor,normal,13.462793324951994,0
run_0084,21,2023-11-16T07:56:40.681346+00:00,node_1,11.475095,OK,minor,normal,13.462793324951994,0
run_0084,21,2023-11-16T07:56:40.500998+00:00,node_2,10.273429,OK,minor,normal,13.462793324951994,0
run_0084,21,2023-11-16T07:56:40.474375+00:00,node_3,9.898756,OK,minor,normal,13.462793324951994,0
run_0084,22,2023-11-16T07:57:00.214305+00:00,node_1,11.494131,OK,minor,normal,13.462793324951994,0
run_0084,22,2023-11-16T07:57:00.262078+00:00,node_2,9.768314,OK,minor,normal,13.462793324951994,0
run_0084,22,2023-11-16T07:57:00.489781+00:00,node_3,10.025029,OK,minor,normal,13.462793324951994,0
run_0084,23,2023-11-16T07:57:20.083855+00:00,node_1,11.179332,OK,minor,normal,13.462793324951994,0
run_0084,23,2023-11-16T07:57:20.121905+00:00,node_2,10.181384,OK,minor,normal,13.462793324951994,0
run_0084,23,2023-11-16T07:57:20.145038+00:00,node_3,9.887245,OK,minor,normal,13.462793324951994,0
run_0084,24,2023-11-16T07:57:39.840797+00:00,node_1,9.412541,OK,minor,normal,13.462793324951994,0
run_0084,24,2023-11-16T07:57:40.117872+00:00,node_2,8.104693,OK,minor,normal,13.462793324951994,0
run_0084,24,2023-11-16T07:57:40.044791+00:00,node_3,8.204996,OK,minor,normal,13.462793324951994,0
run_0084,25,2023-11-16T07:58:00.229883+00:00,node_1,9.488712,OK,minor,normal,13.462793324951994,0
run_0084,25,2023-11-16T07:57:59.900404+00:00,node_2,8.397623,OK,minor,normal,13.462793324951994,0
run_0084,25,2023-11-16T07:58:00.012998+00:00,node_3,7.920391,OK,minor,normal,13.462793324951994,0
run_0084,26,2023-11-16T07:58:20.503876+00:00,node_1,9.06711,OK,minor,normal,13.462793324951994,0
run_0084,26,2023-11-16T07:58:20.339525+00:00,node_2,8.480702,OK,minor,normal,13.462793324951994,0
run_0084,26,2023-11-16T07:58:20.246994+00:00,node_3,8.07883,OK,minor,normal,13.462793324951994,0
run_0084,27,2023-11-16T07:58:40.929310+00:00,node_1,9.389284,OK,minor,normal,13.462793324951994,0
run_0084,27,2023-11-16T07:58:40.936451+00:00,node_2,8.237724,OK,minor,normal,13.462793324951994,0
run_0084,27,2023-11-16T07:58:40.779734+00:00,node_3,7.922154,OK,minor,normal,13.462793324951994,0
run_0084,28,2023-11-16T07:59:00.811339+00:00,node_1,9.681874,OK,minor,normal,13.462793324951994,0
run_0084,28,2023-11-16T07:59:00.905616+00:00,node_2,7.978845,OK,minor,normal,13.462793324951994,0
run_0084,28,2023-11-16T07:59:00.969644+00:00,node_3,8.081186,OK,minor,normal,13.462793324951994,0
run_0084,29,2023-11-16T07:59:20.442561+00:00,node_1,9.80109,OK,minor,normal,13.462793324951994,0
run_0084,29,2023-11-16T07:59:20.613268+00:00,node_2,8.239133,OK,minor,normal,13.462793324951994,0
run_0084,29,2023-11-16T07:59:20.402325+00:00,node_3,8.029193,OK,minor,normal,13.462793324951994,0
run_0084,30,2023-11-16T07:59:40.072829+00:00,node_1,9.243626,OK,minor,normal,13.462793324951994,0
run_0084,30,2023-11-16T07:59:40.161972+00:00,node_2,8.341368,OK,minor,normal,13.462793324951994,0
run_0084,30,2023-11-16T07:59:40.107257+00:00,node_3,8.244195,OK,minor,normal,13.462793324951994,0
run_0084,31,2023-11-16T08:00:00.271372+00:00,node_1,9.65566,OK,normal,normal,0.0,0.0
run_0084,31,2023-11-16T08:00:00.350742+00:00,node_2,9.188287,OK,normal,normal,0.0,0.0
run_0084,31,2023-11-16T08:00:00.191312+00:00,node_3,9.533987,OK,normal,normal,0.0,0.0
run_0084,32,2023-11-16T08:00:20.495448+00:00,node_1,9.427525,OK,normal,normal,0.0,0.0
run_0084,32,2023-11-16T08:00:20.737483+00:00,node_2,9.547697,OK,normal,normal,0.0,0.0
run_0084,32,2023-11-16T08:00:20.580770+00:00,node_3,9.52563,OK,normal,normal,0.0,0.0
run_0084,33,2023-11-16T08:00:40.247055+00:00,node_1,9.39376,OK,normal,normal,0.0,0.0
run_0084,33,2023-11-16T08:00:39.961167+00:00,node_2,9.321005,OK,normal,normal,0.0,0.0
run_0084,33,2023-11-16T08:00:40.031916+00:00,node_3,9.096476,OK,normal,normal,0.0,0.0
run_0084,34,2023-11-16T08:01:00.465367+00:00,node_1,9.340481,OK,normal,normal,0.0,0.0
run_0084,34,2023-11-16T08:01:00.395385+00:00,node_2,9.148896,OK,normal,normal,0.0,0.0
run_0084,34,2023-11-16T08:01:00.372478+00:00,node_3,9.580666,OK,normal,normal,0.0,0.0
run_0084,35,2023-11-16T08:01:20.083004+00:00,node_1,9.446134,OK,normal,normal,0.0,0.0
run_0084,35,2023-11-16T08:01:20.273860+00:00,node_2,9.793098,OK,normal,normal,0.0,0.0
run_0084,35,2023-11-16T08:01:20.211524+00:00,node_3,9.563304,OK,normal,normal,0.0,0.0
run_0085,0,2023-11-16T08:13:39.867486+00:00,node_1,8.18992,OK,normal,normal,0.0,0.0
run_0085,0,2023-11-16T08:13:39.814307+00:00,node_2,8.298669,OK,normal,normal,0.0,0.0
run_0085,0,2023-11-16T08:13:39.838217+00:00,node_3,8.52381,OK,normal,normal,0.0,0.0
run_0085,1,2023-11-16T08:14:00.206469+00:00,node_1,8.372984,OK,normal,normal,0.0,0.0
run_0085,1,2023-11-16T08:14:00.136395+00:00,node_2,8.41365,OK,normal,normal,0.0,0.0
run_0085,1,2023-11-16T08:14:00.160829+00:00,node_3,8.317789,OK,normal,normal,0.0,0.0
run_0085,2,2023-11-16T08:14:19.865108+00:00,node_1,8.509284,OK,normal,normal,0.0,0.0
run_0085,2,2023-11-16T08:14:20.134186+00:00,node_2,8.57236,OK,normal,normal,0.0,0.0
run_0085,2,2023-11-16T08:14:19.994788+00:00,node_3,8.272604,OK,normal,normal,0.0,0.0
run_0085,3,2023-11-16T08:14:39.801327+00:00,node_1,8.246071,OK,normal,normal,0.0,0.0
run_0085,3,2023-11-16T08:14:40.047817+00:00,node_2,8.519288,OK,normal,normal,0.0,0.0
run_0085,3,2023-11-16T08:14:39.710890+00:00,node_3,8.864699,OK,normal,normal,0.0,0.0
run_0085,4,2023-11-16T08:14:59.969356+00:00,node_1,8.409743,OK,normal,normal,0.0,0.0
run_0085,4,2023-11-16T08:14:59.987164+00:00,node_2,8.356555,OK,normal,normal,0.0,0.0
run_0085,4,2023-11-16T08:14:59.947113+00:00,node_3,8.850832,OK,normal,normal,0.0,0.0
run_0085,5,2023-11-16T08:15:20.445839+00:00,node_1,8.589069,OK,minor,minor,7.132140290123469,10.907807785124218
run_0085,5,2023-11-16T08:15:20.138688+00:00,node_2,7.693793,OK,minor,minor,7.132140290123469,10.907807785124218
run_0085,5,2023-11-16T08:15:20.119144+00:00,node_3,6.743133,OK,minor,minor,7.132140290123469,10.907807785124218
run_0085,6,2023-11-16T08:15:40.434567+00:00,node_1,8.587523,OK,minor,minor,7.132140290123469,10.907807785124218
run_0085,6,2023-11-16T08:15:40.233310+00:00,node_2,7.885552,OK,minor,minor,7.132140290123469,10.907807785124218
run_0085,6,2023-11-16T08:15:40.466352+00:00,node_3,6.95951,OK,minor,minor,7.132140290123469,10.907807785124218
run_0085,7,2023-11-16T08:16:00.745981+00:00,node_1,8.424892,OK,minor,minor,7.132140290123469,10.907807785124218
run_0085,7,2023-11-16T08:16:00.669858+00:00,node_2,7.918526,OK,minor,minor,7.132140290123469,10.907807785124218
run_0085,7,2023-11-16T08:16:00.682598+00:00,node_3,6.954167,OK,minor,minor,7.132140290123469,10.907807785124218
run_0085,8,2023-11-16T08:16:21.028358+00:00,node_1,8.515974,OK,minor,minor,7.132140290123469,10.907807785124218
run_0085,8,2023-11-16T08:16:21.102184+00:00,node_2,7.882436,OK,minor,minor,7.132140290123469,10.907807785124218
run_0085,8,2023-11-16T08:16:20.764038+00:00,node_3,7.141326,OK,minor,minor,7.132140290123469,10.907807785124218
run_0085,9,2023-11-16T08:16:40.538149+00:00,node_1,8.11646,OK,minor,minor,7.132140290123469,10.907807785124218
run_0085,9,2023-11-16T08:16:40.794405+00:00,node_2,7.816243,OK,minor,minor,7.132140290123469,10.907807785124218
run_0085,9,2023-11-16T08:16:40.898571+00:00,node_3,6.67611,OK,minor,minor,7.132140290123469,10.907807785124218
run_0085,10,2023-11-16T08:17:01.023955+00:00,node_1,8.439216,OK,minor,minor,7.132140290123469,10.907807785124218
run_0085,10,2023-11-16T08:17:01.262695+00:00,node_2,7.775391,OK,minor,minor,7.132140290123469,10.907807785124218
run_0085,10,2023-11-16T08:17:00.939103+00:00,node_3,7.195129,OK,minor,minor,7.132140290123469,10.907807785124218
run_0085,11,2023-11-16T08:17:21.349656+00:00,node_1,8.549482,OK,minor,minor,7.132140290123469,10.907807785124218
run_0085,11,2023-11-16T08:17:21.592896+00:00,node_2,7.518376,OK,minor,minor,7.132140290123469,10.907807785124218
run_0085,11,2023-11-16T08:17:21.540462+00:00,node_3,7.058879,OK,minor,minor,7.132140290123469,10.907807785124218
run_0085,12,2023-11-16T08:17:41.599757+00:00,node_1,10.985685,OK,minor,minor,7.132140290123469,10.907807785124218
run_0085,12,2023-11-16T08:17:41.510270+00:00,node_2,10.026871,OK,minor,minor,7.132140290123469,10.907807785124218
run_0085,12,2023-11-16T08:17:41.508861+00:00,node_3,9.121628,OK,minor,minor,7.132140290123469,10.907807785124218
run_0085,13,2023-11-16T08:18:01.785918+00:00,node_1,11.047122,OK,minor,minor,7.132140290123469,10.907807785124218
run_0085,13,2023-11-16T08:18:01.992572+00:00,node_2,10.055599,OK,minor,minor,7.132140290123469,10.907807785124218
run_0085,13,2023-11-16T08:18:02.033890+00:00,node_3,8.984997,OK,minor,minor,7.132140290123469,10.907807785124218
run_0085,14,2023-11-16T08:18:21.632489+00:00,node_1,10.959817,OK,minor,minor,7.132140290123469,10.907807785124218
run_0085,14,2023-11-16T08:18:21.544744+00:00,node_2,10.379985,OK,minor,minor,7.132140290123469,10.907807785124218
run_0085,14,2023-11-16T08:18:21.794448+00:00,node_3,9.115939,OK,minor,minor,7.132140290123469,10.907807785124218
run_0085,15,2023-11-16T08:18:41.987434+00:00,node_1,10.524175,OK,minor,minor,7.132140290123469,10.907807785124218
run_0085,15,2023-11-16T08:18:42.131748+00:00,node_2,9.926353,OK,minor,minor,7.132140290123469,10.907807785124218
run_0085,15,2023-11-16T08:18:41.952434+00:00,node_3,8.908898,OK,minor,minor,7.132140290123469,10.907807785124218
run_0085,16,2023-11-16T08:19:02.049674+00:00,node_1,10.757339,OK,minor,minor,7.132140290123469,10.907807785124218
run_0085,16,2023-11-16T08:19:01.871379+00:00,node_2,9.966757,OK,minor,minor,7.132140290123469,10.907807785124218
run_0085,16,2023-11-16T08:19:02.063183+00:00,node_3,9.622268,OK,minor,minor,7.132140290123469,10.907807785124218
run_0085,17,2023-11-16T08:19:22.000078+00:00,node_1,11.221873,OK,minor,minor,7.132140290123469,10.907807785124218
run_0085,17,2023-11-16T08:19:22.182715+00:00,node_2,10.545209,OK,minor,minor,7.132140290123469,10.907807785124218
run_0085,17,2023-11-16T08:19:22.080032+00:00,node_3,8.978821,OK,minor,minor,7.132140290123469,10.907807785124218
run_0085,18,2023-11-16T08:19:41.834845+00:00,node_1,10.997171,OK,minor,minor,7.132140290123469,10.907807785124218
run_0085,18,2023-11-16T08:19:41.755336+00:00,node_2,10.124373,OK,minor,minor,7.132140290123469,10.907807785124218
run_0085,18,2023-11-16T08:19:41.629452+00:00,node_3,8.995385,OK,minor,minor,7.132140290123469,10.907807785124218
run_0085,19,2023-11-16T08:20:02.019424+00:00,node_1,11.067287,OK,minor,minor,7.132140290123469,10.907807785124218
run_0085,19,2023-11-16T08:20:02.044917+00:00,node_2,10.141866,OK,minor,minor,7.132140290123469,10.907807785124218
run_0085,19,2023-11-16T08:20:02.079496+00:00,node_3,9.068466,OK,minor,minor,7.132140290123469,10.907807785124218
run_0085,20,2023-11-16T08:20:22.170933+00:00,node_1,10.87034,OK,minor,minor,7.132140290123469,10.907807785124218
run_0085,20,2023-11-16T08:20:22.067070+00:00,node_2,10.33438,OK,minor,minor,7.132140290123469,10.907807785124218
run_0085,20,2023-11-16T08:20:21.961829+00:00,node_3,9.281367,OK,minor,minor,7.132140290123469,10.907807785124218
run_0085,21,2023-11-16T08:20:42.198140+00:00,node_1,10.894527,OK,minor,minor,7.132140290123469,10.907807785124218
run_0085,21,2023-11-16T08:20:42.419867+00:00,node_2,10.241498,OK,minor,minor,7.132140290123469,10.907807785124218
run_0085,21,2023-11-16T08:20:42.232852+00:00,node_3,8.95387,OK,minor,minor,7.132140290123469,10.907807785124218
run_0085,22,2023-11-16T08:21:02.542967+00:00,node_1,10.716345,OK,minor,minor,7.132140290123469,10.907807785124218
run_0085,22,2023-11-16T08:21:02.642955+00:00,node_2,10.33119,OK,minor,minor,7.132140290123469,10.907807785124218
run_0085,22,2023-11-16T08:21:02.589011+00:00,node_3,9.29669,OK,minor,minor,7.132140290123469,10.907807785124218
run_0085,23,2023-11-16T08:21:22.634538+00:00,node_1,10.546387,OK,minor,minor,7.132140290123469,10.907807785124218
run_0085,23,2023-11-16T08:21:22.949950+00:00,node_2,10.017477,OK,minor,minor,7.132140290123469,10.907807785124218
run_0085,23,2023-11-16T08:21:22.883430+00:00,node_3,9.023819,OK,minor,minor,7.132140290123469,10.907807785124218
run_0085,24,2023-11-16T08:21:43.200182+00:00,node_1,10.430051,OK,minor,minor,7.132140290123469,10.907807785124218
run_0085,24,2023-11-16T08:21:43.042835+00:00,node_2,9.37961,OK,minor,minor,7.132140290123469,10.907807785124218
run_0085,24,2023-11-16T08:21:42.991877+00:00,node_3,8.737439,OK,minor,minor,7.132140290123469,10.907807785124218
run_0085,25,2023-11-16T08:22:03.454738+00:00,node_1,10.051902,OK,minor,minor,7.132140290123469,10.907807785124218
run_0085,25,2023-11-16T08:22:03.399332+00:00,node_2,9.577927,OK,minor,minor,7.132140290123469,10.907807785124218
run_0085,25,2023-11-16T08:22:03.669830+00:00,node_3,8.860196,OK,minor,minor,7.132140290123469,10.907807785124218
run_0085,26,2023-11-16T08:22:23.532865+00:00,node_1,10.501094,OK,minor,minor,7.132140290123469,10.907807785124218
run_0085,26,2023-11-16T08:22:23.679893+00:00,node_2,9.757588,OK,minor,minor,7.132140290123469,10.907807785124218
run_0085,26,2023-11-16T08:22:23.410884+00:00,node_3,8.881438,OK,minor,minor,7.132140290123469,10.907807785124218
run_0085,27,2023-11-16T08:22:43.791527+00:00,node_1,10.343033,OK,minor,minor,7.132140290123469,10.907807785124218
run_0085,27,2023-11-16T08:22:43.787220+00:00,node_2,9.608214,OK,minor,minor,7.132140290123469,10.907807785124218
run_0085,27,2023-11-16T08:22:43.740922+00:00,node_3,8.541017,OK,minor,minor,7.132140290123469,10.907807785124218
run_0085,28,2023-11-16T08:23:03.158739+00:00,node_1,10.5964,OK,minor,minor,7.132140290123469,10.907807785124218
run_0085,28,2023-11-16T08:23:03.252126+00:00,node_2,9.825074,OK,minor,minor,7.132140290123469,10.907807785124218
run_0085,28,2023-11-16T08:23:03.314671+00:00,node_3,8.400866,OK,minor,minor,7.132140290123469,10.907807785124218
run_0085,29,2023-11-16T08:23:23.214619+00:00,node_1,10.720271,OK,minor,minor,7.132140290123469,10.907807785124218
run_0085,29,2023-11-16T08:23:23.276952+00:00,node_2,9.845285,OK,minor,minor,7.132140290123469,10.907807785124218
run_0085,29,2023-11-16T08:23:23.170583+00:00,node_3,8.478545,OK,minor,minor,7.132140290123469,10.907807785124218
run_0085,30,2023-11-16T08:23:43.462396+00:00,node_1,10.696676,OK,minor,minor,7.132140290123469,10.907807785124218
run_0085,30,2023-11-16T08:23:43.340764+00:00,node_2,10.133539,OK,minor,minor,7.132140290123469,10.907807785124218
run_0085,30,2023-11-16T08:23:43.365428+00:00,node_3,8.806704,OK,minor,minor,7.132140290123469,10.907807785124218
run_0085,31,2023-11-16T08:24:03.514391+00:00,node_1,10.611267,OK,normal,normal,0.0,0.0
run_0085,31,2023-11-16T08:24:03.680923+00:00,node_2,10.383761,OK,normal,normal,0.0,0.0
run_0085,31,2023-11-16T08:24:03.447042+00:00,node_3,10.43929,OK,normal,normal,0.0,0.0
run_0085,32,2023-11-16T08:24:23.583030+00:00,node_1,10.288071,OK,normal,normal,0.0,0.0
run_0085,32,2023-11-16T08:24:23.684813+00:00,node_2,10.519761,OK,normal,normal,0.0,0.0
run_0085,32,2023-11-16T08:24:23.770440+00:00,node_3,10.306292,OK,normal,normal,0.0,0.0
run_0085,33,2023-11-16T08:24:43.652326+00:00,node_1,10.452666,OK,normal,normal,0.0,0.0
run_0085,33,2023-11-16T08:24:43.547775+00:00,node_2,10.736949,OK,normal,normal,0.0,0.0
run_0085,33,2023-11-16T08:24:43.867576+00:00,node_3,10.528441,OK,normal,normal,0.0,0.0
run_0085,34,2023-11-16T08:25:03.810336+00:00,node_1,10.552561,OK,normal,normal,0.0,0.0
run_0085,34,2023-11-16T08:25:03.924138+00:00,node_2,10.519371,OK,normal,normal,0.0,0.0
run_0085,34,2023-11-16T08:25:04.140103+00:00,node_3,10.461471,OK,normal,normal,0.0,0.0
run_0085,35,2023-11-16T08:25:23.935743+00:00,node_1,10.274518,OK,normal,normal,0.0,0.0
run_0085,35,2023-11-16T08:25:24.003016+00:00,node_2,10.697401,OK,normal,normal,0.0,0.0
run_0085,35,2023-11-16T08:25:23.842584+00:00,node_3,10.26129,OK,normal,normal,0.0,0.0
run_0086,0,2023-11-16T08:37:40.262159+00:00,node_1,9.719655,OK,normal,normal,0.0,0.0
run_0086,0,2023-11-16T08:37:40.161327+00:00,node_2,10.325954,OK,normal,normal,0.0,0.0
run_0086,0,2023-11-16T08:37:40.273760+00:00,node_3,10.039936,OK,normal,normal,0.0,0.0
run_0086,1,2023-11-16T08:38:00.533330+00:00,node_1,10.39493,OK,normal,normal,0.0,0.0
run_0086,1,2023-11-16T08:38:00.417099+00:00,node_2,10.202039,OK,normal,normal,0.0,0.0
run_0086,1,2023-11-16T08:38:00.465217+00:00,node_3,10.064637,OK,normal,normal,0.0,0.0
run_0086,2,2023-11-16T08:38:20.475255+00:00,node_1,9.802341,OK,normal,normal,0.0,0.0
run_0086,2,2023-11-16T08:38:20.537478+00:00,node_2,10.193521,OK,normal,normal,0.0,0.0
run_0086,2,2023-11-16T08:38:20.603204+00:00,node_3,10.29006,OK,normal,normal,0.0,0.0
run_0086,3,2023-11-16T08:38:40.335726+00:00,node_1,9.793632,OK,normal,normal,0.0,0.0
run_0086,3,2023-11-16T08:38:40.219422+00:00,node_2,10.049468,OK,normal,normal,0.0,0.0
run_0086,3,2023-11-16T08:38:40.338471+00:00,node_3,10.342422,OK,normal,normal,0.0,0.0
run_0086,4,2023-11-16T08:39:00.168262+00:00,node_1,9.669704,OK,normal,normal,0.0,0.0
run_0086,4,2023-11-16T08:39:00.391938+00:00,node_2,10.038307,OK,normal,normal,0.0,0.0
run_0086,4,2023-11-16T08:39:00.182595+00:00,node_3,10.018456,OK,normal,normal,0.0,0.0
run_0086,5,2023-11-16T08:39:20.515452+00:00,node_1,9.736814,OK,minor,major,12.302762810614029,46.420947275083144
run_0086,5,2023-11-16T08:39:20.453159+00:00,node_2,8.99553,OK,minor,major,12.302762810614029,46.420947275083144
run_0086,5,2023-11-16T08:39:20.526825+00:00,node_3,4.901301,OK,minor,major,12.302762810614029,46.420947275083144
run_0086,6,2023-11-16T08:39:40.472694+00:00,node_1,10.158703,OK,minor,major,12.302762810614029,46.420947275083144
run_0086,6,2023-11-16T08:39:40.578488+00:00,node_2,8.904445,OK,minor,major,12.302762810614029,46.420947275083144
run_0086,6,2023-11-16T08:39:40.511646+00:00,node_3,4.864467,OK,minor,major,12.302762810614029,46.420947275083144
run_0086,7,2023-11-16T08:40:00.571611+00:00,node_1,10.45089,OK,minor,major,12.302762810614029,46.420947275083144
run_0086,7,2023-11-16T08:40:00.603601+00:00,node_2,9.000652,OK,minor,major,12.302762810614029,46.420947275083144
run_0086,7,2023-11-16T08:40:00.646973+00:00,node_3,4.655997,OK,minor,major,12.302762810614029,46.420947275083144
run_0086,8,2023-11-16T08:40:20.513880+00:00,node_1,10.229204,OK,minor,major,12.302762810614029,46.420947275083144
run_0086,8,2023-11-16T08:40:20.452209+00:00,node_2,8.781806,OK,minor,major,12.302762810614029,46.420947275083144
run_0086,8,2023-11-16T08:40:20.551964+00:00,node_3,4.810719,OK,minor,major,12.302762810614029,46.420947275083144
run_0086,9,2023-11-16T08:40:40.270072+00:00,node_1,10.175947,OK,minor,major,12.302762810614029,46.420947275083144
run_0086,9,2023-11-16T08:40:40.327651+00:00,node_2,9.016794,OK,minor,major,12.302762810614029,46.420947275083144
run_0086,9,2023-11-16T08:40:40.504722+00:00,node_3,4.741883,OK,minor,major,12.302762810614029,46.420947275083144
run_0086,10,2023-11-16T08:41:00.333616+00:00,node_1,9.614281,OK,minor,major,12.302762810614029,46.420947275083144
run_0086,10,2023-11-16T08:41:00.236550+00:00,node_2,8.529068,OK,minor,major,12.302762810614029,46.420947275083144
run_0086,10,2023-11-16T08:41:00.164182+00:00,node_3,4.714671,OK,minor,major,12.302762810614029,46.420947275083144
run_0086,11,2023-11-16T08:41:20.815476+00:00,node_1,10.227262,OK,minor,major,12.302762810614029,46.420947275083144
run_0086,11,2023-11-16T08:41:20.798601+00:00,node_2,8.616567,OK,minor,major,12.302762810614029,46.420947275083144
run_0086,11,2023-11-16T08:41:20.598600+00:00,node_3,4.91882,OK,minor,major,12.302762810614029,46.420947275083144
run_0086,12,2023-11-16T08:41:40.532605+00:00,node_1,8.354947,OK,minor,major,12.302762810614029,46.420947275083144
run_0086,12,2023-11-16T08:41:40.375375+00:00,node_2,7.310193,OK,minor,major,12.302762810614029,46.420947275083144
run_0086,12,2023-11-16T08:41:40.531018+00:00,node_3,3.997984,OK,minor,major,12.302762810614029,46.420947275083144
run_0086,13,2023-11-16T08:42:00.481701+00:00,node_1,8.659925,OK,minor,major,12.302762810614029,46.420947275083144
run_0086,13,2023-11-16T08:42:00.414792+00:00,node_2,7.103619,OK,minor,major,12.302762810614029,46.420947275083144
run_0086,13,2023-11-16T08:42:00.346481+00:00,node_3,4.040299,OK,minor,major,12.302762810614029,46.420947275083144
run_0086,14,2023-11-16T08:42:20.614729+00:00,node_1,8.718727,OK,minor,major,12.302762810614029,46.420947275083144
run_0086,14,2023-11-16T08:42:20.389708+00:00,node_2,7.784934,OK,minor,major,12.302762810614029,46.420947275083144
run_0086,14,2023-11-16T08:42:20.451049+00:00,node_3,4.060247,OK,minor,major,12.302762810614029,46.420947275083144
run_0086,15,2023-11-16T08:42:40.072940+00:00,node_1,8.32365,OK,minor,major,12.302762810614029,46.420947275083144
run_0086,15,2023-11-16T08:42:40.127184+00:00,node_2,7.696656,OK,minor,major,12.302762810614029,46.420947275083144
run_0086,15,2023-11-16T08:42:40.186431+00:00,node_3,4.041507,OK,minor,major,12.302762810614029,46.420947275083144
run_0086,16,2023-11-16T08:43:00.158213+00:00,node_1,8.584938,OK,minor,major,12.302762810614029,46.420947275083144
run_0086,16,2023-11-16T08:43:00.405755+00:00,node_2,7.409245,OK,minor,major,12.302762810614029,46.420947275083144
run_0086,16,2023-11-16T08:43:00.229836+00:00,node_3,4.104118,OK,minor,major,12.302762810614029,46.420947275083144
run_0086,17,2023-11-16T08:43:20.459286+00:00,node_1,8.614138,OK,minor,major,12.302762810614029,46.420947275083144
run_0086,17,2023-11-16T08:43:20.339583+00:00,node_2,7.285928,OK,minor,major,12.302762810614029,46.420947275083144
run_0086,17,2023-11-16T08:43:20.499930+00:00,node_3,3.969202,OK,minor,major,12.302762810614029,46.420947275083144
run_0086,18,2023-11-16T08:43:40.079879+00:00,node_1,8.634211,OK,minor,major,12.302762810614029,46.420947275083144
run_0086,18,2023-11-16T08:43:39.959011+00:00,node_2,7.508401,OK,minor,major,12.302762810614029,46.420947275083144
run_0086,18,2023-11-16T08:43:40.241415+00:00,node_3,4.03236,OK,minor,major,12.302762810614029,46.420947275083144
run_0086,19,2023-11-16T08:44:00.268445+00:00,node_1,8.692961,OK,minor,major,12.302762810614029,46.420947275083144
run_0086,19,2023-11-16T08:44:00.238082+00:00,node_2,7.413929,OK,minor,major,12.302762810614029,46.420947275083144
run_0086,19,2023-11-16T08:44:00.131051+00:00,node_3,4.067945,OK,minor,major,12.302762810614029,46.420947275083144
run_0086,20,2023-11-16T08:44:19.978822+00:00,node_1,8.360054,OK,minor,major,12.302762810614029,46.420947275083144
run_0086,20,2023-11-16T08:44:19.846763+00:00,node_2,7.41372,OK,minor,major,12.302762810614029,46.420947275083144
run_0086,20,2023-11-16T08:44:19.938473+00:00,node_3,4.077751,OK,minor,major,12.302762810614029,46.420947275083144
run_0086,21,2023-11-16T08:44:39.738814+00:00,node_1,8.520584,OK,minor,major,12.302762810614029,46.420947275083144
run_0086,21,2023-11-16T08:44:39.893725+00:00,node_2,7.579092,OK,minor,major,12.302762810614029,46.420947275083144
run_0086,21,2023-11-16T08:44:39.725007+00:00,node_3,3.82079,OK,minor,major,12.302762810614029,46.420947275083144
run_0086,22,2023-11-16T08:44:59.857362+00:00,node_1,8.422883,OK,minor,major,12.302762810614029,46.420947275083144
run_0086,22,2023-11-16T08:45:00.065285+00:00,node_2,7.500421,OK,minor,major,12.302762810614029,46.420947275083144
run_0086,22,2023-11-16T08:44:59.843824+00:00,node_3,4.160857,OK,minor,major,12.302762810614029,46.420947275083144
run_0086,23,2023-11-16T08:45:20.067206+00:00,node_1,8.675121,OK,minor,major,12.302762810614029,46.420947275083144
run_0086,23,2023-11-16T08:45:19.960746+00:00,node_2,7.548012,OK,minor,major,12.302762810614029,46.420947275083144
run_0086,23,2023-11-16T08:45:20.033582+00:00,node_3,3.962137,OK,minor,major,12.302762810614029,46.420947275083144
run_0086,24,2023-11-16T08:45:40.321654+00:00,node_1,11.196009,OK,minor,major,12.302762810614029,46.420947275083144
run_0086,24,2023-11-16T08:45:40.317147+00:00,node_2,10.154273,OK,minor,major,12.302762810614029,46.420947275083144
run_0086,24,2023-11-16T08:45:40.218270+00:00,node_3,5.09992,OK,minor,major,12.302762810614029,46.420947275083144
run_0086,25,2023-11-16T08:46:00.431874+00:00,node_1,10.843421,OK,minor,major,12.302762810614029,46.420947275083144
run_0086,25,2023-11-16T08:46:00.390636+00:00,node_2,9.958351,OK,minor,major,12.302762810614029,46.420947275083144
run_0086,25,2023-11-16T08:46:00.558941+00:00,node_3,5.137105,OK,minor,major,12.302762810614029,46.420947275083144
run_0086,26,2023-11-16T08:46:20.321216+00:00,node_1,11.257972,OK,minor,major,12.302762810614029,46.420947275083144
run_0086,26,2023-11-16T08:46:20.396571+00:00,node_2,9.812986,OK,minor,major,12.302762810614029,46.420947275083144
run_0086,26,2023-11-16T08:46:20.439336+00:00,node_3,5.547947,OK,minor,major,12.302762810614029,46.420947275083144
run_0086,27,2023-11-16T08:46:40.436182+00:00,node_1,11.361621,OK,minor,major,12.302762810614029,46.420947275083144
run_0086,27,2023-11-16T08:46:40.590333+00:00,node_2,9.516598,OK,minor,major,12.302762810614029,46.420947275083144
run_0086,27,2023-11-16T08:46:40.589912+00:00,node_3,5.148884,OK,minor,major,12.302762810614029,46.420947275083144
run_0086,28,2023-11-16T08:47:00.151413+00:00,node_1,10.889684,OK,minor,major,12.302762810614029,46.420947275083144
run_0086,28,2023-11-16T08:47:00.106040+00:00,node_2,10.017931,OK,minor,major,12.302762810614029,46.420947275083144
run_0086,28,2023-11-16T08:47:00.073464+00:00,node_3,5.362616,OK,minor,major,12.302762810614029,46.420947275083144
run_0086,29,2023-11-16T08:47:19.697998+00:00,node_1,10.926439,OK,minor,major,12.302762810614029,46.420947275083144
run_0086,29,2023-11-16T08:47:19.644508+00:00,node_2,9.815587,OK,minor,major,12.302762810614029,46.420947275083144
run_0086,29,2023-11-16T08:47:19.660827+00:00,node_3,5.10613,OK,minor,major,12.302762810614029,46.420947275083144
run_0086,30,2023-11-16T08:47:39.329809+00:00,node_1,11.074795,OK,minor,major,12.302762810614029,46.420947275083144
run_0086,30,2023-11-16T08:47:39.465611+00:00,node_2,9.898997,OK,minor,major,12.302762810614029,46.420947275083144
run_0086,30,2023-11-16T08:47:39.516309+00:00,node_3,5.137281,OK,minor,major,12.302762810614029,46.420947275083144
run_0086,31,2023-11-16T08:47:59.562792+00:00,node_1,11.130592,OK,normal,normal,0.0,0.0
run_0086,31,2023-11-16T08:47:59.748199+00:00,node_2,10.987283,OK,normal,normal,0.0,0.0
run_0086,31,2023-11-16T08:47:59.581606+00:00,node_3,11.311723,OK,normal,normal,0.0,0.0
run_0086,32,2023-11-16T08:48:19.537815+00:00,node_1,11.422222,OK,normal,normal,0.0,0.0
run_0086,32,2023-11-16T08:48:19.400726+00:00,node_2,11.083417,OK,normal,normal,0.0,0.0
run_0086,32,2023-11-16T08:48:19.671955+00:00,node_3,10.905819,OK,normal,normal,0.0,0.0
run_0086,33,2023-11-16T08:48:39.358400+00:00,node_1,11.136947,OK,normal,normal,0.0,0.0
run_0086,33,2023-11-16T08:48:39.604186+00:00,node_2,10.881475,OK,normal,normal,0.0,0.0
run_0086,33,2023-11-16T08:48:39.514256+00:00,node_3,11.325323,OK,normal,normal,0.0,0.0
run_0086,34,2023-11-16T08:48:59.846979+00:00,node_1,11.456888,OK,normal,normal,0.0,0.0
run_0086,34,2023-11-16T08:48:59.765514+00:00,node_2,10.644242,OK,normal,normal,0.0,0.0
run_0086,34,2023-11-16T08:48:59.607324+00:00,node_3,11.277776,OK,normal,normal,0.0,0.0
run_0086,35,2023-11-16T08:49:19.364632+00:00,node_1,11.469847,OK,normal,normal,0.0,0.0
run_0086,35,2023-11-16T08:49:19.221900+00:00,node_2,11.544219,OK,normal,normal,0.0,0.0
run_0086,35,2023-11-16T08:49:19.557882+00:00,node_3,11.248775,OK,normal,normal,0.0,0.0
run_0087,0,2023-11-16T09:01:39.873970+00:00,node_1,10.087022,OK,normal,normal,0.0,0.0
run_0087,0,2023-11-16T09:01:39.679444+00:00,node_2,10.314714,OK,normal,normal,0.0,0.0
run_0087,0,2023-11-16T09:01:39.987298+00:00,node_3,10.213388,OK,normal,normal,0.0,0.0
run_0087,1,2023-11-16T09:01:59.626448+00:00,node_1,10.411751,OK,normal,normal,0.0,0.0
run_0087,1,2023-11-16T09:01:59.877395+00:00,node_2,10.228367,OK,normal,normal,0.0,0.0
run_0087,1,2023-11-16T09:01:59.780022+00:00,node_3,10.685883,OK,normal,normal,0.0,0.0
run_0087,2,2023-11-16T09:02:19.410725+00:00,node_1,10.263964,OK,normal,normal,0.0,0.0
run_0087,2,2023-11-16T09:02:19.321747+00:00,node_2,10.403252,OK,normal,normal,0.0,0.0
run_0087,2,2023-11-16T09:02:19.605369+00:00,node_3,10.673722,OK,normal,normal,0.0,0.0
run_0087,3,2023-11-16T09:02:39.297275+00:00,node_1,10.487305,OK,normal,normal,0.0,0.0
run_0087,3,2023-11-16T09:02:39.604516+00:00,node_2,10.564015,OK,normal,normal,0.0,0.0
run_0087,3,2023-11-16T09:02:39.624884+00:00,node_3,10.204762,OK,normal,normal,0.0,0.0
run_0087,4,2023-11-16T09:02:59.423851+00:00,node_1,10.154294,OK,normal,normal,0.0,0.0
run_0087,4,2023-11-16T09:02:59.439982+00:00,node_2,10.05975,OK,normal,normal,0.0,0.0
run_0087,4,2023-11-16T09:02:59.341154+00:00,node_3,10.399704,OK,normal,normal,0.0,0.0
run_0087,5,2023-11-16T09:03:19.848570+00:00,node_1,10.256847,OK,major,normal,44.16249381149866,0
run_0087,5,2023-11-16T09:03:19.664400+00:00,node_2,5.821386,OK,major,normal,44.16249381149866,0
run_0087,5,2023-11-16T09:03:19.682704+00:00,node_3,5.839253,OK,major,normal,44.16249381149866,0
run_0087,6,2023-11-16T09:03:39.963807+00:00,node_1,10.202342,OK,major,normal,44.16249381149866,0
run_0087,6,2023-11-16T09:03:39.886841+00:00,node_2,5.807555,OK,major,normal,44.16249381149866,0
run_0087,6,2023-11-16T09:03:40.108937+00:00,node_3,5.995974,OK,major,normal,44.16249381149866,0
run_0087,7,2023-11-16T09:04:00.285659+00:00,node_1,10.495899,OK,major,normal,44.16249381149866,0
run_0087,7,2023-11-16T09:04:00.379521+00:00,node_2,5.958257,OK,major,normal,44.16249381149866,0
run_0087,7,2023-11-16T09:04:00.507608+00:00,node_3,5.787817,OK,major,normal,44.16249381149866,0
run_0087,8,2023-11-16T09:04:20.662665+00:00,node_1,10.648008,OK,major,normal,44.16249381149866,0
run_0087,8,2023-11-16T09:04:20.838154+00:00,node_2,5.803744,OK,major,normal,44.16249381149866,0
run_0087,8,2023-11-16T09:04:20.647557+00:00,node_3,5.713151,OK,major,normal,44.16249381149866,0
run_0087,9,2023-11-16T09:04:40.520312+00:00,node_1,10.450908,OK,major,normal,44.16249381149866,0
run_0087,9,2023-11-16T09:04:40.290064+00:00,node_2,5.994498,OK,major,normal,44.16249381149866,0
run_0087,9,2023-11-16T09:04:40.543537+00:00,node_3,5.920842,OK,major,normal,44.16249381149866,0
run_0087,10,2023-11-16T09:05:00.165418+00:00,node_1,10.613597,OK,major,normal,44.16249381149866,0
run_0087,10,2023-11-16T09:04:59.936241+00:00,node_2,5.846792,OK,major,normal,44.16249381149866,0
run_0087,10,2023-11-16T09:05:00.194179+00:00,node_3,5.860073,OK,major,normal,44.16249381149866,0
run_0087,11,2023-11-16T09:05:20.354275+00:00,node_1,10.461386,OK,major,normal,44.16249381149866,0
run_0087,11,2023-11-16T09:05:20.526682+00:00,node_2,5.921605,OK,major,normal,44.16249381149866,0
run_0087,11,2023-11-16T09:05:20.317630+00:00,node_3,5.833177,OK,major,normal,44.16249381149866,0
run_0087,12,2023-11-16T09:05:40.332030+00:00,node_1,9.608521,OK,major,normal,44.16249381149866,0
run_0087,12,2023-11-16T09:05:40.593761+00:00,node_2,5.224704,OK,major,normal,44.16249381149866,0
run_0087,12,2023-11-16T09:05:40.364132+00:00,node_3,5.146231,OK,major,normal,44.16249381149866,0
run_0087,13,2023-11-16T09:06:00.487402+00:00,node_1,9.051215,OK,major,normal,44.16249381149866,0
run_0087,13,2023-11-16T09:06:00.388510+00:00,node_2,5.134536,OK,major,normal,44.16249381149866,0
run_0087,13,2023-11-16T09:06:00.480708+00:00,node_3,5.111317,OK,major,normal,44.16249381149866,0
run_0087,14,2023-11-16T09:06:20.851638+00:00,node_1,9.410785,OK,major,normal,44.16249381149866,0
run_0087,14,2023-11-16T09:06:20.904840+00:00,node_2,5.028575,OK,major,normal,44.16249381149866,0
run_0087,14,2023-11-16T09:06:20.891001+00:00,node_3,5.1346,OK,major,normal,44.16249381149866,0
run_0087,15,2023-11-16T09:06:40.449641+00:00,node_1,9.187378,OK,major,normal,44.16249381149866,0
run_0087,15,2023-11-16T09:06:40.743600+00:00,node_2,5.182007,OK,major,normal,44.16249381149866,0
run_0087,15,2023-11-16T09:06:40.716804+00:00,node_3,5.340492,OK,major,normal,44.16249381149866,0
run_0087,16,2023-11-16T09:07:00.746605+00:00,node_1,9.357608,OK,major,normal,44.16249381149866,0
run_0087,16,2023-11-16T09:07:00.702164+00:00,node_2,5.261022,OK,major,normal,44.16249381149866,0
run_0087,16,2023-11-16T09:07:00.629067+00:00,node_3,5.158401,OK,major,normal,44.16249381149866,0
run_0087,17,2023-11-16T09:07:20.965908+00:00,node_1,9.309285,OK,major,normal,44.16249381149866,0
run_0087,17,2023-11-16T09:07:20.887626+00:00,node_2,5.043658,OK,major,normal,44.16249381149866,0
run_0087,17,2023-11-16T09:07:20.762372+00:00,node_3,5.275237,OK,major,normal,44.16249381149866,0
run_0087,18,2023-11-16T09:07:40.918866+00:00,node_1,9.073659,OK,major,normal,44.16249381149866,0
run_0087,18,2023-11-16T09:07:41.118712+00:00,node_2,5.29466,OK,major,normal,44.16249381149866,0
run_0087,18,2023-11-16T09:07:41.201011+00:00,node_3,5.232332,OK,major,normal,44.16249381149866,0
run_0087,19,2023-11-16T09:08:01.215121+00:00,node_1,8.850762,OK,major,normal,44.16249381149866,0
run_0087,19,2023-11-16T09:08:01.197259+00:00,node_2,5.141116,OK,major,normal,44.16249381149866,0
run_0087,19,2023-11-16T09:08:01.283095+00:00,node_3,5.244937,OK,major,normal,44.16249381149866,0
run_0087,20,2023-11-16T09:08:21.199745+00:00,node_1,9.617974,OK,major,normal,44.16249381149866,0
run_0087,20,2023-11-16T09:08:21.373712+00:00,node_2,5.2957,OK,major,normal,44.16249381149866,0
run_0087,20,2023-11-16T09:08:21.262034+00:00,node_3,5.206907,OK,major,normal,44.16249381149866,0
run_0087,21,2023-11-16T09:08:41.162497+00:00,node_1,8.920532,OK,major,normal,44.16249381149866,0
run_0087,21,2023-11-16T09:08:40.840703+00:00,node_2,5.109306,OK,major,normal,44.16249381149866,0
run_0087,21,2023-11-16T09:08:40.986738+00:00,node_3,4.999985,OK,major,normal,44.16249381149866,0
run_0087,22,2023-11-16T09:09:01.036451+00:00,node_1,9.433883,OK,major,normal,44.16249381149866,0
run_0087,22,2023-11-16T09:09:01.377742+00:00,node_2,5.161207,OK,major,normal,44.16249381149866,0
run_0087,22,2023-11-16T09:09:01.313682+00:00,node_3,4.983328,OK,major,normal,44.16249381149866,0
run_0087,23,2023-11-16T09:09:20.856882+00:00,node_1,9.530681,OK,major,normal,44.16249381149866,0
run_0087,23,2023-11-16T09:09:21.097283+00:00,node_2,5.216086,OK,major,normal,44.16249381149866,0
run_0087,23,2023-11-16T09:09:20.962206+00:00,node_3,5.26677,OK,major,normal,44.16249381149866,0
run_0087,24,2023-11-16T09:09:41.093007+00:00,node_1,10.104643,OK,major,normal,44.16249381149866,0
run_0087,24,2023-11-16T09:09:41.350447+00:00,node_2,5.620573,OK,major,normal,44.16249381149866,0
run_0087,24,2023-11-16T09:09:41.263260+00:00,node_3,5.648601,OK,major,normal,44.16249381149866,0
run_0087,25,2023-11-16T09:10:01.071969+00:00,node_1,10.478937,OK,major,normal,44.16249381149866,0
run_0087,25,2023-11-16T09:10:01.070866+00:00,node_2,5.626475,OK,major,normal,44.16249381149866,0
run_0087,25,2023-11-16T09:10:01.248541+00:00,node_3,5.760779,OK,major,normal,44.16249381149866,0
run_0087,26,2023-11-16T09:10:20.784106+00:00,node_1,10.181674,OK,major,normal,44.16249381149866,0
run_0087,26,2023-11-16T09:10:21.085084+00:00,node_2,5.719709,OK,major,normal,44.16249381149866,0
run_0087,26,2023-11-16T09:10:21.107118+00:00,node_3,5.583336,OK,major,normal,44.16249381149866,0
run_0087,27,2023-11-16T09:10:40.694203+00:00,node_1,10.680325,OK,major,normal,44.16249381149866,0
run_0087,27,2023-11-16T09:10:40.676924+00:00,node_2,5.872673,OK,major,normal,44.16249381149866,0
run_0087,27,2023-11-16T09:10:40.701602+00:00,node_3,5.688743,OK,major,normal,44.16249381149866,0
run_0087,28,2023-11-16T09:11:01.116839+00:00,node_1,10.110372,OK,major,normal,44.16249381149866,0
run_0087,28,2023-11-16T09:11:01.051130+00:00,node_2,5.413681,OK,major,normal,44.16249381149866,0
run_0087,28,2023-11-16T09:11:00.999958+00:00,node_3,5.793822,OK,major,normal,44.16249381149866,0
run_0087,29,2023-11-16T09:11:20.758030+00:00,node_1,10.047097,OK,major,normal,44.16249381149866,0
run_0087,29,2023-11-16T09:11:20.613199+00:00,node_2,5.788224,OK,major,normal,44.16249381149866,0
run_0087,29,2023-11-16T09:11:20.570529+00:00,node_3,5.76698,OK,major,normal,44.16249381149866,0
run_0087,30,2023-11-16T09:11:40.316142+00:00,node_1,10.04795,OK,major,normal,44.16249381149866,0
run_0087,30,2023-11-16T09:11:40.257947+00:00,node_2,5.668187,OK,major,normal,44.16249381149866,0
run_0087,30,2023-11-16T09:11:40.292802+00:00,node_3,5.734502,OK,major,normal,44.16249381149866,0
run_0087,31,2023-11-16T09:12:00.032394+00:00,node_1,10.411996,OK,normal,normal,0.0,0.0
run_0087,31,2023-11-16T09:12:00.112113+00:00,node_2,9.779904,OK,normal,normal,0.0,0.0
run_0087,31,2023-11-16T09:12:00.070588+00:00,node_3,10.217239,OK,normal,normal,0.0,0.0
run_0087,32,2023-11-16T09:12:20.677060+00:00,node_1,10.352585,OK,normal,normal,0.0,0.0
run_0087,32,2023-11-16T09:12:20.323869+00:00,node_2,10.132766,OK,normal,normal,0.0,0.0
run_0087,32,2023-11-16T09:12:20.497891+00:00,node_3,10.097846,OK,normal,normal,0.0,0.0
run_0087,33,2023-11-16T09:12:40.650160+00:00,node_1,10.36175,OK,normal,normal,0.0,0.0
run_0087,33,2023-11-16T09:12:40.776507+00:00,node_2,9.818569,OK,normal,normal,0.0,0.0
run_0087,33,2023-11-16T09:12:40.527162+00:00,node_3,10.182961,OK,normal,normal,0.0,0.0
run_0087,34,2023-11-16T09:13:00.450437+00:00,node_1,10.20686,OK,normal,normal,0.0,0.0
run_0087,34,2023-11-16T09:13:00.591619+00:00,node_2,9.870268,OK,normal,normal,0.0,0.0
run_0087,34,2023-11-16T09:13:00.453449+00:00,node_3,10.179136,OK,normal,normal,0.0,0.0
run_0087,35,2023-11-16T09:13:20.362510+00:00,node_1,10.088308,OK,normal,normal,0.0,0.0
run_0087,35,2023-11-16T09:13:20.338296+00:00,node_2,10.128669,OK,normal,normal,0.0,0.0
run_0087,35,2023-11-16T09:13:20.611542+00:00,node_3,10.485687,OK,normal,normal,0.0,0.0
run_0088,0,2023-11-16T09:25:39.740526+00:00,node_1,10.540908,OK,normal,normal,0.0,0.0
run_0088,0,2023-11-16T09:25:39.621413+00:00,node_2,10.517357,OK,normal,normal,0.0,0.0
run_0088,0,2023-11-16T09:25:39.831341+00:00,node_3,10.736634,OK,normal,normal,0.0,0.0
run_0088,1,2023-11-16T09:25:59.991247+00:00,node_1,10.007123,OK,normal,normal,0.0,0.0
run_0088,1,2023-11-16T09:25:59.795307+00:00,node_2,10.24569,OK,normal,normal,0.0,0.0
run_0088,1,2023-11-16T09:25:59.755795+00:00,node_3,9.895278,OK,normal,normal,0.0,0.0
run_0088,2,2023-11-16T09:26:20.193473+00:00,node_1,10.461181,OK,normal,normal,0.0,0.0
run_0088,2,2023-11-16T09:26:19.982661+00:00,node_2,10.435945,OK,normal,normal,0.0,0.0
run_0088,2,2023-11-16T09:26:20.300350+00:00,node_3,10.325839,OK,normal,normal,0.0,0.0
run_0088,3,2023-11-16T09:26:40.219854+00:00,node_1,10.543087,OK,normal,normal,0.0,0.0
run_0088,3,2023-11-16T09:26:40.006233+00:00,node_2,10.230831,OK,normal,normal,0.0,0.0
run_0088,3,2023-11-16T09:26:40.112831+00:00,node_3,10.267341,OK,normal,normal,0.0,0.0
run_0088,4,2023-11-16T09:26:59.935560+00:00,node_1,10.484239,OK,normal,normal,0.0,0.0
run_0088,4,2023-11-16T09:26:59.751634+00:00,node_2,10.228487,OK,normal,normal,0.0,0.0
run_0088,4,2023-11-16T09:27:00.046067+00:00,node_3,10.149462,OK,normal,normal,0.0,0.0
run_0088,5,2023-11-16T09:27:20.127988+00:00,node_1,10.377182,OK,major,minor,35.73499312014658,7.985106118707972
run_0088,5,2023-11-16T09:27:20.360988+00:00,node_2,6.479682,OK,major,minor,35.73499312014658,7.985106118707972
run_0088,5,2023-11-16T09:27:20.278457+00:00,node_3,6.198446,OK,major,minor,35.73499312014658,7.985106118707972
run_0088,6,2023-11-16T09:27:40.070517+00:00,node_1,10.462174,OK,major,minor,35.73499312014658,7.985106118707972
run_0088,6,2023-11-16T09:27:40.159093+00:00,node_2,6.854756,OK,major,minor,35.73499312014658,7.985106118707972
run_0088,6,2023-11-16T09:27:40.375412+00:00,node_3,5.87917,OK,major,minor,35.73499312014658,7.985106118707972
run_0088,7,2023-11-16T09:28:00.079993+00:00,node_1,10.623328,OK,major,minor,35.73499312014658,7.985106118707972
run_0088,7,2023-11-16T09:27:59.993850+00:00,node_2,6.603548,OK,major,minor,35.73499312014658,7.985106118707972
run_0088,7,2023-11-16T09:28:00.124078+00:00,node_3,5.957872,OK,major,minor,35.73499312014658,7.985106118707972
run_0088,8,2023-11-16T09:28:19.953468+00:00,node_1,10.289564,OK,major,minor,35.73499312014658,7.985106118707972
run_0088,8,2023-11-16T09:28:20.070637+00:00,node_2,6.58766,OK,major,minor,35.73499312014658,7.985106118707972
run_0088,8,2023-11-16T09:28:20.006753+00:00,node_3,6.387044,OK,major,minor,35.73499312014658,7.985106118707972
run_0088,9,2023-11-16T09:28:40.137068+00:00,node_1,10.402768,OK,major,minor,35.73499312014658,7.985106118707972
run_0088,9,2023-11-16T09:28:40.395021+00:00,node_2,6.705528,OK,major,minor,35.73499312014658,7.985106118707972
run_0088,9,2023-11-16T09:28:40.107269+00:00,node_3,6.122582,OK,major,minor,35.73499312014658,7.985106118707972
run_0088,10,2023-11-16T09:29:00.532771+00:00,node_1,10.460352,OK,major,minor,35.73499312014658,7.985106118707972
run_0088,10,2023-11-16T09:29:00.683217+00:00,node_2,6.486806,OK,major,minor,35.73499312014658,7.985106118707972
run_0088,10,2023-11-16T09:29:00.627108+00:00,node_3,6.09462,OK,major,minor,35.73499312014658,7.985106118707972
run_0088,11,2023-11-16T09:29:20.355081+00:00,node_1,10.761924,OK,major,minor,35.73499312014658,7.985106118707972
run_0088,11,2023-11-16T09:29:20.207329+00:00,node_2,6.538565,OK,major,minor,35.73499312014658,7.985106118707972
run_0088,11,2023-11-16T09:29:20.352960+00:00,node_3,6.161292,OK,major,minor,35.73499312014658,7.985106118707972
run_0088,12,2023-11-16T09:29:40.532580+00:00,node_1,8.912379,OK,major,minor,35.73499312014658,7.985106118707972
run_0088,12,2023-11-16T09:29:40.221386+00:00,node_2,5.701106,OK,major,minor,35.73499312014658,7.985106118707972
run_0088,12,2023-11-16T09:29:40.533589+00:00,node_3,5.094688,OK,major,minor,35.73499312014658,7.985106118707972
run_0088,13,2023-11-16T09:30:00.485340+00:00,node_1,8.811442,OK,major,minor,35.73499312014658,7.985106118707972
run_0088,13,2023-11-16T09:30:00.582313+00:00,node_2,5.589741,OK,major,minor,35.73499312014658,7.985106118707972
run_0088,13,2023-11-16T09:30:00.550588+00:00,node_3,5.169241,OK,major,minor,35.73499312014658,7.985106118707972
run_0088,14,2023-11-16T09:30:20.288631+00:00,node_1,8.959241,OK,major,minor,35.73499312014658,7.985106118707972
run_0088,14,2023-11-16T09:30:20.518176+00:00,node_2,5.659392,OK,major,minor,35.73499312014658,7.985106118707972
run_0088,14,2023-11-16T09:30:20.368086+00:00,node_3,5.061192,OK,major,minor,35.73499312014658,7.985106118707972
run_0088,15,2023-11-16T09:30:40.632730+00:00,node_1,8.787352,OK,major,minor,35.73499312014658,7.985106118707972
run_0088,15,2023-11-16T09:30:40.859288+00:00,node_2,5.655416,OK,major,minor,35.73499312014658,7.985106118707972
run_0088,15,2023-11-16T09:30:40.814737+00:00,node_3,5.251767,OK,major,minor,35.73499312014658,7.985106118707972
run_0088,16,2023-11-16T09:31:01.076605+00:00,node_1,8.618031,OK,major,minor,35.73499312014658,7.985106118707972
run_0088,16,2023-11-16T09:31:01.078217+00:00,node_2,5.783749,OK,major,minor,35.73499312014658,7.985106118707972
run_0088,16,2023-11-16T09:31:01.011564+00:00,node_3,5.017175,OK,major,minor,35.73499312014658,7.985106118707972
run_0088,17,2023-11-16T09:31:20.843721+00:00,node_1,8.896239,OK,major,minor,35.73499312014658,7.985106118707972
run_0088,17,2023-11-16T09:31:20.901781+00:00,node_2,5.469664,OK,major,minor,35.73499312014658,7.985106118707972
run_0088,17,2023-11-16T09:31:20.744996+00:00,node_3,5.26957,OK,major,minor,35.73499312014658,7.985106118707972
run_0088,18,2023-11-16T09:31:41.213425+00:00,node_1,8.614788,OK,major,minor,35.73499312014658,7.985106118707972
run_0088,18,2023-11-16T09:31:40.936485+00:00,node_2,5.440575,OK,major,minor,35.73499312014658,7.985106118707972
run_0088,18,2023-11-16T09:31:40.927970+00:00,node_3,5.222936,OK,major,minor,35.73499312014658,7.985106118707972
run_0088,19,2023-11-16T09:32:01.191569+00:00,node_1,8.871957,OK,major,minor,35.73499312014658,7.985106118707972
run_0088,19,2023-11-16T09:32:01.179749+00:00,node_2,5.49467,OK,major,minor,35.73499312014658,7.985106118707972
run_0088,19,2023-11-16T09:32:01.058831+00:00,node_3,5.272198,OK,major,minor,35.73499312014658,7.985106118707972
run_0088,20,2023-11-16T09:32:21.572983+00:00,node_1,8.915629,OK,major,minor,35.73499312014658,7.985106118707972
run_0088,20,2023-11-16T09:32:21.472673+00:00,node_2,5.613275,OK,major,minor,35.73499312014658,7.985106118707972
run_0088,20,2023-11-16T09:32:21.574416+00:00,node_3,5.148307,OK,major,minor,35.73499312014658,7.985106118707972
run_0088,21,2023-11-16T09:32:41.903641+00:00,node_1,8.909146,OK,major,minor,35.73499312014658,7.985106118707972
run_0088,21,2023-11-16T09:32:41.594680+00:00,node_2,5.657302,OK,major,minor,35.73499312014658,7.985106118707972
run_0088,21,2023-11-16T09:32:41.590734+00:00,node_3,5.042369,OK,major,minor,35.73499312014658,7.985106118707972
run_0088,22,2023-11-16T09:33:01.657696+00:00,node_1,8.841934,OK,major,minor,35.73499312014658,7.985106118707972
run_0088,22,2023-11-16T09:33:01.832298+00:00,node_2,5.606459,OK,major,minor,35.73499312014658,7.985106118707972
run_0088,22,2023-11-16T09:33:01.702357+00:00,node_3,5.239728,OK,major,minor,35.73499312014658,7.985106118707972
run_0088,23,2023-11-16T09:33:21.564775+00:00,node_1,8.654037,OK,major,minor,35.73499312014658,7.985106118707972
run_0088,23,2023-11-16T09:33:21.622511+00:00,node_2,5.472944,OK,major,minor,35.73499312014658,7.985106118707972
run_0088,23,2023-11-16T09:33:21.639235+00:00,node_3,5.197699,OK,major,minor,35.73499312014658,7.985106118707972
run_0088,24,2023-11-16T09:33:42.102255+00:00,node_1,10.459672,OK,major,minor,35.73499312014658,7.985106118707972
run_0088,24,2023-11-16T09:33:42.070083+00:00,node_2,6.902695,OK,major,minor,35.73499312014658,7.985106118707972
run_0088,24,2023-11-16T09:33:41.998263+00:00,node_3,6.519432,OK,major,minor,35.73499312014658,7.985106118707972
run_0088,25,2023-11-16T09:34:02.028256+00:00,node_1,10.594859,OK,major,minor,35.73499312014658,7.985106118707972
run_0088,25,2023-11-16T09:34:02.173746+00:00,node_2,6.67558,OK,major,minor,35.73499312014658,7.985106118707972
run_0088,25,2023-11-16T09:34:02.079334+00:00,node_3,6.178225,OK,major,minor,35.73499312014658,7.985106118707972
run_0088,26,2023-11-16T09:34:21.882288+00:00,node_1,10.856073,OK,major,minor,35.73499312014658,7.985106118707972
run_0088,26,2023-11-16T09:34:22.025393+00:00,node_2,6.879897,OK,major,minor,35.73499312014658,7.985106118707972
run_0088,26,2023-11-16T09:34:21.895525+00:00,node_3,6.318241,OK,major,minor,35.73499312014658,7.985106118707972
run_0088,27,2023-11-16T09:34:41.858302+00:00,node_1,10.737739,OK,major,minor,35.73499312014658,7.985106118707972
run_0088,27,2023-11-16T09:34:41.896948+00:00,node_2,6.864244,OK,major,minor,35.73499312014658,7.985106118707972
run_0088,27,2023-11-16T09:34:42.001113+00:00,node_3,6.193301,OK,major,minor,35.73499312014658,7.985106118707972
run_0088,28,2023-11-16T09:35:01.459894+00:00,node_1,10.987036,OK,major,minor,35.73499312014658,7.985106118707972
run_0088,28,2023-11-16T09:35:01.564015+00:00,node_2,6.911072,OK,major,minor,35.73499312014658,7.985106118707972
run_0088,28,2023-11-16T09:35:01.654431+00:00,node_3,6.117165,OK,major,minor,35.73499312014658,7.985106118707972
run_0088,29,2023-11-16T09:35:21.450061+00:00,node_1,10.712707,OK,major,minor,35.73499312014658,7.985106118707972
run_0088,29,2023-11-16T09:35:21.222496+00:00,node_2,7.098272,OK,major,minor,35.73499312014658,7.985106118707972
run_0088,29,2023-11-16T09:35:21.129691+00:00,node_3,6.494386,OK,major,minor,35.73499312014658,7.985106118707972
run_0088,30,2023-11-16T09:35:41.550361+00:00,node_1,10.912362,OK,major,minor,35.73499312014658,7.985106118707972
run_0088,30,2023-11-16T09:35:41.381829+00:00,node_2,6.871278,OK,major,minor,35.73499312014658,7.985106118707972
run_0088,30,2023-11-16T09:35:41.562862+00:00,node_3,6.320516,OK,major,minor,35.73499312014658,7.985106118707972
run_0088,31,2023-11-16T09:36:01.756863+00:00,node_1,10.807663,OK,normal,normal,0.0,0.0
run_0088,31,2023-11-16T09:36:01.661784+00:00,node_2,10.932556,OK,normal,normal,0.0,0.0
run_0088,31,2023-11-16T09:36:01.825150+00:00,node_3,10.655952,OK,normal,normal,0.0,0.0
run_0088,32,2023-11-16T09:36:22.142440+00:00,node_1,10.563223,OK,normal,normal,0.0,0.0
run_0088,32,2023-11-16T09:36:21.865103+00:00,node_2,10.390143,OK,normal,normal,0.0,0.0
run_0088,32,2023-11-16T09:36:21.852293+00:00,node_3,11.21712,OK,normal,normal,0.0,0.0
run_0088,33,2023-11-16T09:36:42.147577+00:00,node_1,10.80974,OK,normal,normal,0.0,0.0
run_0088,33,2023-11-16T09:36:42.252086+00:00,node_2,10.564905,OK,normal,normal,0.0,0.0
run_0088,33,2023-11-16T09:36:42.406782+00:00,node_3,10.87395,OK,normal,normal,0.0,0.0
run_0088,34,2023-11-16T09:37:02.271375+00:00,node_1,10.935562,OK,normal,normal,0.0,0.0
run_0088,34,2023-11-16T09:37:02.488587+00:00,node_2,10.798492,OK,normal,normal,0.0,0.0
run_0088,34,2023-11-16T09:37:02.518994+00:00,node_3,10.688605,OK,normal,normal,0.0,0.0
run_0088,35,2023-11-16T09:37:22.120853+00:00,node_1,10.549907,OK,normal,normal,0.0,0.0
run_0088,35,2023-11-16T09:37:22.122577+00:00,node_2,10.280226,OK,normal,normal,0.0,0.0
run_0088,35,2023-11-16T09:37:22.028974+00:00,node_3,10.511865,OK,normal,normal,0.0,0.0
run_0089,0,2023-11-16T09:49:40.000915+00:00,node_1,8.783604,OK,normal,normal,0.0,0.0
run_0089,0,2023-11-16T09:49:39.844130+00:00,node_2,8.455689,OK,normal,normal,0.0,0.0
run_0089,0,2023-11-16T09:49:40.077394+00:00,node_3,9.096263,OK,normal,normal,0.0,0.0
run_0089,1,2023-11-16T09:50:00.248418+00:00,node_1,8.866625,OK,normal,normal,0.0,0.0
run_0089,1,2023-11-16T09:50:00.276809+00:00,node_2,8.875417,OK,normal,normal,0.0,0.0
run_0089,1,2023-11-16T09:50:00.311566+00:00,node_3,8.29213,OK,normal,normal,0.0,0.0
run_0089,2,2023-11-16T09:50:20.030670+00:00,node_1,8.790803,OK,normal,normal,0.0,0.0
run_0089,2,2023-11-16T09:50:20.081367+00:00,node_2,8.532501,OK,normal,normal,0.0,0.0
run_0089,2,2023-11-16T09:50:20.113496+00:00,node_3,8.201882,OK,normal,normal,0.0,0.0
run_0089,3,2023-11-16T09:50:39.711194+00:00,node_1,8.622862,OK,normal,normal,0.0,0.0
run_0089,3,2023-11-16T09:50:39.898055+00:00,node_2,8.912069,OK,normal,normal,0.0,0.0
run_0089,3,2023-11-16T09:50:40.059765+00:00,node_3,8.489274,OK,normal,normal,0.0,0.0
run_0089,4,2023-11-16T09:51:00.276718+00:00,node_1,8.715211,OK,normal,normal,0.0,0.0
run_0089,4,2023-11-16T09:51:00.221778+00:00,node_2,8.585443,OK,normal,normal,0.0,0.0
run_0089,4,2023-11-16T09:51:00.205599+00:00,node_3,8.739811,OK,normal,normal,0.0,0.0
run_0089,5,2023-11-16T09:51:20.666765+00:00,node_1,8.652472,OK,major,major,38.007053692509004,25.245143148289074
run_0089,5,2023-11-16T09:51:20.669959+00:00,node_2,5.52568,OK,major,major,38.007053692509004,25.245143148289074
run_0089,5,2023-11-16T09:51:20.574687+00:00,node_3,4.074764,OK,major,major,38.007053692509004,25.245143148289074
run_0089,6,2023-11-16T09:51:40.775052+00:00,node_1,9.043484,OK,major,major,38.007053692509004,25.245143148289074
run_0089,6,2023-11-16T09:51:40.705663+00:00,node_2,5.3576,OK,major,major,38.007053692509004,25.245143148289074
run_0089,6,2023-11-16T09:51:40.756340+00:00,node_3,3.98101,OK,major,major,38.007053692509004,25.245143148289074
run_0089,7,2023-11-16T09:52:00.575683+00:00,node_1,8.495482,OK,major,major,38.007053692509004,25.245143148289074
run_0089,7,2023-11-16T09:52:00.404492+00:00,node_2,5.362,OK,major,major,38.007053692509004,25.245143148289074
run_0089,7,2023-11-16T09:52:00.389591+00:00,node_3,4.032219,OK,major,major,38.007053692509004,25.245143148289074
run_0089,8,2023-11-16T09:52:20.454742+00:00,node_1,8.914542,OK,major,major,38.007053692509004,25.245143148289074
run_0089,8,2023-11-16T09:52:20.686965+00:00,node_2,5.518742,OK,major,major,38.007053692509004,25.245143148289074
run_0089,8,2023-11-16T09:52:20.657150+00:00,node_3,4.027021,OK,major,major,38.007053692509004,25.245143148289074
run_0089,9,2023-11-16T09:52:40.116641+00:00,node_1,8.497404,OK,major,major,38.007053692509004,25.245143148289074
run_0089,9,2023-11-16T09:52:40.107789+00:00,node_2,5.410412,OK,major,major,38.007053692509004,25.245143148289074
run_0089,9,2023-11-16T09:52:40.196934+00:00,node_3,4.011941,OK,major,major,38.007053692509004,25.245143148289074
run_0089,10,2023-11-16T09:53:00.054986+00:00,node_1,8.6729,OK,major,major,38.007053692509004,25.245143148289074
run_0089,10,2023-11-16T09:53:00.057387+00:00,node_2,5.375858,OK,major,major,38.007053692509004,25.245143148289074
run_0089,10,2023-11-16T09:52:59.835424+00:00,node_3,4.116754,OK,major,major,38.007053692509004,25.245143148289074
run_0089,11,2023-11-16T09:53:20.061688+00:00,node_1,8.557654,OK,major,major,38.007053692509004,25.245143148289074
run_0089,11,2023-11-16T09:53:20.009696+00:00,node_2,5.336932,OK,major,major,38.007053692509004,25.245143148289074
run_0089,11,2023-11-16T09:53:20.229481+00:00,node_3,3.952604,OK,major,major,38.007053692509004,25.245143148289074
run_0089,12,2023-11-16T09:53:39.990036+00:00,node_1,11.098023,OK,major,major,38.007053692509004,25.245143148289074
run_0089,12,2023-11-16T09:53:40.058776+00:00,node_2,6.755578,OK,major,major,38.007053692509004,25.245143148289074
run_0089,12,2023-11-16T09:53:39.758691+00:00,node_3,5.212853,OK,major,major,38.007053692509004,25.245143148289074
run_0089,13,2023-11-16T09:53:59.491318+00:00,node_1,10.95305,OK,major,major,38.007053692509004,25.245143148289074
run_0089,13,2023-11-16T09:53:59.380420+00:00,node_2,6.969884,OK,major,major,38.007053692509004,25.245143148289074
run_0089,13,2023-11-16T09:53:59.507917+00:00,node_3,5.000837,OK,major,major,38.007053692509004,25.245143148289074
run_0089,14,2023-11-16T09:54:19.755136+00:00,node_1,11.011324,OK,major,major,38.007053692509004,25.245143148289074
run_0089,14,2023-11-16T09:54:19.470776+00:00,node_2,6.508513,OK,major,major,38.007053692509004,25.245143148289074
run_0089,14,2023-11-16T09:54:19.463197+00:00,node_3,5.250493,OK,major,major,38.007053692509004,25.245143148289074
run_0089,15,2023-11-16T09:54:39.534602+00:00,node_1,11.244597,OK,major,major,38.007053692509004,25.245143148289074
run_0089,15,2023-11-16T09:54:39.581827+00:00,node_2,6.696928,OK,major,major,38.007053692509004,25.245143148289074
run_0089,15,2023-11-16T09:54:39.435967+00:00,node_3,4.91875,OK,major,major,38.007053692509004,25.245143148289074
run_0089,16,2023-11-16T09:54:59.276855+00:00,node_1,11.130506,OK,major,major,38.007053692509004,25.245143148289074
run_0089,16,2023-11-16T09:54:59.086028+00:00,node_2,6.877221,OK,major,major,38.007053692509004,25.245143148289074
run_0089,16,2023-11-16T09:54:59.280104+00:00,node_3,4.985593,OK,major,major,38.007053692509004,25.245143148289074
run_0089,17,2023-11-16T09:55:19.252806+00:00,node_1,10.889783,OK,major,major,38.007053692509004,25.245143148289074
run_0089,17,2023-11-16T09:55:19.054585+00:00,node_2,6.868453,OK,major,major,38.007053692509004,25.245143148289074
run_0089,17,2023-11-16T09:55:19.008762+00:00,node_3,5.18365,OK,major,major,38.007053692509004,25.245143148289074
run_0089,18,2023-11-16T09:55:39.078978+00:00,node_1,10.954658,OK,major,major,38.007053692509004,25.245143148289074
run_0089,18,2023-11-16T09:55:39.156559+00:00,node_2,6.774031,OK,major,major,38.007053692509004,25.245143148289074
run_0089,18,2023-11-16T09:55:39.268124+00:00,node_3,5.233338,OK,major,major,38.007053692509004,25.245143148289074
run_0089,19,2023-11-16T09:55:59.087318+00:00,node_1,11.413166,OK,major,major,38.007053692509004,25.245143148289074
run_0089,19,2023-11-16T09:55:59.098632+00:00,node_2,6.987298,OK,major,major,38.007053692509004,25.245143148289074
run_0089,19,2023-11-16T09:55:59.078936+00:00,node_3,5.058523,OK,major,major,38.007053692509004,25.245143148289074
run_0089,20,2023-11-16T09:56:18.891508+00:00,node_1,10.962183,OK,major,major,38.007053692509004,25.245143148289074
run_0089,20,2023-11-16T09:56:18.715714+00:00,node_2,6.631039,OK,major,major,38.007053692509004,25.245143148289074
run_0089,20,2023-11-16T09:56:18.657523+00:00,node_3,5.068945,OK,major,major,38.007053692509004,25.245143148289074
run_0089,21,2023-11-16T09:56:39.000893+00:00,node_1,11.302201,OK,major,major,38.007053692509004,25.245143148289074
run_0089,21,2023-11-16T09:56:39.265080+00:00,node_2,6.988958,OK,major,major,38.007053692509004,25.245143148289074
run_0089,21,2023-11-16T09:56:39.245707+00:00,node_3,4.772786,OK,major,major,38.007053692509004,25.245143148289074
run_0089,22,2023-11-16T09:56:58.952162+00:00,node_1,10.597739,OK,major,major,38.007053692509004,25.245143148289074
run_0089,22,2023-11-16T09:56:58.959549+00:00,node_2,6.821874,OK,major,major,38.007053692509004,25.245143148289074
run_0089,22,2023-11-16T09:56:58.925885+00:00,node_3,5.122202,OK,major,major,38.007053692509004,25.245143148289074
run_0089,23,2023-11-16T09:57:19.016618+00:00,node_1,10.794851,OK,major,major,38.007053692509004,25.245143148289074
run_0089,23,2023-11-16T09:57:19.121337+00:00,node_2,7.086605,OK,major,major,38.007053692509004,25.245143148289074
run_0089,23,2023-11-16T09:57:19.046410+00:00,node_3,4.97403,OK,major,major,38.007053692509004,25.245143148289074
run_0089,24,2023-11-16T09:57:38.735878+00:00,node_1,11.816997,OK,major,major,38.007053692509004,25.245143148289074
run_0089,24,2023-11-16T09:57:38.620379+00:00,node_2,7.281903,OK,major,major,38.007053692509004,25.245143148289074
run_0089,24,2023-11-16T09:57:38.666158+00:00,node_3,5.333407,OK,major,major,38.007053692509004,25.245143148289074
run_0089,25,2023-11-16T09:57:59.006297+00:00,node_1,11.887891,OK,major,major,38.007053692509004,25.245143148289074
run_0089,25,2023-11-16T09:57:59.037397+00:00,node_2,7.156615,OK,major,major,38.007053692509004,25.245143148289074
run_0089,25,2023-11-16T09:57:58.798159+00:00,node_3,5.413862,OK,major,major,38.007053692509004,25.245143148289074
run_0089,26,2023-11-16T09:58:18.913247+00:00,node_1,11.920866,OK,major,major,38.007053692509004,25.245143148289074
run_0089,26,2023-11-16T09:58:18.975465+00:00,node_2,7.132212,OK,major,major,38.007053692509004,25.245143148289074
run_0089,26,2023-11-16T09:58:18.887881+00:00,node_3,5.634183,OK,major,major,38.007053692509004,25.245143148289074
run_0089,27,2023-11-16T09:58:39.201939+00:00,node_1,11.492639,OK,major,major,38.007053692509004,25.245143148289074
run_0089,27,2023-11-16T09:58:39.155689+00:00,node_2,7.272492,OK,major,major,38.007053692509004,25.245143148289074
run_0089,27,2023-11-16T09:58:39.153062+00:00,node_3,5.651902,OK,major,major,38.007053692509004,25.245143148289074
run_0089,28,2023-11-16T09:58:58.981472+00:00,node_1,11.715729,OK,major,major,38.007053692509004,25.245143148289074
run_0089,28,2023-11-16T09:58:58.824118+00:00,node_2,7.02641,OK,major,major,38.007053692509004,25.245143148289074
run_0089,28,2023-11-16T09:58:58.600862+00:00,node_3,5.257453,OK,major,major,38.007053692509004,25.245143148289074
run_0089,29,2023-11-16T09:59:18.440874+00:00,node_1,11.47371,OK,major,major,38.007053692509004,25.245143148289074
run_0089,29,2023-11-16T09:59:18.411928+00:00,node_2,7.453873,OK,major,major,38.007053692509004,25.245143148289074
run_0089,29,2023-11-16T09:59:18.527530+00:00,node_3,5.584154,OK,major,major,38.007053692509004,25.245143148289074
run_0089,30,2023-11-16T09:59:38.729604+00:00,node_1,11.660417,OK,major,major,38.007053692509004,25.245143148289074
run_0089,30,2023-11-16T09:59:38.789962+00:00,node_2,7.291312,OK,major,major,38.007053692509004,25.245143148289074
run_0089,30,2023-11-16T09:59:38.864763+00:00,node_3,5.464984,OK,major,major,38.007053692509004,25.245143148289074
run_0089,31,2023-11-16T09:59:58.374738+00:00,node_1,11.384837,OK,normal,normal,0.0,0.0
run_0089,31,2023-11-16T09:59:58.632314+00:00,node_2,12.02386,OK,normal,normal,0.0,0.0
run_0089,31,2023-11-16T09:59:58.538874+00:00,node_3,11.177909,OK,normal,normal,0.0,0.0
run_0089,32,2023-11-16T10:00:18.031472+00:00,node_1,12.319191,OK,normal,normal,0.0,0.0
run_0089,32,2023-11-16T10:00:18.144413+00:00,node_2,11.299266,OK,normal,normal,0.0,0.0
run_0089,32,2023-11-16T10:00:18.350590+00:00,node_3,11.841911,OK,normal,normal,0.0,0.0
run_0089,33,2023-11-16T10:00:38.021544+00:00,node_1,11.749994,OK,normal,normal,0.0,0.0
run_0089,33,2023-11-16T10:00:38.046566+00:00,node_2,11.877376,OK,normal,normal,0.0,0.0
run_0089,33,2023-11-16T10:00:38.001594+00:00,node_3,11.309915,OK,normal,normal,0.0,0.0
run_0089,34,2023-11-16T10:00:57.885168+00:00,node_1,11.61126,OK,normal,normal,0.0,0.0
run_0089,34,2023-11-16T10:00:57.602771+00:00,node_2,11.159735,OK,normal,normal,0.0,0.0
run_0089,34,2023-11-16T10:00:57.814063+00:00,node_3,11.260345,OK,normal,normal,0.0,0.0
run_0089,35,2023-11-16T10:01:17.558105+00:00,node_1,11.522924,OK,normal,normal,0.0,0.0
run_0089,35,2023-11-16T10:01:17.353696+00:00,node_2,11.961671,OK,normal,normal,0.0,0.0
run_0089,35,2023-11-16T10:01:17.391381+00:00,node_3,11.573014,OK,normal,normal,0.0,0.0
